protein,n_poses,spearman_rho,kendall_tau,aff_top1_from_dd_rank,dd_top1_to_aff_rank
5S8I_2LY,30,0.3441601779755284,0.24597701149425286,2,3
5SAK_ZRY,30,0.4407119021134594,0.30114942528735633,12,10
5SB2_1K2,30,0.1421579532814238,0.0896551724137931,11,12
5SD5_HWI,30,0.28587319243604004,0.28735632183908044,30,6
5SIS_JSM,30,0.5012235817575084,0.37931034482758624,22,6
6M2B_EZO,30,0.7521690767519467,0.5494252873563219,4,8
6M73_FNR,30,0.018689509516028113,0.004602994992456255,11,3
6T88_MWQ,30,0.10679719723444636,0.023014974962281276,5,7
6TW5_9M2,29,0.8131543355188134,0.6239215593859679,6,4
6TW7_NZB,30,0.6195773081201335,0.439080459770115,7,4
6VS3_R6V,30,0.621357063403782,0.45287356321839084,8,12
6VTA_AKN,30,0.40600667408231367,0.2781609195402299,5,3
6W59_SZD,30,0.6186874304783093,0.44367816091954027,2,19
6WTN_RXT,30,0.7521690767519467,0.5816091954022989,3,8
6X8D_ARA,30,-0.4175750834260289,-0.2827586206896552,23,25
6XAF_GDP,30,0.5140759160353598,0.3737046593418299,2,13
6XBO_5MC,30,0.45272525027808674,0.2827586206896552,11,14
6XCT_478,30,0.5773081201334815,0.44367816091954027,4,9
6XG5_TOP,30,0.525250278086763,0.3977011494252874,18,9
6XHT_V2V,29,0.7137931034482757,0.5418719211822659,6,3
6XM9_V55,30,0.2489432703003337,0.167816091954023,5,6
6XUM_30L,30,-0.2738598442714127,-0.17241379310344826,17,11
6Y7L_QMG,30,0.3730812013348164,0.22298850574712642,9,5
6YDY_K73,30,0.5617352614015573,0.39310344827586213,13,21
6YJA_2BA,30,0.07007786429365963,0.06666666666666667,27,22
6YMS_OZH,30,0.3797552836484983,0.2413793103448276,8,21
6YQV_8K2,30,0.12552861248106334,0.09930821870881373,14,14
6YQW_82I,30,0.1605254856743951,0.12978410723718237,1,1
6YR2_T1C,25,0.7037742091020344,0.5150193417161111,7,6
6YRV_PJ8,9,0.11866111313364182,0.029012942659282972,3,6
6YSP_PAL,30,0.8901001112347052,0.7563218390804598,1,1
6YT6_PKE,30,0.7561735261401556,0.6,1,1
6YYO_Q1K,30,0.6076315534318187,0.4602994992456255,4,15
6Z0R_Q4H,30,0.5159065628476084,0.36551724137931035,1,1
6Z14_Q4Z,30,-0.5095683259221843,-0.38479364818258754,29,28
6Z1C_7EY,30,0.6275862068965516,0.4666666666666667,29,8
6Z2C_Q5E,30,0.40333704115684094,0.25517241379310346,15,9
6Z4N_Q7B,30,0.22224694104560622,0.15402298850574714,10,17
6Z5Z_BDF,30,0.7263626251390434,0.5540229885057472,12,4
6ZAE_ACV,30,-0.11546162402669634,-0.05287356321839081,8,7
6ZC3_JOR,30,0.5768631813125694,0.42528735632183906,1,1
6ZCY_QF8,30,0.8398220244716351,0.6183908045977011,12,11
6ZK5_IMH,30,0.4358660612130842,0.2853856895322878,7,12
6ZPB_3D1,30,0.4442714126807564,0.2827586206896552,12,11
6ZR8_QOZ,30,0.3997775305895439,0.2781609195402299,16,23
6ZT2_QPK,30,0.2877810211666931,0.21222733740400215,25,15
6ZX3_QRZ,30,0.13351135177000462,0.05299553238442822,9,21
6ZXQ_IMO,30,0.11724137931034483,0.08045977011494253,9,25
7A1P_QW2,30,0.09590565435478667,0.029953996565111603,16,16
7A9E_R4W,30,-0.04516129032258065,-0.04827586206896552,7,21
7A9H_TPP,30,0.5773081201334815,0.4344827586206897,1,1
7AA0_R6B,30,0.22580645161290322,0.1632183908045977,2,3
7AFX_R9K,30,0.3882091212458286,0.25517241379310346,2,2
7AKL_RK5,30,-0.09810901001112346,-0.04827586206896552,1,1
7AMC_73B,30,0.2395995550611791,0.15402298850574714,29,4
7AN5_RDH,30,0.07853170189098999,0.07126436781609195,1,1
7AS1_21G,30,0.21008124014605184,0.17070459747713215,27,23
7AVI_S2Q,29,0.40443349753694574,0.29064039408866993,1,1
7B0E_C2E,30,0.1657397107897664,0.11264367816091954,28,3
7B94_ANP,30,0.35261401557285876,0.2413793103448276,17,11
7BA0_T5H,30,0.32061408586424417,0.22094375963790022,15,8
7BCP_GCO,30,0.5706340378197998,0.4344827586206897,1,1
7BHX_TO5,30,0.2676307007786429,0.18160919540229886,1,1
7BJ6_TVK,30,0.4211345939933259,0.3103448275862069,10,4
7BJJ_TVW,30,0.2059216843919061,0.09953943722601598,30,21
7BKA_4JC,30,0.17775305895439378,0.1310344827586207,18,19
7BLA_WCS,30,0.8095661846496106,0.5908045977011495,6,12
7BLG_GAL,30,0.38020022246941043,0.2735632183908046,5,27
7BMI_U4B,30,0.35710312825268004,0.23014974962281276,8,9
7BNH_BEZ,30,0.2832035595105673,0.21379310344827587,26,3
7BTT_F8R,30,0.017130144605116793,0.03908045977011494,18,9
7C0U_FGO,30,-0.2596218020022247,-0.1632183908045977,25,10
7C3U_AZG,30,-0.1710789766407119,-0.08505747126436781,16,29
7C6P_SQH,30,-0.46650349602891633,-0.3718284467934654,23,24
7C8Q_DSG,30,0.6898776418242492,0.5310344827586208,5,5
7CD9_FVR,30,0.36017797552836484,0.2827586206896552,1,1
7CIJ_G0C,25,0.8562636318257405,0.7071067811865474,1,1
7CL8_TES,30,0.6937678267175934,0.48542531525169963,19,5
7CNQ_G8X,30,0.22758620689655173,0.1632183908045977,20,3
7CNS_PMV,30,0.5243604004449388,0.3563218390804598,10,9
7CTM_BDP,30,-0.13103448275862067,-0.08505747126436781,7,11
7CUO_PHB,30,0.4540600667408231,0.3195402298850575,3,3
7D0P_1VU,30,0.48787541713014465,0.3103448275862069,6,17
7D5C_GV6,29,0.5906403940886699,0.4137931034482758,3,12
7D8Q_GZF,30,0.06740823136818688,0.07126436781609195,8,6
7D9L_GSF,30,0.6102335928809789,0.4298850574712643,9,9
7DIN_MPO,30,0.26896551724137935,0.18620689655172415,21,14
7DKT_GLF,30,0.8912874648145526,0.7151138542960942,4,3
7DQL_4CL,30,-0.21856222953263155,-0.1270221402089478,25,29
7DUA_HJ0,30,-0.06829810901001113,-0.029885057471264367,16,11
7E2S_BLA,30,0.43670745272525024,0.31494252873563217,10,6
7E4L_MDN,30,0.6814238042269187,0.4482758620689655,5,7
7EBG_J0L,30,0.4002224694104561,0.2781609195402299,1,1
7ECR_SIN,30,0.44827586206896547,0.33333333333333337,14,9
7ED2_A3P,30,0.4589543937708565,0.3241379310344828,11,12
7ELT_TYM,30,0.6422691879866518,0.4666666666666667,5,2
7EN7_J79,30,0.16307007786429364,0.12643678160919541,8,28
7EPV_FDA,30,0.2738598442714127,0.18160919540229886,14,4
7ES1_UDP,30,0.46212037219988555,0.3406216294417629,8,15
7F51_BA7,30,0.36240266963292544,0.26436781609195403,14,7
7F5D_EUO,30,0.20273729848840386,0.14763640862887104,4,4
7F8T_FAD,30,0.20622914349276972,0.14022988505747128,7,3
7FB7_8NF,30,0.8218934303834268,0.6168013289891382,12,14
7FHA_ADX,30,0.8402669632925472,0.67816091954023,6,3
7FT9_4MB,30,-0.09766407119021134,-0.08045977011494253,28,22
7JG0_GAR,30,-0.3975528364849833,-0.2735632183908046,29,29
7JGW_V9S,30,0.7032258064516129,0.5218390804597701,7,2
7JHQ_VAJ,30,0.6395995550611792,0.4942528735632184,2,3
7JMV_4NC,30,0.44694104560622916,0.3103448275862069,1,1
7JNB_A2G,29,0.3950738916256157,0.2660098522167487,13,9
7JR8_VH7,30,0.6409343715239153,0.48965517241379314,3,2
7JUD_MMA,30,0.3325917686318131,0.2413793103448276,15,8
7JXX_VP7,30,0.2987764182424916,0.21379310344827587,18,2
7JY3_VUD,30,0.44160177975528364,0.31494252873563217,19,3
7K0V_VQP,30,0.3939933259176863,0.2827586206896552,11,19
7K41_VUA,30,-0.01935483870967742,-0.020689655172413793,13,20
7KB1_WBJ,30,0.8545050055617353,0.6551724137931034,4,2
7KC5_BJZ,30,0.7161290322580645,0.5310344827586208,10,5
7KFO_IAC,30,0.3232480533926585,0.2413793103448276,25,4
7KLX_WOV,30,0.7944382647385985,0.5908045977011495,5,5
7KM8_WPD,30,0.453615127919911,0.3195402298850575,10,2
7KP6_WTP,30,0.7144287506662651,0.4741084842229943,13,4
7KQU_YOF,30,0.1332591768631813,0.12183908045977011,23,21
7KRU_ATP,30,0.8850817720804742,0.722670213815632,9,3
7KZ9_XN7,30,0.40111234705228027,0.26436781609195403,8,4
7L00_XCJ,30,0.20756395995550608,0.12643678160919541,19,21
7L03_F9F,30,0.8220244716351501,0.6275862068965518,11,4
7L5F_XNG,30,0.25383759733036704,0.17241379310344826,28,7
7L6D_BMF,30,0.6680756395995551,0.439080459770115,5,4
7L7C_XQ1,30,0.5546162402669632,0.3701149425287356,3,8
7L81_UD4,30,0.7664071190211346,0.5954022988505747,1,1
7LB3_XXS,30,0.6271412680756396,0.4482758620689655,15,6
7LCU_XTA,30,0.15283648498331479,0.08505747126436781,21,16
7LEV_0JO,30,0.8269187986651836,0.67816091954023,2,2
7LJN_GTP,30,0.6292134870396131,0.43728452428334424,17,2
7LMO_NYO,30,0.5270300333704115,0.37471264367816093,14,8
7LOE_Y84,30,0.8972191323692991,0.7563218390804598,5,3
7LOU_IFM,30,-0.22625139043381537,-0.1632183908045977,21,26
7LT0_ONJ,30,0.3388209121245828,0.23218390804597702,6,2
7LZD_YHY,30,0.643159065628476,0.4574712643678161,10,3
7LZQ_YJV,30,0.03136818687430478,0.011494252873563218,22,6
7M3H_YPV,30,0.5781979977753059,0.3977011494252874,1,1
7M41_YQG,30,0.48565072302558404,0.3425287356321839,5,13
7M6K_YRJ,30,0.056729699666295874,0.043678160919540236,29,3
7MAE_XUS,30,0.3908787541713014,0.28735632183908044,8,7
7MEU_MGP,30,0.43492769744160176,0.31494252873563217,8,20
7MFP_Z7P,30,0.6514578878228234,0.4705910525045265,3,2
7MGT_ZD4,30,-0.24983314794215797,-0.15402298850574714,27,30
7MGY_ZD1,17,0.8767628870513795,0.7306322805705786,1,1
7MMH_ZJY,30,0.15951056729699667,0.10804597701149425,7,11
7MOI_HPS,30,0.3441601779755284,0.25057471264367814,18,8
7MRH_ZMJ,30,0.8103237340163617,0.6398163039514194,2,2
7MS7_ZQ1,30,-0.31835372636262516,-0.21379310344827587,16,30
7MSR_DCA,30,0.49365962180200224,0.38390804597701156,2,2
7MWN_WI5,30,0.6244716351501668,0.4574712643678161,3,3
7MWU_ZPM,30,0.016240266963292546,0.03448275862068966,12,18
7MY1_IPE,30,0.5105672969966629,0.3563218390804598,15,7
7MYU_ZR7,30,0.189321468298109,0.14022988505747128,2,23
7MZS_GLA,30,0.22091212458286985,0.15402298850574714,20,14
7N03_ZRP,30,0.8242491657397107,0.6827586206896552,2,13
7N4N_0BK,30,0.04672377379007028,0.032220964947193786,28,15
7N4W_P4V,30,0.4794215795328142,0.3425287356321839,4,5
7N6F_0I1,30,0.025583982202447165,0.029885057471264367,14,18
7N7B_T3F,30,0.5612903225806452,0.39310344827586213,5,2
7N7H_CTP,30,0.18086763070077863,0.08505747126436781,5,4
7NA4_1I9,30,0.26896551724137935,0.17241379310344826,10,19
7NB4_U6Q,30,0.7348164627363738,0.5816091954022989,1,1
7NF0_BYN,30,0.4175750834260289,0.28735632183908044,1,1
7NF3_4LU,30,0.22625139043381537,0.167816091954023,1,1
7NFB_GEN,30,0.18050986797539945,0.17110760919148824,30,2
7NGW_UAW,30,0.418020022246941,0.2827586206896552,2,7
7NLK_UHK,30,0.33793103448275863,0.23218390804597702,3,8
7NLV_UJE,30,0.8264738598442714,0.6091954022988506,5,14
7NML_I7B,30,0.3299221357063403,0.21379310344827587,13,19
7NP6_UK8,30,0.5159065628476084,0.3517241379310345,4,16
7NPL_UKZ,30,0.13281423804226916,0.07126436781609195,18,2
7NR6_UO8,30,0.18622761267756585,0.11047187981895011,10,26
7NR8_UOE,30,0.5759733036707452,0.3977011494252874,8,11
7NSW_HC4,30,0.3913236929922136,0.25057471264367814,18,5
7NTG_F6R,30,0.4994438264738598,0.3471264367816092,1,1
7NU0_DCL,30,0.4447413042545928,0.30520741103880034,6,21
7NUT_GLP,29,0.43054187192118215,0.29556650246305416,22,6
7NXO_UU8,30,0.5692992213570635,0.37471264367816093,4,4
7O0N_CDP,30,0.3503893214682981,0.25517241379310346,27,4
7O1T_5X8,30,0.03136818687430478,0.02528735632183908,7,2
7OCB_V88,30,0.625361512791991,0.4482758620689655,1,1
7ODX_DGP,30,0.5577308120133482,0.36091954022988504,8,21
7ODY_DGI,30,0.40778642936596216,0.28735632183908044,7,8
7OEO_V9Z,30,0.6002892461219506,0.44188751927580044,4,8
7OFF_VCB,30,0.4255839822024471,0.28735632183908044,1,1
7OFK_VCH,30,0.2867630700778643,0.167816091954023,3,4
7OKC_VFE,30,0.5870967741935484,0.4344827586206897,1,1
7OKF_VH5,30,0.41045606229143494,0.28735632183908044,27,14
7OLI_8HG,30,0.3659621802002225,0.25517241379310346,5,2
7OLT_58J,30,0.20622914349276972,0.15862068965517243,1,1
7OMJ_GCP,30,0.17374860956618463,0.14482758620689656,6,8
7OMX_CNA,30,0.3619577308120133,0.22758620689655176,1,1
7OP9_06K,30,0.8055617352614016,0.6137931034482759,3,6
7OPG_06N,30,0.8634998384726797,0.6904492488684383,4,6
7ORW_7WA,30,0.012235817575083427,0.0022988505747126436,8,26
7OSO_0V1,30,0.21334816462736375,0.12643678160919541,5,2
7OU8_1XI,30,0.22204917258328638,0.17951680470579395,20,9
7OZ9_NGK,30,0.1292547274749722,0.08505747126436781,8,7
7OZC_G6S,30,-0.28097886540600664,-0.20919540229885059,22,12
7P1F_KFN,30,0.31345939933259176,0.26436781609195403,1,1
7P1M_4IU,30,0.6832035595105673,0.5218390804597701,19,6
7P2I_MFU,30,0.2992213570634038,0.21839080459770116,1,1
7P2W_4QR,30,0.47497219132369295,0.32873563218390806,9,5
7P4C_5OV,30,0.7854441018540294,0.5767047212065276,16,8
7P4J_5JK,30,0.6155728587319244,0.46206896551724136,1,1
7P4V_DAT,30,0.4967741935483871,0.33333333333333337,14,10
7P5T_5YG,30,0.19733036707452725,0.1310344827586207,14,5
7P85_5ZG,30,0.029143492769744164,0.03908045977011494,28,9
7PA4_C,30,0.6511679644048943,0.47126436781609193,2,6
7PGX_FMN,30,-0.3917686318131257,-0.2827586206896552,27,29
7PIH_7QW,30,0.7437152391546161,0.5310344827586208,12,8
7PJQ_OWH,30,0.36240266963292544,0.24597701149425286,26,14
7PK0_BYC,30,-0.04160177975528365,-0.029885057471264367,5,22
7PL1_SFG,30,0.45850945494994433,0.32873563218390806,23,2
7POM_7VZ,30,0.7218513752364916,0.5230428630984871,2,6
7PRI_7TI,30,0.810901001112347,0.6229885057471265,2,6
7PRM_81I,30,-0.21512791991101224,-0.13563218390804596,17,27
7PT3_3KK,30,0.5523915461624027,0.3977011494252874,1,1
7PUV_84Z,30,0.6053392658509456,0.4206896551724138,11,6
7Q19_DSM,30,0.14927697441601778,0.0896551724137931,26,4
7Q25_8J9,30,0.641707070659965,0.4869997782638491,2,3
7Q27_8KC,30,0.7072302558398219,0.5402298850574713,2,18
7Q2B_M6H,30,0.071412680756396,0.0574712643678161,28,15
7Q5I_I0F,30,0.4709677419354839,0.36091954022988504,3,3
7QE4_NGA,29,0.4266009852216748,0.3004926108374384,12,20
7QF4_RBF,30,-0.022274212059522423,-0.027810880122253363,3,4
7QFM_AY3,30,0.8157953281423804,0.6045977011494253,5,4
7QGP_DJ8,30,-0.02469410456062291,-0.006896551724137931,25,11
7QHG_T3B,29,0.09162561576354677,0.05418719211822659,12,2
7QHL_D5P,30,0.8740823136818686,0.664367816091954,7,4
7QK0_EBL,30,-0.31345939933259176,-0.19540229885057472,26,25
7QPP_VDX,30,0.7988876529477197,0.6275862068965518,2,2
7QSW_CAP,30,0.42335928809788653,0.31494252873563217,3,6
7QTA_URI,30,0.4255839822024471,0.30574712643678165,23,4
7R3D_APR,30,0.4153503893214683,0.3103448275862069,22,2
7R59_I5F,30,-0.028197877531005583,-0.04040239295501304,11,26
7R6J_2I7,30,0.49660696714017555,0.3498276194266754,4,11
7R7R_AWJ,30,0.7601779755283649,0.5862068965517242,12,2
7R9N_F97,30,0.041156840934371525,0.029885057471264367,6,21
7RC3_SAH,30,0.13014460511679646,0.0574712643678161,18,21
7REE_4LY,30,0.5359288097886541,0.3471264367816092,14,5
7RH3_59O,30,-0.2342602892102336,-0.19080459770114944,18,15
7RH8_UTP,30,0.8220244716351501,0.6275862068965518,2,16
7RKW_5TV,30,-0.1292547274749722,-0.0896551724137931,22,23
7RNI_60I,30,0.3432703003337041,0.2597701149425288,18,6
7ROR_69X,30,0.7784204671857619,0.5678160919540229,6,6
7ROU_66I,30,0.43715239154616237,0.2735632183908046,10,2
7RPZ_6IC,30,-0.05139043381535039,-0.04827586206896552,1,1
7RSV_7IQ,30,0.1418392902837044,0.12051381386309791,16,10
7RUI_7QZ,30,0.5515016685205784,0.3701149425287356,6,4
7RWO_7WN,30,0.5893870322376008,0.2577677195775503,7,14
7RWS_4UR,30,0.38020022246941043,0.25517241379310346,10,10
7RZL_NPO,30,0.02736373748609566,0.02528735632183908,5,25
7S45_ACO,30,0.28186874304783094,0.21839080459770116,1,1
7S9H_7PP,30,0.6387096774193549,0.47126436781609193,11,4
7SCW_GSP,30,0.717908787541713,0.5218390804597701,7,3
7SDD_4IP,30,0.6551724137931034,0.45287356321839084,3,19
7SED_8VD,30,0.4589543937708565,0.2781609195402299,12,24
7SFO_98L,30,0.5684093437152391,0.37471264367816093,17,2
7SGV_L30,30,0.13548387096774192,0.10344827586206898,7,23
7SIU_9ID,30,0.5715239154616241,0.40689655172413797,1,1
7SNE_9XR,30,0.6462736373748609,0.4942528735632184,4,8
7SSM_B7L,30,0.06562847608453837,0.0574712643678161,15,8
7SUC_COM,30,0.7067853170189099,0.4988505747126437,4,11
7SZA_DUI,30,0.4402669632925473,0.33333333333333337,7,7
7T0D_FPP,30,0.5270300333704115,0.37471264367816093,2,10
7T0U_E3I,30,0.7939933259176863,0.5954022988505747,2,6
7T1D_E7K,30,0.8100111234705227,0.6183908045977011,1,1
7T2I_E9F,30,0.0896551724137931,0.06666666666666667,9,3
7T3E_SLB,29,0.7965517241379308,0.6354679802955664,2,2
7T3F_EM0,30,0.5280373962503683,0.3617521123632709,28,8
7T9O_GEI,30,0.2901323858202459,0.23935573960772527,6,7
7TB0_UD1,29,0.41034482758620683,0.3004926108374384,2,4
7TBU_S3P,30,0.21245828698553948,0.15402298850574714,3,7
7TE8_P0T,30,-0.038042269187986644,-0.006896551724137931,24,3
7TH4_FFO,30,0.5915461624026696,0.4298850574712643,3,3
7THI_PGA,30,0.5590656284760844,0.40689655172413797,4,9
7TM6_GPJ,30,0.3868743047830923,0.22298850574712642,13,13
7TOM_5AD,30,-0.1350389321468298,-0.08045977011494253,17,24
7TS6_KMI,30,0.679946650939093,0.502886516892092,2,10
7TSF_H4B,30,0.5292547274749722,0.38390804597701156,1,1
7TUO_KL9,30,0.37619577308120133,0.2735632183908046,3,2
7TWC_CXS,30,0.02736373748609566,0.029885057471264367,24,20
7TXK_LW8,30,0.37708565072302563,0.24597701149425286,1,1
7TXP_0FX,30,0.7094549499443825,0.5310344827586208,13,9
7TYP_KUR,30,0.6774193548387096,0.5126436781609195,11,5
7U0U_FK5,30,-0.5332591768631813,-0.37471264367816093,26,12
7U3J_L6U,30,0.4487208008898776,0.3195402298850575,11,4
7UAS_MBU,30,0.8531701890989989,0.6735632183908047,1,1
7UAW_MF6,30,0.21957730812013349,0.15402298850574714,3,22
7UEY_N0R,29,0.06945812807881772,0.03448275862068965,1,1
7UF2_5SP,30,0.7677419354838709,0.5494252873563219,3,11
7UJ4_OQ4,30,0.12480533926585094,0.10344827586206898,14,23
7UJ5_DGL,30,0.2578420467185762,0.1632183908045977,1,1
7UJF_R3V,30,0.645357022003925,0.4820805885844162,6,5
7ULC_56B,30,-0.18086763070077863,-0.13563218390804596,7,19
7UMV_NUU,30,0.2387096774193548,0.18160919540229886,25,16
7UMW_NAD,30,0.44293659621801995,0.296551724137931,19,2
7UP3_NZ0,30,0.6493882091212457,0.48045977011494256,1,1
7UQ3_O2U,30,0.5138533723487645,0.3690910215721776,15,11
7USH_82V,30,0.6777964321597773,0.4272562897937335,6,16
7UTW_NAI,30,0.7032258064516129,0.47126436781609193,9,8
7UXS_OJC,30,0.296551724137931,0.20459770114942533,7,16
7UY4_SMI,30,0.11724137931034483,0.0896551724137931,25,27
7UYB_OK0,30,0.7374860956618465,0.5310344827586208,4,17
7V14_ORU,30,0.6760845383759733,0.4850574712643679,1,1
7V3N_AKG,30,-0.6387807359585324,-0.46950548923053803,16,30
7V3S_5I9,30,0.43270300333704115,0.30574712643678165,27,3
7V43_C4O,30,0.021806854122434088,0.0023041535819316615,23,24
7V8Z_5YH,30,0.8656284760845384,0.6551724137931034,4,6
7VB8_STL,30,0.5150166852057843,0.4206896551724138,16,2
7VBU_6I4,30,-0.0004450378392333487,0.0023041535819316615,23,23
7VC5_9SF,30,0.6382647385984427,0.4482758620689655,5,8
7VJT_7IJ,30,0.7619577308120132,0.5310344827586208,13,3
7VKZ_NOJ,30,0.6800889877641824,0.4850574712643679,6,6
7VQ9_ISY,30,0.5728587319243604,0.40229885057471265,7,2
7VWF_K55,30,0.8620689655172413,0.7057471264367816,14,2
7VYJ_CA0,30,0.4420467185761958,0.32873563218390806,1,1
7W05_GMP,30,0.7365962180200223,0.5724137931034483,1,1
7W06_ITN,30,-0.17597330367074526,-0.14482758620689656,20,12
7W6F_8I6,30,0.539043381535039,0.39310344827586213,1,1
7WCF_ACP,30,-0.16395995550611792,-0.11264367816091954,12,10
7WDT_NGS,30,0.20311457174638486,0.1632183908045977,1,1
7WJB_BGC,30,0.5154616240266964,0.3701149425287356,5,8
7WKL_CAQ,30,0.40111234705228027,0.2735632183908046,23,2
7WL4_JFU,30,0.6978865406006673,0.4850574712643679,9,4
7WN5_JGL,30,0.9025583982202448,0.7195402298850575,3,2
7WPW_F15,30,0.11590656284760845,0.06206896551724138,15,13
7WQQ_5Z6,30,0.14705228031145717,0.10804597701149425,7,17
7WUX_6OI,30,0.061179087875417135,0.06206896551724138,11,5
7WUY_76N,30,0.12080088987764183,0.08505747126436781,3,29
7WY1_D0L,30,0.3993325917686318,0.296551724137931,19,2
7X5N_5M5,30,-0.1114571746384872,-0.07586206896551725,29,11
7X9K_8OG,30,0.6863181312569522,0.5310344827586208,22,6
7XBV_APC,30,0.3575083426028921,0.2689655172413793,1,1
7XEK_9YX,30,0.0002224694104560623,0.0022988505747126436,22,10
7XFA_D9J,30,0.5771498533878205,0.4464905142682567,2,4
7XG5_PLP,30,0.5906562847608453,0.42528735632183906,1,1
7XI7_4RI,30,0.4709677419354839,0.32873563218390806,27,19
7XIJ_EJ3,30,0.6703003337041158,0.5586206896551724,1,1
7XJN_NSD,30,0.39826454802012284,0.2899886845247441,13,14
7XPO_UPG,30,0.7486095661846496,0.5678160919540229,5,2
7XQZ_FPF,30,0.20756395995550608,0.14942528735632182,16,6
7XRL_FWK,29,0.36108374384236447,0.2561576354679802,9,10
7YZU_DO7,30,-0.1670745272525028,-0.09885057471264368,30,23
7Z1Q_NIO,30,0.16160269614055775,0.11316517945888076,25,14
7Z2O_IAJ,30,0.5958393629038485,0.40966655432860677,26,17
7Z7F_IF3,30,-0.08743047830923248,-0.03448275862068966,21,14
7ZCC_OGA,29,0.473399014778325,0.38423645320197036,29,7
7ZDY_6MJ,30,-0.02202447163515017,-0.029885057471264367,4,10
7ZF0_DHR,30,0.5172413793103449,0.3517241379310345,13,8
7ZHP_IQY,30,0.6649610678531702,0.40229885057471265,10,11
7ZL5_IWE,30,0.5332591768631813,0.37931034482758624,11,14
7ZOC_T8E,30,0.6480533926585095,0.4758620689655172,1,1
7ZTL_BCN,30,0.5546162402669632,0.40689655172413797,11,2
7ZU2_DHT,30,0.04627822574957718,0.03307004601312037,4,7
7ZXV_45D,30,0.6703003337041158,0.4942528735632184,1,1
7ZXZ_K9R,30,0.6952169076751946,0.5310344827586208,21,12
7ZYS_KNR,30,0.14304783092324808,0.06666666666666667,5,19
7ZZB_KGX,30,0.33170189098998887,0.2413793103448276,5,8
7ZZW_KKW,30,0.6898776418242492,0.48045977011494256,1,1
8A1H_DLZ,30,0.643159065628476,0.503448275862069,2,2
8A2D_KXY,30,0.2622914349276974,0.17701149425287357,3,10
8AAU_LH0,30,0.2418242491657397,0.167816091954023,24,7
8ACL_LQL,30,0.06607341490545049,0.05287356321839081,2,16
8AEM_LVF,30,0.5375458927467134,0.37284259438895667,8,3
8AEU_M0L,30,0.4509454949944383,0.30114942528735633,4,26
8AIE_M7L,30,0.4825361512791991,0.33333333333333337,21,3
8AIJ_M9I,30,0.43759733036707454,0.3103448275862069,3,2
8AJX_FUM,30,0.5550611790878754,0.3885057471264368,9,5
8AP0_PRP,30,-0.12836484983314794,-0.10344827586206898,19,18
8AQL_PLG,10,0.4545454545454545,0.28888888888888886,7,5
8AUH_L9I,30,0.3908787541713014,0.2597701149425288,4,10
8AY3_OE3,30,0.207119021134594,0.13563218390804596,1,1
8B8H_OJQ,30,0.12237178849780311,0.07825091487175634,30,8
8BN6_R53,30,0.19021134593993325,0.11264367816091954,19,5
8BOM_QU6,30,0.27430478309232476,0.20459770114942533,14,4
8BPL_CP,30,0.4505005561735262,0.3103448275862069,4,4
8BRO_R7E,30,0.45272525027808674,0.32873563218390806,13,4
8BTI_RFO,30,0.6987764182424916,0.4758620689655172,8,6
8C3N_ADP,30,0.29521690767519465,0.19080459770114944,1,1
8C5D_GTB,30,0.6320355951056729,0.47126436781609193,8,3
8C5M_MTA,30,0.6645161290322581,0.42528735632183906,9,9
8C7Y_TXV,30,0.25428253615127916,0.19080459770114944,25,26
8CGC_LMR,30,0.6916573971078976,0.5172413793103449,22,6
8CI0_8EL,29,0.8181371126717258,0.6452454748336757,4,13
8CNH_V6U,30,0.42869855394883205,0.29195402298850576,3,2
8CSD_C5P,30,0.7721913236929923,0.5862068965517242,3,5
8D19_GSH,30,0.13726362625139044,0.0896551724137931,24,10
8D39_QDB,30,0.07408231368186874,0.03448275862068966,18,22
8D5D_5DK,29,0.8377460379227464,0.7074605501772379,1,1
8DHG_T78,30,0.5483870967741935,0.4298850574712643,6,3
8DKO_TFB,30,-0.10479474978630048,-0.04602994992456255,23,2
8DP2_UMA,30,0.23025583982202447,0.14022988505747128,7,12
8DSC_NCA,30,0.6280311457174638,0.45287356321839084,6,4
8DW5_FQ7,30,0.5670745272525028,0.3885057471264368,2,5
8DZT_G4P,30,0.8042269187986651,0.6459770114942529,1,1
8E77_ULP,30,0.6444938820912125,0.4758620689655172,10,6
8EAB_VN2,30,0.611123470522803,0.4114942528735632,7,10
8EAD_UY0,30,0.32235817575083425,0.20919540229885059,17,25
8ERS_WQO,30,0.7802002224694105,0.5678160919540229,7,7
8EX2_Q2Q,30,0.7677419354838709,0.5770114942528736,15,7
8EXL_799,30,0.6710423892897712,0.49252046419281925,4,15
8EYE_X4I,30,0.6040044493882092,0.439080459770115,2,7
8F8E_XJI,29,0.38768472906403934,0.2660098522167487,9,15
8FAV_4Y5,30,0.696106785317019,0.5080459770114942,2,4
8FLN_Y7W,30,0.21067853170189096,0.15862068965517243,1,1
8FLV_ZB9,30,0.3846496106785317,0.25517241379310346,1,1
8FO5_Y4U,30,-0.07541713014460512,-0.0574712643678161,28,22
8FV9_80J,30,0.6235817575083425,0.45287356321839084,14,7
8G0V_YHT,30,0.1891200367693321,0.13808984977368766,16,22
8G43_ZU6,30,0.1292547274749722,0.11264367816091954,16,9
8G6P_API,30,0.3196885428253615,0.22758620689655176,2,15
8GFD_ZHR,29,0.5679802955665022,0.39901477832512305,6,4
8H0M_2EH,30,0.19332591768631813,0.11264367816091954,15,29
8HFN_XGC,30,0.32947719688542826,0.2367816091954023,20,4
8HO0_3ZI,30,0.7263626251390434,0.5448275862068965,3,5
8SLG_G5A,30,0.7481646273637375,0.5310344827586208,11,4
