protein,n_poses,A_native,C_rerank,D_minimize,B_full,oracle_raw,oracle_min,B_full_pb_valid
6YQV_8K2,30,0.544952804378508,0.7256685579519069,0.6127785619618236,0.6139000342075254,0.4975258716891016,0.6111884930199522,True
6T88_MWQ,30,4.794805743614646,1.6257044716060782,4.438764426279008,1.1888875964530878,1.6257044716060782,1.1739890966273916,True
7ZF0_DHR,30,24.655144656569423,7.860596844561312,23.69390217397717,6.137517562278149,5.585315476155471,2.5619243484679104,True
7NU0_DCL,30,1.1811846489859237,0.6616954340933602,0.2594651493939021,0.4849967757624785,0.5815486931461533,0.2521911873955952,True
8BTI_RFO,30,2.408211299561013,3.3261664084448133,2.3978221845388514,2.6758146675981376,1.065437474154788,0.7686194394280347,True
7TM6_GPJ,30,1.5480905858508411,0.2274737589261672,1.6033249349398893,0.7288767145409436,0.2274737589261672,0.4771203611249474,True
7BKA_4JC,30,27.688159047220285,15.554785178496251,27.652959419698643,18.127486796712883,14.71247856160998,15.573517795657688,True
7KZ9_XN7,30,0.9942512276262792,5.787857266176867,0.6413476783659972,5.608552967971814,0.9942512276262792,0.5653079201156261,True
7QTA_URI,30,8.863946812459877,21.95949506382684,11.711677706008295,21.022448723294094,3.677613103311312,4.352145558295153,True
7AFX_R9K,30,2.1882151481287213,2.089663435699634,1.68891746823224,1.7862648010583424,2.089663435699634,1.68891746823224,True
7AKL_RK5,30,0.5146540263537293,0.5146540263537293,0.365611633178964,0.365611633178964,0.5146540263537293,0.365611633178964,True
7THI_PGA,30,1.1650662170022812,2.0459042852598084,1.0043029700023591,1.2791743270128948,1.1650662170022812,1.0043029700023591,True
8FAV_4Y5,30,0.358766308255658,0.6177254428362756,0.3772136457572211,0.6510692662028666,0.3480225401965338,0.3725066515574519,True
7L03_F9F,30,0.8578176816783386,1.0021922547368571,0.8747264723121372,1.2776371041888224,0.8387427566412607,0.4338625342621369,True
6ZPB_3D1,30,8.636937263579028,4.19105357530909,8.754385724056004,4.175468576100172,4.148547623298759,3.987945534635876,True
7QF4_RBF,30,0.2585379447757889,0.2388239914432571,0.4002311170274458,0.4002465952847532,0.2045086070813899,0.1767247022076155,True
8AAU_LH0,30,0.8963797043911935,0.9140111128670398,0.7071007943237885,0.6830773954305241,0.8011423836552958,0.4301983452970224,True
7RC3_SAH,30,0.921823843717526,1.0543391999074774,0.9493140505325208,1.134070818742409,0.7459246175050136,0.709587070604609,False
7L7C_XQ1,30,2.246030821142891,1.9103384428395085,2.105193388130547,0.76910130919764,1.9103384428395085,0.76910130919764,True
7SCW_GSP,30,0.5598522271546302,0.8722618285239817,0.6475480940150316,0.9059089232298686,0.5598522271546302,0.6261173701870919,True
7BNH_BEZ,30,16.697197926598346,3.262911544243201,16.475039175100957,3.303386591733466,3.262911544243201,2.368140953715945,True
7XQZ_FPF,30,3.621945549176575,2.981979430378419,2.580500401007526,2.6782274591975943,2.981979430378419,1.9753389563312929,False
7XBV_APC,30,2.5880529914303563,2.5880529914303563,4.1565977460247545,4.1565977460247545,2.364466310307814,1.8523840687245492,True
7UXS_OJC,30,2.48674789106461,3.5888015881548614,3.0542181963872284,6.176408350721084,2.48674789106461,3.0542181963872284,True
7LEV_0JO,30,1.3655691661790874,0.9307976356713786,1.3707525440949786,0.9788744637154888,0.9307976356713786,0.9788744637154888,True
7XG5_PLP,30,1.4074165281642814,1.4074165281642814,1.1098201551940745,1.1098201551940745,1.4074165281642814,1.1098201551940745,True
7KM8_WPD,30,2.0793882794938883,1.8114508906703333,1.8715837362309329,0.6174173207248358,1.3834300144306493,0.6174173207248358,True
7P5T_5YG,30,25.139243283369424,6.371609074261962,25.259274962037725,10.394905898605796,6.348682023305583,6.184482717217764,True
7D5C_GV6,29,1.0354278311637115,0.9770762749636154,1.258090890352162,1.0465052441956668,0.9485090124897038,1.0451763756079793,True
7F8T_FAD,30,1.1747664517794227,1.3819261815743824,2.2289151310692463,1.2073463757113765,0.9946436690101071,0.9974083825141196,True
6TW5_9M2,29,0.8451157607288244,0.7400125057792459,0.670159726988588,0.6676826878187747,0.6063926115602325,0.6021652045314373,True
8F8E_XJI,29,19.99534550385716,21.578952931103,20.799752995043654,20.754430225724885,10.35309624864915,10.54928598177016,True
7MOI_HPS,30,25.21185444044852,26.157048293355064,25.23575016499411,23.52215923883844,14.805075055503464,15.486309686623214,True
7PJQ_OWH,30,17.955350581762527,4.180827819941883,17.64029874540111,1.0812593860864277,2.424312837279876,1.0812593860864277,True
7NP6_UK8,30,15.182785009046842,14.807993808159836,15.232723245071366,14.312641937309303,13.233562028288624,13.850656456250096,True
7T3E_SLB,29,0.3931574275746839,1.208307234660677,0.3347923229762135,0.3570451151965455,0.3931574275746839,0.3347923229762135,True
7M3H_YPV,30,2.350287170928977,2.350287170928977,2.6501643047334507,2.6501643047334507,2.350287170928977,2.6501643047334507,True
7ROU_66I,30,1.3685811228215845,2.561726062938514,1.349546274465265,1.1853726115467356,1.3685811228215845,1.1853726115467356,True
6XM9_V55,30,7.734673638293286,4.376493065229282,8.162676746186097,3.866058605114751,4.2648943549742135,2.4736525296154124,True
7L5F_XNG,30,3.5803386501838066,2.857880007297562,2.491549845533454,2.2381679837164445,2.495827987195164,1.772202773543579,True
6YSP_PAL,30,1.2685697566551073,1.2685697566551073,1.2294191583325025,1.2294191583325025,1.1848216724997054,1.14582642419129,True
7ED2_A3P,30,6.925680239193516,5.273813016496031,7.781979627604049,5.048142899713312,4.982776610225207,4.962843016263367,True
7OZ9_NGK,30,4.946772304240413,5.270808773753198,4.912900544806284,4.880556018636876,4.946772304240413,4.452432308359816,True
7SZA_DUI,30,5.827278232374012,2.684732797318944,6.15148312202025,2.321793280096228,2.684732797318944,2.321793280096228,True
7JMV_4NC,30,1.987122360463629,1.987122360463629,1.9962198876877268,1.9962198876877268,1.987122360463629,0.3858437095273387,True
8CSD_C5P,30,1.3634647050454811,1.4303255365392145,1.161127841080961,1.1363829780743555,1.27259376846023,1.1331520788532865,True
7C3U_AZG,30,17.922890281171426,6.47996623637388,17.701211897982372,3.76618470060762,4.592565935588436,3.76618470060762,True
7AN5_RDH,30,5.335121714200468,5.335121714200468,5.372744725929197,5.372744725929197,2.5164680684112266,2.575865300437893,True
6XBO_5MC,30,10.904107476438742,6.013332448023688,10.896188216360969,5.713149924556028,4.196801893975069,3.890334724089245,True
7WQQ_5Z6,30,0.8397438286631094,0.7425952105061456,0.7023782306484794,0.3958734346938378,0.541176930060428,0.3958734346938378,True
7WY1_D0L,30,1.1158834919884368,1.82332937232964,0.9769962099367474,0.970422975780704,0.7652992803221093,0.8634663821347783,True
7LZD_YHY,30,2.788757858827549,3.3234046067248566,2.197912586821948,1.036347718906525,2.6347065671858814,1.036347718906525,True
8AUH_L9I,30,5.258049739295845,5.425245016419241,6.151848363112283,5.421924524306173,3.1310658901054467,1.8540477774073376,True
8D19_GSH,30,1.6321078280861214,24.088058647346404,1.888143479982388,23.067993427561053,1.4707457361828389,1.072917648284341,True
7PIH_7QW,30,1.5015253946681464,1.2256277058443696,1.924826433841936,1.4875491112340906,0.8294457142674657,0.9545096295568034,True
7BCP_GCO,30,1.1709533653592508,1.1709533653592508,0.7956805911148791,0.7956805911148791,1.1709533653592508,0.7956805911148791,True
7N03_ZRP,30,1.0420752774769062,1.1884054280541516,1.4444587055858873,2.2676366581909524,0.5828179150839968,0.7454945484614321,True
6YJA_2BA,30,4.677611268221303,7.807542304458496,6.138136383985704,6.986406969299872,3.084113863008304,3.839105050807592,False
7ECR_SIN,30,2.1217691539137804,2.2315477137516013,2.234641308745095,1.4237141202678312,2.1217691539137804,1.4237141202678312,True
7MWN_WI5,30,3.8250721312643248,3.8178570299236574,3.972138592276206,3.511252872551335,3.643813316859825,3.310837048287412,True
7MFP_Z7P,30,1.256989197885169,1.4577596340275034,0.9364334135431094,1.2052983224081912,1.256989197885169,0.9364334135431094,True
6YYO_Q1K,30,7.302383388715596,6.931681141609686,7.186509508685079,6.8632632008166645,0.8045202637204624,0.8237995786533723,True
7R59_I5F,30,0.4287373061588035,0.4126962684590206,0.3511716542792581,0.3512581266511303,0.3716759113487489,0.3510746611367838,True
7O1T_5X8,30,2.5949462553201363,2.588424995397781,1.5232158598176426,1.556776011120418,2.588424995397781,1.4620513447892307,True
7K0V_VQP,30,0.5548029517878396,0.6841319739732238,0.4148484358021609,0.527327053698651,0.3888084441598462,0.3868380495278353,True
7XI7_4RI,30,1.3820277167987625,1.038983035472668,1.244820305907644,0.5622371879376177,1.038983035472668,0.5622371879376177,True
7P4C_5OV,30,1.048649476112014,0.9809302319737132,1.636885775260449,1.6368532005039418,0.9627931310125776,1.4769738341876617,True
7V43_C4O,30,3.75945743043461,10.67513868288136,3.818881386610482,11.130365691880929,1.2833844343181042,0.6468956223765923,True
7WPW_F15,30,1.2266163449290324,0.7121799144796455,1.8554368087263096,1.1406913687862856,0.5646016320744888,1.0236500430265394,True
7MYU_ZR7,30,1.0706104212083876,1.1059842024188244,1.481646109761514,1.41974780164849,1.0284994957981957,1.400503082467155,True
6YT6_PKE,30,2.085323033844846,2.085323033844846,1.9905350424348955,1.9905350424348955,1.4832604655655317,1.6450198775149658,True
7CUO_PHB,30,4.346350160997156,2.18214181940588,4.333740227563252,3.2680891162879893,2.18214181940588,3.2680891162879893,True
7E4L_MDN,30,2.3538293535334205,1.562401717086728,2.899188857824432,1.253740340829082,1.562401717086728,1.253740340829082,True
7RZL_NPO,30,23.528281076377,16.796378228475326,23.69230792371229,16.41119647420626,3.0137169429128545,3.951825261951748,True
5SD5_HWI,30,2.142037396885305,9.101454608316264,1.6842585793366067,11.683576490025468,1.8550277473526575,1.5547025425662842,True
7SIU_9ID,30,1.359676730080566,1.359676730080566,0.3584060532862946,0.3584060532862946,1.3097585543317367,0.3584060532862946,True
7FHA_ADX,30,0.8290340934775531,0.8517079302897903,0.8839656168946012,0.8839234837841934,0.7638619697883178,0.8088824414425585,True
7PGX_FMN,30,0.488117053320139,0.8866165076361389,0.6100436803504188,0.8964226084293201,0.3466878264840833,0.4950327646373686,True
7JG0_GAR,30,10.598012538023866,5.871577557276333,9.694166788160118,7.1958674176378645,5.871577557276333,4.422954631930008,True
7ZL5_IWE,30,0.3655952091542241,2.10037334207206,0.6566978072142472,0.7346025299143215,0.3655952091542241,0.4342954569334608,True
7XPO_UPG,30,18.810032454702053,19.03961523649076,18.52106762779439,19.123803136819657,3.3195659188698485,3.2394879781036043,True
7CIJ_G0C,25,1.2798641148110037,1.2798641148110037,0.9588810207240333,0.9588810207240333,1.2798641148110037,0.9588810207240333,True
6YQW_82I,30,0.3202642843312096,0.3202642843312096,0.5064432625495358,0.5064432625495358,0.2605105686217671,0.5064432625495358,True
7LJN_GTP,30,4.529794943689504,2.6187096391281157,4.075614846559964,2.151138496456586,2.5281258673669718,2.151138496456586,True
8G0V_YHT,30,0.9282243731572,0.923119156405649,0.98114530426279,0.909379608473652,0.5361837744654346,0.5856495883927659,True
7R6J_2I7,30,4.030914927047072,3.855170470821091,3.832843109628973,3.5691255160180217,3.152025690173726,2.44665592471426,True
7N6F_0I1,30,18.63816704808463,9.03566292378748,19.02794144547191,5.330618884368363,2.3623782825788084,1.480375921332666,True
7ZOC_T8E,30,0.9748567053675108,0.9748567053675108,1.1468717423205317,1.1468717423205317,0.9748567053675108,1.1468717423205317,True
7LT0_ONJ,30,1.3657429511143444,5.229943797021149,1.44869396008957,4.983921740029707,1.1619852781626223,1.2446339769854695,True
7P2I_MFU,30,3.170827228290225,3.170827228290225,3.15337722635061,3.15337722635061,1.1593784193121175,1.5043955588541196,True
7ROR_69X,30,1.1428236185618743,1.0189769990394426,0.6279544806069034,0.6247203227959579,0.8963084725695725,0.5299347426132496,True
7Q2B_M6H,30,17.966846425731852,4.460296743304568,17.836511280072866,2.951292939543616,4.460296743304568,2.951292939543616,True
7OFK_VCH,30,1.0026952093518464,0.965135963330704,0.9734609863779852,1.044189244479043,0.7712484322743965,0.3243815583977785,True
7TUO_KL9,30,11.881588609160534,3.6319555123927385,11.979728847905251,1.0734875144437717,3.6319555123927385,1.0734875144437717,True
8CNH_V6U,30,1.1090588202615763,1.4014036322202108,0.2667264336356632,0.26668662733628,1.1090588202615763,0.26668662733628,True
8EX2_Q2Q,30,0.6460227234631686,1.1980417573305582,0.3882720413278854,0.4279465966862977,0.6460227234631686,0.3856376073864804,True
6M73_FNR,30,0.6600676060193599,0.6752500731509199,0.5079921986319942,0.5991988137397272,0.3886671803700104,0.3606127433205338,True
7EBG_J0L,30,2.152977224184488,2.152977224184488,2.272702262411737,2.272702262411737,2.152977224184488,2.272702262411737,True
7A9E_R4W,30,20.55193079676457,21.309996406498996,20.488366332872907,21.54543789544939,17.117919090337274,15.285601516350829,True
7NF0_BYN,30,3.191066285445683,3.191066285445683,0.9774312216074196,0.9774312216074196,2.7185128306245443,0.9582257036779956,True
7XFA_D9J,30,2.4922296389319203,1.4355449422499846,2.566769594589144,1.6468417056337363,1.4355449422499846,1.6468417056337363,True
7CD9_FVR,30,8.1553605220831,8.1553605220831,9.79311754477386,9.79311754477386,3.162053879852604,3.8327037975030023,True
7UAW_MF6,30,17.730437057492807,14.77668241635159,16.320978431095536,14.861759612595389,14.77668241635159,14.861759612595389,True
7N7H_CTP,30,4.71516053549794,5.019026037025991,4.385972179338469,5.548063949703536,4.71516053549794,4.385972179338469,True
7PRI_7TI,30,5.02815570378444,5.151988344998463,5.035796186652116,5.15793102130108,3.329910839722289,2.7939412551089906,False
6Z2C_Q5E,30,5.632947437108815,6.759698998305495,3.887998447392061,3.3284912866041885,3.417535695497561,3.3284912866041885,True
7F5D_EUO,30,6.88676452524627,6.818248308941304,6.685216853198235,6.494221537387423,6.566232910777034,6.247998517963668,True
7VQ9_ISY,30,5.925432405378892,5.741047544469315,5.950262738556772,5.762145335723493,3.2480672219908606,1.68744155242697,True
8D5D_5DK,29,1.5981216010841772,1.5981216010841772,0.8934186464238236,0.8934186464238236,1.5981216010841772,0.8934186464238236,True
7VBU_6I4,30,27.37187874101705,27.81788535644141,27.122703476694685,26.77042702105089,2.4479363550213664,0.7844405623642581,True
7KRU_ATP,30,0.7609559522668347,0.6515624100525962,1.0774833147424543,0.7594752354262823,0.5095187887890223,0.6276453010028593,True
7OZC_G6S,30,32.01652260834435,5.319196541478328,32.22064587847751,4.83934344597746,4.888019255089428,4.81310636530609,False
7PUV_84Z,30,0.8775691470856681,1.3238143922015655,0.7524371482611246,1.2441087780683275,0.7430761507633881,0.6220857071845757,True
7RNI_60I,30,5.070532466822077,7.267342601023098,5.010705848287696,6.985427826923796,5.070532466822077,4.671945300407533,True
7T1D_E7K,30,10.924807742621162,10.924807742621162,11.303217283119515,11.303217283119515,2.89187953694072,2.910861268897009,True
8EXL_799,30,1.6078135470441914,1.4183594790336849,1.6726239885457888,1.7075072360539123,0.8245943628447223,0.3905063010714046,True
7DQL_4CL,30,11.00254495565054,22.55810797175941,11.3302369645711,22.61424554302,11.00254495565054,11.3302369645711,True
7V3N_AKG,30,3.277678024608274,5.181068839534945,3.669928544399745,5.249311832611966,3.032632869141929,3.416088916582823,True
6TW7_NZB,30,0.8259502840511276,9.354386878063297,1.319408919253958,9.59910247047195,0.8259502840511276,1.319408919253958,True
7RSV_7IQ,30,0.5136250782428754,0.456701536564089,0.3289604041522324,0.2942143291887732,0.456701536564089,0.2942143291887732,True
8AQL_PLG,10,1.1446557406050082,1.1021941913746418,1.1516479839777427,1.2163544185392676,0.4554232416115805,0.5203698463593001,True
7OEO_V9Z,30,5.82285038412782,1.587372023286444,5.593559785341308,0.4101621127676226,1.3477388118622986,0.4101621127676226,True
6XHT_V2V,29,36.268830231975805,37.58189562233312,35.65048691849227,37.11254066141255,15.274771592910588,16.043121848749497,True
7UYB_OK0,30,1.320171315984553,1.1288636717313736,1.3058685847531368,0.9826101345150136,0.9948055421911328,0.9302355563633228,True
7KQU_YOF,30,23.44874227646031,14.033681426151666,23.50392038139595,14.979984034728284,2.47302899093399,2.6510996135027214,True
7ZHP_IQY,30,0.8554773246340092,0.9567639724032718,0.5911193825653531,0.5899810674928473,0.8554773246340092,0.5898809544055222,True
7R9N_F97,30,0.5486544893734844,0.6247523057567556,0.7337994986326647,0.7252513517573091,0.5251556405240191,0.6731259526006362,True
8DP2_UMA,30,25.264655842609656,1.5680183723153145,25.178565974649864,1.744949947413848,1.5680183723153145,1.744949947413848,True
8DKO_TFB,30,3.658806903042302,4.525883689264451,3.993734936278321,4.210594589099026,3.0422421530016317,3.535762667904904,True
7KC5_BJZ,30,1.0754956754156837,0.5418723548206893,1.371321598884655,0.9537214679236165,0.4911959973756277,0.6605873348975344,True
7USH_82V,30,0.5238281419584977,0.6183928913538083,0.9287033872762936,1.6636234864341708,0.5238281419584977,0.9282738737115164,True
7NLV_UJE,30,1.2109771308445805,0.6985329974821727,1.0734388680000988,0.4097962780746183,0.5724570871835436,0.2924609807104106,True
7XJN_NSD,30,1.0785220695212716,0.9007284922032088,0.980532691958815,0.39395547125701,0.867498621196471,0.2351692652821223,True
7L00_XCJ,30,5.644297013308606,9.217158959707625,5.751241721544107,10.185787025029498,5.444955881874119,4.478864007511032,True
7LCU_XTA,30,9.002287172385838,10.958507485312088,9.234972011535612,10.4199730112722,9.002287172385838,6.102853724115361,True
7QFM_AY3,30,7.280994776848831,3.3818299006602914,7.204613928830607,2.959365135801934,3.3818299006602914,2.959365135801934,True
7ZZW_KKW,30,1.9047913301407355,1.9047913301407355,2.262645400243127,2.262645400243127,1.7425470383993893,2.1380879759971174,True
7MSR_DCA,30,1.0428034782524072,1.1382611358577852,1.5293706530687992,1.5386638956672074,1.0428034782524072,1.5293706530687992,False
7B94_ANP,30,2.0672211221206926,1.8626571406322707,2.106883153135869,1.7827647399655724,1.404148855150107,0.6885092716127897,True
7MMH_ZJY,30,1.03904990762057,1.1477703751339323,1.337292745378552,1.317210935631559,1.01506353020433,1.2921842238030976,True
7LOE_Y84,30,2.533667469750663,0.5140651302916963,2.628633831306846,0.4503386987994303,0.471044048316657,0.4503386987994303,True
7U0U_FK5,30,7.260795633182503,3.170228739602792,7.572522376467782,4.34350290405611,2.9318283897326096,2.8384440963749165,False
7QGP_DJ8,30,0.4477756963991172,1.1966063653993677,0.2277970794996535,0.2474416733581589,0.4477756963991172,0.2233014426413635,True
8G6P_API,30,37.91801814394596,22.696586510056125,37.56020576094619,23.721229426272284,6.635385779695452,7.269896595233293,True
7OMX_CNA,30,2.054912922508131,2.054912922508131,1.7240547972334397,1.7240547972334397,2.054912922508131,1.7240547972334397,True
7MY1_IPE,30,3.0950620314577586,10.029172659404306,3.157582499657429,10.607595062736888,1.3341092643729426,1.6451538117409308,True
5SB2_1K2,30,0.3888916691487919,0.3964350232593819,0.4851904234421778,0.4933416034216725,0.351618203927688,0.4319709434672658,True
7OPG_06N,30,5.015786382591414,4.969021627517519,4.964128843168653,4.881842533090834,4.916751035035872,4.861615579316472,True
8EYE_X4I,30,8.24121806735123,4.052225706941804,9.347460577271043,3.4920079301950984,3.0665486068019185,2.86442380831405,True
7CL8_TES,30,22.12422150586267,15.066970737170829,22.202702489926548,18.58236181275136,12.959061516725882,14.136410367995865,True
7UTW_NAI,30,1.0062510505923372,1.3466358505043727,1.5062524747622068,1.404481166982701,0.9143018702813638,1.2324076173195584,True
8AY3_OE3,30,0.8680936085469123,0.8680936085469123,0.6266174089506288,0.6266174089506288,0.8680936085469123,0.6266174089506288,True
6WTN_RXT,30,0.4645392818135254,0.5050844436501594,0.6763972806748617,0.6762483165614341,0.4645392818135254,0.4868855324808187,True
7KB1_WBJ,30,0.4638089237253552,1.058943407793396,0.3839989145344505,1.1349566589642406,0.4638089237253552,0.3839989145344505,True
7JXX_VP7,30,0.392856908301229,0.4393481084516022,0.5851259327700324,0.5857997890064487,0.3649396377484921,0.5758313510047877,True
7UY4_SMI,30,27.013970118710493,4.860124203016832,26.54791902325711,7.826989233575066,3.3809606558885994,3.80590618748238,True
7N4W_P4V,30,1.5897249303671277,1.589774865894781,1.7247213250930624,0.9740982241974446,1.4942206091625674,0.9740367340253494,True
7MGT_ZD4,30,12.64873801538263,11.21610628726132,11.653726763664183,9.88174268373246,9.001235832075663,8.744164360425922,True
8FO5_Y4U,30,33.96560421977954,8.782605913930771,34.65203763449348,11.806622423528443,7.738022489400673,2.007075616999256,True
7CNQ_G8X,30,21.22564100317245,3.781686199156256,20.923926601036325,2.995645310928664,3.781686199156256,2.003047944453096,True
7CNS_PMV,30,6.17874281751555,6.29729046092728,5.433001141174185,5.701417957591151,5.857335788259759,2.383387528138409,True
7WL4_JFU,30,0.3428600580583346,0.3739348586711487,1.2589136014367122,0.9976031575731906,0.3428600580583346,0.5630089423070002,True
7F51_BA7,30,1.0460220022021092,1.2635812909598003,0.9654297298000608,0.8511933749688781,0.9711213186077966,0.8488456570811062,True
7SUC_COM,30,14.589298970331448,14.3314860197997,14.904718760896785,14.824855089245991,3.159137985952136,3.3401399275650547,True
7BMI_U4B,30,2.180658900071613,1.7397963512567076,2.254610204243057,1.1829539535222182,1.7397963512567076,1.1829539535222182,True
7OSO_0V1,30,2.788790878038109,12.245385600006934,3.211145892045393,12.24114394765223,2.788790878038109,3.211145892045393,True
7POM_7VZ,30,0.905747052287378,1.0276474643130755,0.8308827676852875,0.7941367208256003,0.905747052287378,0.7293912829451439,True
7OP9_06K,30,3.49266869482609,3.5758431890572706,3.4305672405329983,3.563724440040988,3.092771072414451,3.0632650971560627,True
7ZDY_6MJ,30,4.941936663440209,3.11615849914894,4.598208754207743,2.5695515045520003,1.1643020328232545,1.4104441972784194,True
7QE4_NGA,29,65.70750852712851,25.27159501406009,66.41369224408975,26.21515227170475,2.284483542510209,1.7966352651553965,True
8AP0_PRP,30,5.894186611476522,2.936969307574794,6.082004501246429,2.3006683869732685,2.936969307574794,2.3006683869732685,True
6VTA_AKN,30,7.097350388490059,7.800818872656896,7.528688768404495,7.94364039294957,4.8088308854387884,5.888002059060441,True
7O0N_CDP,30,2.113467889890926,6.231272610117454,2.111435846906081,7.675062572331251,2.113467889890926,2.111435846906081,True
7NUT_GLP,29,6.403982457278049,5.262255347163419,6.205268229647692,5.345768154402602,3.6387697082942743,2.604895926184,False
7PK0_BYC,30,12.475991768363976,7.918964080926242,12.367903232106483,7.389782350808543,7.918964080926242,7.389782350808543,True
7PT3_3KK,30,2.3482467496064032,2.3482467496064032,2.3546424986176344,2.3546424986176344,2.3247942907404218,2.152339784806121,True
7RWS_4UR,30,3.1979164154875037,9.791166837875409,2.871496355560981,10.432087603596468,3.1979164154875037,2.871496355560981,True
6ZK5_IMH,30,1.2475799124283533,1.6919294362852195,1.2992720488189164,2.66407319709382,1.241746543339154,1.1448549832321904,True
7QHG_T3B,29,2.337899632555847,5.018617847954706,2.58493499839984,5.8168988990411945,2.337899632555847,2.58493499839984,True
7Q27_8KC,30,9.799908106566248,2.005710246129428,9.899556932928146,1.756383872457434,2.005710246129428,1.682538305995693,True
7TOM_5AD,30,10.725260714961149,13.304790969567648,11.75717764450484,16.285639726867757,6.647068050568527,8.370772408372943,True
7JY3_VUD,30,35.50477045972002,32.7255468945842,35.85482501162772,32.86951369970075,17.738300148767856,15.523936268538003,True
7Z1Q_NIO,30,1.411054040228242,2.30925102624687,1.5769287685596671,1.7661346661251205,0.9606213839663016,1.130027684026664,True
7NSW_HC4,30,17.949913360631204,15.547092161317495,16.7599105327266,15.083694141246257,14.997342967672642,14.845180835122894,True
7ODY_DGI,30,1.384985167991179,1.5002490032830722,1.4641999925379556,0.7903665523268539,0.8606682018662611,0.7903665523268539,True
7UJF_R3V,30,1.9243682372404711,4.422178877226418,2.115396286233976,4.32898936220973,1.663438684904707,2.0125415466208394,True
7X9K_8OG,30,0.9598850653854346,1.5242773637585345,1.0324826824617124,0.916422810897532,0.8690630179490244,0.5898419477566287,True
7WUY_76N,30,37.44545552691719,3.356908998915519,39.781410371353104,2.304146962977838,2.853587334157947,2.304146962977838,True
7A9H_TPP,30,2.69379811161747,2.69379811161747,1.987972731684989,1.987972731684989,2.4963791651417546,1.987972731684989,True
7ZU2_DHT,30,0.4256610561960122,0.4334853866927817,0.6127179122565289,0.6126055784613003,0.3866705180432165,0.6126055784613003,True
8HFN_XGC,30,14.39974606452894,5.260210209004643,11.76984640638951,2.33709850116906,5.260210209004643,2.33709850116906,True
7R3D_APR,30,10.424182294376326,14.182866792581502,10.545934398580652,14.2200469035697,6.200814094894673,3.625323676430683,True
7LOU_IFM,30,21.17909333522094,13.831364356707548,21.540612151816852,12.629396778785596,5.958785718248308,8.02912399798384,True
7A1P_QW2,30,1.3327111337997617,1.0437995014516774,1.3572198957370962,1.0982913975107669,0.4905848150618105,0.6191448302047194,True
7Z7F_IF3,30,18.86475560494452,4.033939711905188,17.909555838514176,3.594455383941058,1.477114061994827,0.8786583607978699,True
7ELT_TYM,30,6.868118949390217,2.770341177934978,6.3356266263818695,2.21920806504166,2.770341177934978,2.21920806504166,True
7VC5_9SF,30,1.5120909657280424,1.04600874952885,1.6930913972805648,1.1325364411154928,0.8884944789310224,1.1325364411154928,True
8BOM_QU6,30,1.7800097463617597,1.0399530420717482,1.8686655611501413,1.2323970815331504,0.6460028449738333,0.8404833141880761,True
7N4N_0BK,30,0.918748680951434,0.9515555801883044,1.381442574245307,1.2869704073423756,0.7964562401664013,1.283758184491924,True
7U3J_L6U,30,18.334444259242307,8.34962685660106,18.641605577959496,9.290736522203176,7.883077433437968,8.221457060387136,True
7TYP_KUR,30,4.146676478950472,2.912697575342384,4.175902804379146,1.4713256454180577,2.912697575342384,1.46783192314195,True
7PRM_81I,30,1.652426278423641,2.2473237855002126,1.8309918603894728,2.370696180845409,1.3443938719038055,1.5337651478469585,False
7SDD_4IP,30,5.5466243765271965,2.59749529602214,5.8727356865981,2.1916830233863656,2.346058388933599,1.6186069134774952,True
7Q5I_I0F,30,0.805828458907468,0.9335097265854436,0.88786627788615,0.8519414514311802,0.805828458907468,0.8519414514311802,True
7NPL_UKZ,30,24.697385338825736,19.14615085289604,25.4560764411448,19.550151646186507,19.14615085289604,19.550151646186507,True
7OFF_VCB,30,2.448941631263051,2.448941631263051,2.4342311739331888,2.4342311739331888,2.448941631263051,2.4342311739331888,True
7VWF_K55,30,0.887459579275859,1.2943490859747366,1.4382485968578722,0.910649300491056,0.7960212491453406,0.4936200044445919,True
7OLI_8HG,30,1.1648838049350674,3.152483333421446,0.7718878898518875,2.5293820810624865,1.1648838049350674,0.4634312716034596,True
8C3N_ADP,30,1.5666210797150053,1.5666210797150053,1.692135154395399,1.692135154395399,1.5666210797150053,1.4334827144380196,True
6Z14_Q4Z,30,1.613280132042927,1.7511415032613566,1.6508308167572945,1.4532136667094453,1.515218979957096,1.3362052882032094,True
6ZAE_ACV,30,3.121706121258054,9.642481214332232,3.7948831471359785,9.326245487444735,2.299139485129888,2.4620338583340677,True
6Z4N_Q7B,30,14.380458595625525,2.085878440369908,13.550749876132318,0.8236701469641835,2.085878440369908,0.8236701469641835,True
7TH4_FFO,30,15.643962793584585,15.61088328628272,15.54873065485903,15.42217024356399,4.476869538856496,3.875453867271928,True
7TBU_S3P,30,9.093736226381322,24.62555987616069,9.137388685300088,26.69491333169814,5.344721166253671,5.235692384190939,True
7V3S_5I9,30,1.0023336735627986,3.9633171352715193,0.8555304082694455,2.3804832207370263,0.5715027478407024,0.5045836611035198,True
6ZC3_JOR,30,4.061199761400564,4.061199761400564,4.0454268737262655,4.0454268737262655,3.4487647896988665,3.330836513950612,True
7NF3_4LU,30,3.552164931105787,3.552164931105787,1.734794102175945,1.734794102175945,3.0348433310286205,1.734794102175945,True
7TXK_LW8,30,4.38874724927285,4.38874724927285,1.852875127111015,1.852875127111015,0.9826969278470342,0.3204244071019986,True
8AEM_LVF,30,15.315377617484785,14.59528640138526,15.434436547015444,15.354272620349036,13.362463060321684,15.00526558896525,True
7TSF_H4B,30,6.499077804083392,6.499077804083392,6.80092687843961,6.80092687843961,5.256962578893095,5.276480079560615,True
8AIE_M7L,30,5.686302968078873,4.131759211385577,5.510172748968789,2.2612786101249656,2.787710074049402,2.184656520112387,True
7FT9_4MB,30,43.79977718540847,24.718947619762687,44.11688638267826,22.3369520983408,7.137182179063588,6.08340918094921,True
7P1F_KFN,30,5.0453096006559,5.0453096006559,5.408161674510763,5.408161674510763,4.194332669420096,3.292068763040686,True
7R7R_AWJ,30,0.5752830736676372,0.695388597051383,0.5658433807292893,0.4558333849648184,0.4979294473572077,0.4558333849648184,True
7NFB_GEN,30,15.405005431352498,5.65854847624371,13.401470774732154,7.038739165432968,5.65854847624371,7.038739165432968,True
7ZXV_45D,30,1.2107203685055792,1.2107203685055792,0.969627617279168,0.969627617279168,1.2107203685055792,0.969627617279168,True
7DKT_GLF,30,0.9065769534352816,0.974028305971307,0.9565806700604692,0.956556387517224,0.9065769534352816,0.9560892736385392,True
7WDT_NGS,30,2.212370971676267,2.212370971676267,1.695672545504865,1.695672545504865,2.212370971676267,1.695672545504865,True
7C0U_FGO,30,6.4628857054796365,3.724866380122573,6.203405763115973,3.766514385204641,3.534090325275983,3.766514385204641,True
7VYJ_CA0,30,4.410130852454293,4.410130852454293,5.197822365923281,5.197822365923281,4.410130852454293,4.619031117353175,True
7V14_ORU,30,1.4556469999870945,1.4556469999870945,1.3954993578337058,1.3954993578337058,1.4556469999870945,1.3954993578337058,True
7MWU_ZPM,30,3.656458687231208,3.980670296929544,5.619476447016343,1.556537851405209,3.3614494275960367,1.556537851405209,True
7BJJ_TVW,30,0.5089918722337321,2.6736443862264103,0.5445496699108359,3.007972513172286,0.4422452667920822,0.5443689713787886,True
7RKW_5TV,30,11.053663419572716,10.135397713459495,10.806849312042802,10.116275882912644,2.1940243066110274,0.7073191062031334,True
7TE8_P0T,30,3.6489103757744976,6.070265872015535,2.7487972975546007,0.8471120938607932,3.1576358137337373,0.8471120938607932,True
7RH3_59O,30,4.375589496049781,4.43222633171956,4.919384718969975,6.47090160583152,3.602541354908161,3.389179610171169,True
7UQ3_O2U,30,1.8086437031654423,1.8806178031877352,1.8443901498869488,1.9171361862597736,0.8725747613624084,0.907976890307974,True
7W05_GMP,30,1.0574854467083696,1.0574854467083696,0.9709726659386452,0.9709726659386452,1.0574854467083696,0.9514222884713184,True
8C5M_MTA,30,0.8246190553825453,0.7385747409707433,1.2070348839200966,0.8790379619220094,0.7385747409707433,0.8789205100576509,True
7P1M_4IU,30,2.375815527876691,2.8379496689952064,2.5129940626173397,0.8810387009093301,1.7037407812174166,0.8810387009093301,True
7FB7_8NF,30,14.035658322168812,14.527099478637234,14.076493563857916,14.108332228430749,3.3799048755516434,3.5481684571057226,True
8HO0_3ZI,30,8.446081222458355,10.896266323232842,7.680997087499891,12.063004050307176,5.967102759753225,5.905778683589951,True
7TS6_KMI,30,22.080588288744902,7.689472823435487,21.55251654700266,9.156846477331143,7.689472823435487,9.156846477331143,True
7WJB_BGC,30,1.215107590572401,19.172491542572136,2.028003752667468,18.439467312850084,1.215107590572401,1.68093854240223,True
6ZCY_QF8,30,0.6487696226961718,2.9979276543821216,0.6138482425229258,3.089435897219799,0.6095549732834155,0.6028529410103665,True
6Z0R_Q4H,30,18.94570550752275,18.94570550752275,18.92016574445842,18.92016574445842,18.20571362436041,16.795725815450126,True
8SLG_G5A,30,2.520151392645261,0.9307949300742084,2.2725493182930205,0.3186379293179014,0.7537475311672616,0.3186379293179014,True
7CTM_BDP,30,7.4414477985961,2.27793718982092,6.884518128101185,1.626871941204017,2.27793718982092,1.626871941204017,True
6YR2_T1C,25,10.3803825390562,10.722586047307091,10.32586226803037,10.319226514041413,1.7541542336625335,2.439781344369478,True
5SIS_JSM,30,1.1396945365151592,2.9142364258283853,1.1268933818522953,1.326818905903328,1.1396945365151592,1.0645282693522045,True
6YRV_PJ8,9,5.1781074855360725,7.058092350670133,5.875347117304945,7.434757485502489,5.1781074855360725,5.875347117304945,True
8A1H_DLZ,30,1.0628096520646295,1.6906178335538864,1.2129297875661305,1.5443035665477731,1.0628096520646295,1.2129297875661305,True
7XRL_FWK,29,32.74980468009253,15.1331580744682,32.6485188860238,13.868228156150757,5.1755983993717045,4.500869759630676,True
6M2B_EZO,30,9.098852580627955,3.281927857464268,9.081979820237436,3.217167813341418,2.622403250150519,2.581651799759216,True
7W06_ITN,30,3.607536229432307,3.462937100368864,4.005834852090413,3.4470073804839925,2.0328003990117245,1.507265111238085,True
7UAS_MBU,30,1.1261267681748803,1.1261267681748803,1.0696108051529776,1.0696108051529776,1.1107908227924828,1.068948058139403,True
6XCT_478,30,1.4386325140811425,1.2229180926900098,1.6655474134006856,0.8969703863562049,1.0873975369792648,0.8038806160476459,True
7WCF_ACP,30,1.6680835344016602,1.8863497432530816,1.4493436780476787,1.4285166519290946,0.9034341199181368,1.0900751295504894,True
7NGW_UAW,30,0.8504942926114822,1.1445637347658608,0.9594763801770456,0.8870741603058634,0.8504942926114822,0.8870741603058634,True
8DSC_NCA,30,3.5464742455633944,0.3466077834607227,3.6828886778361,0.2450599903878415,0.3466077834607227,0.2335582249556722,True
8B8H_OJQ,30,37.96839034794721,0.6927184260053091,37.94060931207304,2.0565640048170373,0.6927184260053091,0.9752573557784634,True
7UJ5_DGL,30,1.6533670527139466,1.6533670527139466,1.8735079572822744,1.8735079572822744,1.6533670527139466,1.8735079572822744,True
7PL1_SFG,30,0.9499009776852568,1.2482316999125869,1.4597309144471085,1.6788616373624738,0.8211046317591302,1.3908664275404952,True
7T0D_FPP,30,2.428329493104948,1.6749543180337787,1.7554361038167503,1.681628710506573,1.6749543180337787,1.1458690962903804,True
7QPP_VDX,30,0.2990273655258563,0.3870729659896189,0.7967480530255475,0.8120617622241959,0.294279609668537,0.7349347721623554,True
7TB0_UD1,29,1.3911948553818858,1.2346524531219307,1.5278048400338218,1.54593937238073,1.2346524531219307,1.4735618918901134,True
7C8Q_DSG,30,3.909451901766055,3.7919073267215326,4.109691656181628,3.970840762217605,2.3959174002642256,2.7582368110000184,True
8EAB_VN2,30,7.822633064658326,1.986995899824247,8.238900718864508,0.7466265379310175,1.889797754971118,0.7466265379310175,True
7ZTL_BCN,30,15.751344806108117,18.805394413015936,16.085239727520946,17.537805038129903,6.114868465618715,5.798008999804862,True
7SFO_98L,30,1.4806211261494278,4.095882346112984,1.37012545761328,4.707908255605667,1.4806211261494278,1.37012545761328,True
6YMS_OZH,30,2.23288131493177,8.010661703059064,2.612067357204141,7.902538565748532,2.138930615985475,1.4733999244701257,True
8DHG_T78,30,1.7792089852355335,1.990823172961376,1.9628809025074785,1.6295260068060102,1.4571340628586158,1.2332684741890434,True
7DUA_HJ0,30,0.6618252304439394,0.9132875162791312,0.5105386337210331,0.5178996482448834,0.6618252304439394,0.4991371877288981,True
5SAK_ZRY,30,3.994790022085711,7.086180795746042,4.706584390333751,6.648262350669785,3.883738296052171,4.001810028113667,True
7UMW_NAD,30,0.9316138508231048,2.028166474362317,1.0348864148257568,1.9748131459365057,0.9316138508231048,1.0348864148257568,True
7JHQ_VAJ,30,6.15414899460338,5.70496438648929,5.69421862042741,5.493582916508637,2.397105155645499,2.2961051235371053,True
7VKZ_NOJ,30,1.099585383430748,2.787972962403135,1.5999956366417774,2.746523789513507,1.0626365469477748,1.5999956366417774,True
7UJ4_OQ4,30,1.9547333347543856,1.8713785471119704,2.3235688279415823,1.7003162361615396,1.3154150706837051,1.1693321999601471,True
7Z2O_IAJ,30,3.025617805388796,1.4572929985323575,3.014980523272793,0.3681711034676286,1.2857079042301949,0.3681208167358722,True
7NXO_UU8,30,26.752810931970583,9.199576154542951,26.966790374038823,9.481400575709202,7.887943494719162,9.371706661275738,True
6Z1C_7EY,30,0.4749280653664588,4.969865127216963,0.7320771096991457,5.325671389855675,0.4749280653664588,0.6307296089018294,True
7MGY_ZD1,17,1.1592605763645385,1.1592605763645385,1.2704313770971851,1.2704313770971851,1.1592605763645385,1.2704313770971851,True
7WKL_CAQ,30,27.22047439947548,6.329429273836624,27.603336807802783,2.72669964975976,5.722420086816416,2.72669964975976,True
7WUX_6OI,30,30.009102180024925,7.140092451494053,28.855383059695544,6.878725178574365,6.681015611020969,6.3738577207767895,True
8D39_QDB,30,25.911998431274128,16.718297275000648,27.90456088531681,16.23501677322998,10.43304951897067,11.212116857116994,True
8GFD_ZHR,29,16.833721562102202,13.76894657812114,17.082400815324075,11.2747959526991,4.188958184276299,4.269942223442661,True
7ZCC_OGA,29,2.248898850771194,10.677706683178744,2.761278210539459,10.120264862591297,2.248898850771194,2.761278210539459,True
8FLV_ZB9,30,2.5979394000258926,2.5979394000258926,2.376292446300502,2.376292446300502,1.9453474285037635,1.5564859297967244,True
7X5N_5M5,30,1.326366691756093,3.007609599942565,0.6553410191139658,0.3097397746496246,1.326366691756093,0.3097397746496246,True
7YZU_DO7,30,1.429975537378175,4.717143620415325,1.4131049266597302,4.530560153902053,1.3748886266258078,1.4117019143572769,True
7LMO_NYO,30,11.077512497983154,10.247084628111338,11.232204968785547,12.255437668709414,10.247084628111338,10.411160924297617,True
7M6K_YRJ,30,14.8690750981235,9.714373975774874,15.316162162466474,10.57771950353452,4.686268910402609,4.754802952836535,True
7BTT_F8R,30,1.0267678362219963,1.2759651960378855,1.1006962725929437,1.5627110543059457,1.0267678362219963,0.9546750293948196,True
7ES1_UDP,30,0.4469102889842655,0.6339063870951294,0.78375922527266,0.7844579550237223,0.3787427396003783,0.584346778206229,True
7VB8_STL,30,8.66877159480749,5.320539376903104,9.373053265423737,6.915158955682287,5.320539376903104,6.915158955682287,True
6XG5_TOP,30,0.8449789157696409,1.6728724717283945,0.5179810407451501,3.895960368491592,0.7216946218054126,0.2752729476615628,True
7QHL_D5P,30,1.1716292884981436,1.3086876109293617,1.2451152488826085,1.5482540258842112,1.1716292884981436,1.2451152488826085,True
8A2D_KXY,30,15.893261216545426,11.842970542038508,15.06133136796725,13.129412431496185,7.863996205025347,7.492573080534007,True
7NR8_UOE,30,0.7692610900511386,0.7628055248008278,0.8720965179764602,0.7090151600009061,0.7628055248008278,0.7090151600009061,True
7Q25_8J9,30,1.3243544780897472,1.1519392884359958,1.5212871960045142,0.8306606877551266,1.1519392884359958,0.8306606877551266,True
7ULC_56B,30,23.84003569794078,15.942305056871913,23.585217348932016,15.712499192680964,4.918247631509468,6.268656261862978,True
7N7B_T3F,30,1.5870827765791824,1.9290686966957469,2.055054294103756,2.436292478453978,1.5870827765791824,2.055054294103756,True
7EPV_FDA,30,0.7949878410129873,1.2348053794401528,1.2542800113182275,1.2897510610323075,0.7949878410129873,0.9837435450628536,True
