base_protein,ligand_name,meeko,mgl_tools
Orai1WT-MDSnap-Fr300_cleaned,007_ideal,-7.183,-7.154
Orai1WT-MDSnap-Fr300_cleaned,010_ideal,-5.488,-5.707
Orai1WT-MDSnap-Fr300_cleaned,08D_ideal,-7.512,-7.045
Orai1WT-MDSnap-Fr300_cleaned,0A9_ideal,-6.507,-6.12
Orai1WT-MDSnap-Fr300_cleaned,13X_ideal,-5.683,-5.637
Orai1WT-MDSnap-Fr300_cleaned,144_ideal,-4.144,-4.096
Orai1WT-MDSnap-Fr300_cleaned,150_ideal,-6.161,-6.145
Orai1WT-MDSnap-Fr300_cleaned,152_ideal,-4.872,-5.41
Orai1WT-MDSnap-Fr300_cleaned,171_ideal,-6.427,-6.369
Orai1WT-MDSnap-Fr300_cleaned,173_ideal,-6.445,-6.391
Orai1WT-MDSnap-Fr300_cleaned,174_ideal,-6.172,-6.167
Orai1WT-MDSnap-Fr300_cleaned,178_ideal,-8.288,-8.302
Orai1WT-MDSnap-Fr300_cleaned,1AL_ideal,-6.19,-6.559
Orai1WT-MDSnap-Fr300_cleaned,1BN_ideal,-6.404,-6.211
Orai1WT-MDSnap-Fr300_cleaned,1CM_ideal,-7.839,-6.951
Orai1WT-MDSnap-Fr300_cleaned,1CY_ideal,-7.346,-7.531
Orai1WT-MDSnap-Fr300_cleaned,1K5_ideal,-7.419,-7.364
Orai1WT-MDSnap-Fr300_cleaned,1OH_ideal,-7.489,-7.751
Orai1WT-MDSnap-Fr300_cleaned,1PC_ideal,-7.667,-7.587
Orai1WT-MDSnap-Fr300_cleaned,1WE_ideal,-6.075,-6.075
Orai1WT-MDSnap-Fr300_cleaned,201_ideal,-9.353,-9.367
Orai1WT-MDSnap-Fr300_cleaned,205_ideal,-8.044,-8.315
Orai1WT-MDSnap-Fr300_cleaned,210_ideal,-5.659,-5.67
Orai1WT-MDSnap-Fr300_cleaned,21B_ideal,-6.829,-6.88
Orai1WT-MDSnap-Fr300_cleaned,221_ideal,-7.844,-7.901
Orai1WT-MDSnap-Fr300_cleaned,22F_ideal,-7.59,-7.593
Orai1WT-MDSnap-Fr300_cleaned,231_ideal,-6.444,-6.444
Orai1WT-MDSnap-Fr300_cleaned,23F_ideal,-6.579,-6.542
Orai1WT-MDSnap-Fr300_cleaned,251_ideal,-8.876,-8.889
Orai1WT-MDSnap-Fr300_cleaned,256_ideal,-7.077,-6.534
Orai1WT-MDSnap-Fr300_cleaned,268_ideal,-5.616,-5.652
Orai1WT-MDSnap-Fr300_cleaned,269_ideal,-6.045,-6.042
Orai1WT-MDSnap-Fr300_cleaned,26C_ideal,-7.571,-7.732
Orai1WT-MDSnap-Fr300_cleaned,270_ideal,-6.135,-6.623
Orai1WT-MDSnap-Fr300_cleaned,283_ideal,-7.697,-7.624
Orai1WT-MDSnap-Fr300_cleaned,299_ideal,-6.686,-6.836
Orai1WT-MDSnap-Fr300_cleaned,2C7_ideal,-7.56,-7.769
Orai1WT-MDSnap-Fr300_cleaned,2H3_ideal,-5.971,-5.97
Orai1WT-MDSnap-Fr300_cleaned,2HA_ideal,-4.432,-4.471
Orai1WT-MDSnap-Fr300_cleaned,2HP_ideal,-4.02,-3.976
Orai1WT-MDSnap-Fr300_cleaned,2OH_ideal,-7.71,-7.688
Orai1WT-MDSnap-Fr300_cleaned,328_ideal,-8.187,-8.332
Orai1WT-MDSnap-Fr300_cleaned,36M_ideal,-6.181,-6.19
Orai1WT-MDSnap-Fr300_cleaned,3FG_ideal,-6.4,-6.027
Orai1WT-MDSnap-Fr300_cleaned,3G3_ideal,-8.354,-8.531
Orai1WT-MDSnap-Fr300_cleaned,3HG_ideal,-5.39,-4.958
Orai1WT-MDSnap-Fr300_cleaned,3IM_ideal,-7.062,-7.062
Orai1WT-MDSnap-Fr300_cleaned,3MI_ideal,-8.662,-8.587
Orai1WT-MDSnap-Fr300_cleaned,3PO_ideal,-6.169,-6.178
Orai1WT-MDSnap-Fr300_cleaned,3RL_ideal,-8.33,-8.337
Orai1WT-MDSnap-Fr300_cleaned,3SY_ideal,-4.257,-4.289
Orai1WT-MDSnap-Fr300_cleaned,416_ideal,-8.598,-8.587
Orai1WT-MDSnap-Fr300_cleaned,41A_ideal,-7.331,-7.249
Orai1WT-MDSnap-Fr300_cleaned,44B_ideal,-8.079,-8.103
Orai1WT-MDSnap-Fr300_cleaned,4AZ_ideal,-6.532,-6.518
Orai1WT-MDSnap-Fr300_cleaned,4BB_ideal,-9.248,-8.857
Orai1WT-MDSnap-Fr300_cleaned,4BR_ideal,-6.67,-6.494
Orai1WT-MDSnap-Fr300_cleaned,4CB_ideal,-6.567,-6.551
Orai1WT-MDSnap-Fr300_cleaned,4CH_ideal,-5.464,-5.422
Orai1WT-MDSnap-Fr300_cleaned,4FA_ideal,-5.92,-5.834
Orai1WT-MDSnap-Fr300_cleaned,4FC_ideal,-8.07,-8.055
Orai1WT-MDSnap-Fr300_cleaned,4FP_ideal,-7.635,-7.509
Orai1WT-MDSnap-Fr300_cleaned,4J8_ideal,-6.111,-6.343
Orai1WT-MDSnap-Fr300_cleaned,4KS_ideal,-5.685,-5.526
Orai1WT-MDSnap-Fr300_cleaned,4MB_ideal,-6.375,-6.26
Orai1WT-MDSnap-Fr300_cleaned,4ND_ideal,-8.852,-8.219
Orai1WT-MDSnap-Fr300_cleaned,4NL_ideal,-5.325,-5.542
Orai1WT-MDSnap-Fr300_cleaned,4NP_ideal,-6.938,-6.581
Orai1WT-MDSnap-Fr300_cleaned,4PG_ideal,-8.508,-8.906
Orai1WT-MDSnap-Fr300_cleaned,4PI_ideal,-9.734,-8.592
Orai1WT-MDSnap-Fr300_cleaned,4PN_ideal,-6.395,-6.428
Orai1WT-MDSnap-Fr300_cleaned,4SO_ideal,-6.514,-6.561
Orai1WT-MDSnap-Fr300_cleaned,505_ideal,-6.391,-5.747
Orai1WT-MDSnap-Fr300_cleaned,521_ideal,-8.243,-8.278
Orai1WT-MDSnap-Fr300_cleaned,566_ideal,-8.667,-8.666
Orai1WT-MDSnap-Fr300_cleaned,572_ideal,-6.638,-6.661
Orai1WT-MDSnap-Fr300_cleaned,5AN_ideal,-5.698,-5.704
Orai1WT-MDSnap-Fr300_cleaned,5B3_ideal,-9.163,-8.786
Orai1WT-MDSnap-Fr300_cleaned,641_ideal,-8.482,-8.617
Orai1WT-MDSnap-Fr300_cleaned,6BD_ideal,-7.662,-8.441
Orai1WT-MDSnap-Fr300_cleaned,6LH_ideal,-6.023,-6.106
Orai1WT-MDSnap-Fr300_cleaned,6LR_ideal,-4.3,-4.334
Orai1WT-MDSnap-Fr300_cleaned,6WT_ideal,-8.155,-8.138
Orai1WT-MDSnap-Fr300_cleaned,787_ideal,-6.955,-7.023
Orai1WT-MDSnap-Fr300_cleaned,791_ideal,-6.813,-6.925
Orai1WT-MDSnap-Fr300_cleaned,7BD_ideal,-7.609,-7.977
Orai1WT-MDSnap-Fr300_cleaned,7N8_ideal,-7.086,-7.096
Orai1WT-MDSnap-Fr300_cleaned,7TI_ideal,-7.616,-7.626
Orai1WT-MDSnap-Fr300_cleaned,80G_ideal,-6.586,-6.502
Orai1WT-MDSnap-Fr300_cleaned,911_ideal,-5.616,-5.596
Orai1WT-MDSnap-Fr300_cleaned,92G_ideal,-6.557,-6.692
Orai1WT-MDSnap-Fr300_cleaned,949_ideal,-8.51,-8.887
Orai1WT-MDSnap-Fr300_cleaned,9CA_ideal,-7.688,-7.675
Orai1WT-MDSnap-Fr300_cleaned,9Y6_ideal,-6.215,-6.22
Orai1WT-MDSnap-Fr300_cleaned,A1AIA_ideal,-7.641,-7.23
Orai1WT-MDSnap-Fr300_cleaned,A1AIK_ideal,-8.16,-8.293
Orai1WT-MDSnap-Fr300_cleaned,A1AT0_ideal,-8.374,-9.09
Orai1WT-MDSnap-Fr300_cleaned,A1CR0_ideal,-8.013,-8.013
Orai1WT-MDSnap-Fr300_cleaned,A1EEY_ideal,-6.827,-6.732
Orai1WT-MDSnap-Fr300_cleaned,A1IPI_ideal,-5.867,-5.877
Orai1WT-MDSnap-Fr400_cleaned,007_ideal,-7.027,-7.011
Orai1WT-MDSnap-Fr400_cleaned,010_ideal,-5.922,-5.411
Orai1WT-MDSnap-Fr400_cleaned,08D_ideal,-7.431,-7.567
Orai1WT-MDSnap-Fr400_cleaned,0A9_ideal,-6.174,-6.303
Orai1WT-MDSnap-Fr400_cleaned,13X_ideal,-5.548,-5.55
Orai1WT-MDSnap-Fr400_cleaned,144_ideal,-4.453,-4.225
Orai1WT-MDSnap-Fr400_cleaned,150_ideal,-6.451,-6.458
Orai1WT-MDSnap-Fr400_cleaned,152_ideal,-4.672,-4.857
Orai1WT-MDSnap-Fr400_cleaned,171_ideal,-6.322,-5.642
Orai1WT-MDSnap-Fr400_cleaned,173_ideal,-6.263,-6.486
Orai1WT-MDSnap-Fr400_cleaned,174_ideal,-6.412,-6.623
Orai1WT-MDSnap-Fr400_cleaned,178_ideal,-8.105,-7.765
Orai1WT-MDSnap-Fr400_cleaned,1AL_ideal,-6.125,-6.204
Orai1WT-MDSnap-Fr400_cleaned,1BN_ideal,-6.483,-6.546
Orai1WT-MDSnap-Fr400_cleaned,1CM_ideal,-7.369,-7.569
Orai1WT-MDSnap-Fr400_cleaned,1CY_ideal,-7.402,-7.389
Orai1WT-MDSnap-Fr400_cleaned,1K5_ideal,-7.897,-8.36
Orai1WT-MDSnap-Fr400_cleaned,1OH_ideal,-7.41,-7.938
Orai1WT-MDSnap-Fr400_cleaned,1PC_ideal,-6.999,-8.211
Orai1WT-MDSnap-Fr400_cleaned,1WE_ideal,-6.106,-5.756
Orai1WT-MDSnap-Fr400_cleaned,201_ideal,-10.183,-10.176
Orai1WT-MDSnap-Fr400_cleaned,205_ideal,-7.971,-7.98
Orai1WT-MDSnap-Fr400_cleaned,210_ideal,-5.672,-5.667
Orai1WT-MDSnap-Fr400_cleaned,21B_ideal,-7.731,-8.146
Orai1WT-MDSnap-Fr400_cleaned,221_ideal,-7.95,-8.364
Orai1WT-MDSnap-Fr400_cleaned,22F_ideal,-7.408,-7.269
Orai1WT-MDSnap-Fr400_cleaned,231_ideal,-6.676,-6.665
Orai1WT-MDSnap-Fr400_cleaned,23F_ideal,-6.64,-6.853
Orai1WT-MDSnap-Fr400_cleaned,251_ideal,-8.637,-9.335
Orai1WT-MDSnap-Fr400_cleaned,256_ideal,-6.874,-6.35
Orai1WT-MDSnap-Fr400_cleaned,268_ideal,-6.349,-5.524
Orai1WT-MDSnap-Fr400_cleaned,269_ideal,-5.856,-5.854
Orai1WT-MDSnap-Fr400_cleaned,26C_ideal,-8.296,-8.399
Orai1WT-MDSnap-Fr400_cleaned,270_ideal,-5.62,-6.004
Orai1WT-MDSnap-Fr400_cleaned,283_ideal,-7.403,-7.586
Orai1WT-MDSnap-Fr400_cleaned,299_ideal,-6.333,-6.264
Orai1WT-MDSnap-Fr400_cleaned,2C7_ideal,-8.286,-7.859
Orai1WT-MDSnap-Fr400_cleaned,2H3_ideal,-5.791,-5.892
Orai1WT-MDSnap-Fr400_cleaned,2HA_ideal,-4.205,-4.599
Orai1WT-MDSnap-Fr400_cleaned,2HP_ideal,-3.893,-3.892
Orai1WT-MDSnap-Fr400_cleaned,2OH_ideal,-8.084,-7.794
Orai1WT-MDSnap-Fr400_cleaned,328_ideal,-8.443,-8.101
Orai1WT-MDSnap-Fr400_cleaned,36M_ideal,-6.022,-6.826
Orai1WT-MDSnap-Fr400_cleaned,3FG_ideal,-6.346,-6.636
Orai1WT-MDSnap-Fr400_cleaned,3G3_ideal,-8.956,-8.433
Orai1WT-MDSnap-Fr400_cleaned,3HG_ideal,-5.432,-5.396
Orai1WT-MDSnap-Fr400_cleaned,3IM_ideal,-7.171,-7.357
Orai1WT-MDSnap-Fr400_cleaned,3MI_ideal,-8.372,-9.502
Orai1WT-MDSnap-Fr400_cleaned,3PO_ideal,-6.127,-6.461
Orai1WT-MDSnap-Fr400_cleaned,3RL_ideal,-7.74,-7.784
Orai1WT-MDSnap-Fr400_cleaned,3SY_ideal,-4.787,-4.477
Orai1WT-MDSnap-Fr400_cleaned,416_ideal,-9.307,-8.69
Orai1WT-MDSnap-Fr400_cleaned,41A_ideal,-6.751,-6.929
Orai1WT-MDSnap-Fr400_cleaned,44B_ideal,-8.165,-7.985
Orai1WT-MDSnap-Fr400_cleaned,4AZ_ideal,-6.354,-6.367
Orai1WT-MDSnap-Fr400_cleaned,4BB_ideal,-8.645,-8.648
Orai1WT-MDSnap-Fr400_cleaned,4BR_ideal,-6.801,-6.823
Orai1WT-MDSnap-Fr400_cleaned,4CB_ideal,-6.26,-6.685
Orai1WT-MDSnap-Fr400_cleaned,4CH_ideal,-6.173,-5.595
Orai1WT-MDSnap-Fr400_cleaned,4FA_ideal,-6.217,-6.18
Orai1WT-MDSnap-Fr400_cleaned,4FC_ideal,-8.112,-9.275
Orai1WT-MDSnap-Fr400_cleaned,4FP_ideal,-7.413,-7.375
Orai1WT-MDSnap-Fr400_cleaned,4J8_ideal,-6.32,-6.874
Orai1WT-MDSnap-Fr400_cleaned,4KS_ideal,-6.219,-5.309
Orai1WT-MDSnap-Fr400_cleaned,4MB_ideal,-6.804,-6.623
Orai1WT-MDSnap-Fr400_cleaned,4ND_ideal,-9.11,-9.227
Orai1WT-MDSnap-Fr400_cleaned,4NL_ideal,-5.772,-6.014
Orai1WT-MDSnap-Fr400_cleaned,4NP_ideal,-6.729,-6.698
Orai1WT-MDSnap-Fr400_cleaned,4PG_ideal,-9.326,-8.543
Orai1WT-MDSnap-Fr400_cleaned,4PI_ideal,-9.167,-8.966
Orai1WT-MDSnap-Fr400_cleaned,4PN_ideal,-6.537,-6.033
Orai1WT-MDSnap-Fr400_cleaned,4SO_ideal,-6.72,-6.655
Orai1WT-MDSnap-Fr400_cleaned,505_ideal,-6.062,-7.059
Orai1WT-MDSnap-Fr400_cleaned,521_ideal,-8.333,-8.322
Orai1WT-MDSnap-Fr400_cleaned,566_ideal,-8.293,-8.14
Orai1WT-MDSnap-Fr400_cleaned,572_ideal,-6.848,-6.747
Orai1WT-MDSnap-Fr400_cleaned,5AN_ideal,-6.067,-5.665
Orai1WT-MDSnap-Fr400_cleaned,5B3_ideal,-8.98,-9.461
Orai1WT-MDSnap-Fr400_cleaned,641_ideal,-8.446,-8.175
Orai1WT-MDSnap-Fr400_cleaned,6BD_ideal,-8.776,-8.359
Orai1WT-MDSnap-Fr400_cleaned,6LH_ideal,-6.262,-6.178
Orai1WT-MDSnap-Fr400_cleaned,6LR_ideal,-4.336,-4.051
Orai1WT-MDSnap-Fr400_cleaned,6WT_ideal,-8.098,-8.095
Orai1WT-MDSnap-Fr400_cleaned,787_ideal,-7.114,-6.541
Orai1WT-MDSnap-Fr400_cleaned,791_ideal,-6.367,-6.685
Orai1WT-MDSnap-Fr400_cleaned,7BD_ideal,-7.932,-8.161
Orai1WT-MDSnap-Fr400_cleaned,7N8_ideal,-6.8,-7.37
Orai1WT-MDSnap-Fr400_cleaned,7TI_ideal,-7.579,-7.182
Orai1WT-MDSnap-Fr400_cleaned,80G_ideal,-6.64,-6.624
Orai1WT-MDSnap-Fr400_cleaned,911_ideal,-5.86,-5.896
Orai1WT-MDSnap-Fr400_cleaned,92G_ideal,-6.58,-6.403
Orai1WT-MDSnap-Fr400_cleaned,949_ideal,-9.244,-9.221
Orai1WT-MDSnap-Fr400_cleaned,9CA_ideal,-7.651,-7.66
Orai1WT-MDSnap-Fr400_cleaned,9Y6_ideal,-6.974,-6.466
Orai1WT-MDSnap-Fr400_cleaned,A1AIA_ideal,-8.079,-8.09
Orai1WT-MDSnap-Fr400_cleaned,A1AIK_ideal,-8.16,-8.601
Orai1WT-MDSnap-Fr400_cleaned,A1AT0_ideal,-8.082,-7.871
Orai1WT-MDSnap-Fr400_cleaned,A1CR0_ideal,-8.173,-8.184
Orai1WT-MDSnap-Fr400_cleaned,A1EEY_ideal,-7.04,-7.025
Orai1WT-MDSnap-Fr400_cleaned,A1IPI_ideal,-5.714,-5.716
Orai1WT-MDSnap-Fr499_cleaned,007_ideal,-7.604,-7.586
Orai1WT-MDSnap-Fr499_cleaned,010_ideal,-6.468,-6.203
Orai1WT-MDSnap-Fr499_cleaned,08D_ideal,-7.422,-7.477
Orai1WT-MDSnap-Fr499_cleaned,0A9_ideal,-5.972,-6.351
Orai1WT-MDSnap-Fr499_cleaned,13X_ideal,-6.041,-6.035
Orai1WT-MDSnap-Fr499_cleaned,144_ideal,-4.009,-3.994
Orai1WT-MDSnap-Fr499_cleaned,150_ideal,-6.259,-6.282
Orai1WT-MDSnap-Fr499_cleaned,152_ideal,-4.652,-4.813
Orai1WT-MDSnap-Fr499_cleaned,171_ideal,-5.988,-6.107
Orai1WT-MDSnap-Fr499_cleaned,173_ideal,-6.298,-6.411
Orai1WT-MDSnap-Fr499_cleaned,174_ideal,-6.468,-6.787
Orai1WT-MDSnap-Fr499_cleaned,178_ideal,-7.796,-7.722
Orai1WT-MDSnap-Fr499_cleaned,1AL_ideal,-6.323,-6.082
Orai1WT-MDSnap-Fr499_cleaned,1BN_ideal,-6.355,-6.457
Orai1WT-MDSnap-Fr499_cleaned,1CM_ideal,-8.197,-7.186
Orai1WT-MDSnap-Fr499_cleaned,1CY_ideal,-7.474,-8.057
Orai1WT-MDSnap-Fr499_cleaned,1K5_ideal,-7.76,-7.439
Orai1WT-MDSnap-Fr499_cleaned,1OH_ideal,-9.011,-9.038
Orai1WT-MDSnap-Fr499_cleaned,1PC_ideal,-7.748,-7.526
Orai1WT-MDSnap-Fr499_cleaned,1WE_ideal,-6.02,-6.336
Orai1WT-MDSnap-Fr499_cleaned,201_ideal,-11.834,-10.392
Orai1WT-MDSnap-Fr499_cleaned,205_ideal,-8.883,-8.886
Orai1WT-MDSnap-Fr499_cleaned,210_ideal,-5.724,-5.881
Orai1WT-MDSnap-Fr499_cleaned,21B_ideal,-7.159,-7.366
Orai1WT-MDSnap-Fr499_cleaned,221_ideal,-8.232,-8.071
Orai1WT-MDSnap-Fr499_cleaned,22F_ideal,-7.854,-7.588
Orai1WT-MDSnap-Fr499_cleaned,231_ideal,-6.522,-6.511
Orai1WT-MDSnap-Fr499_cleaned,23F_ideal,-6.787,-6.72
Orai1WT-MDSnap-Fr499_cleaned,251_ideal,-9.347,-8.575
Orai1WT-MDSnap-Fr499_cleaned,256_ideal,-6.515,-6.543
Orai1WT-MDSnap-Fr499_cleaned,268_ideal,-5.537,-5.231
Orai1WT-MDSnap-Fr499_cleaned,269_ideal,-6.719,-6.038
Orai1WT-MDSnap-Fr499_cleaned,26C_ideal,-9.057,-9.086
Orai1WT-MDSnap-Fr499_cleaned,270_ideal,-6.424,-6.56
Orai1WT-MDSnap-Fr499_cleaned,283_ideal,-7.734,-7.349
Orai1WT-MDSnap-Fr499_cleaned,299_ideal,-6.392,-6.332
Orai1WT-MDSnap-Fr499_cleaned,2C7_ideal,-8.209,-7.208
Orai1WT-MDSnap-Fr499_cleaned,2H3_ideal,-5.88,-5.812
Orai1WT-MDSnap-Fr499_cleaned,2HA_ideal,-4.131,-4.402
Orai1WT-MDSnap-Fr499_cleaned,2HP_ideal,-3.956,-3.952
Orai1WT-MDSnap-Fr499_cleaned,2OH_ideal,-8.903,-8.922
Orai1WT-MDSnap-Fr499_cleaned,328_ideal,-8.07,-7.856
Orai1WT-MDSnap-Fr499_cleaned,36M_ideal,-6.571,-6.305
Orai1WT-MDSnap-Fr499_cleaned,3FG_ideal,-6.22,-6.007
Orai1WT-MDSnap-Fr499_cleaned,3G3_ideal,-8.455,-7.853
Orai1WT-MDSnap-Fr499_cleaned,3HG_ideal,-5.603,-5.116
Orai1WT-MDSnap-Fr499_cleaned,3IM_ideal,-7.503,-7.484
Orai1WT-MDSnap-Fr499_cleaned,3MI_ideal,-9.253,-8.618
Orai1WT-MDSnap-Fr499_cleaned,3PO_ideal,-6.19,-6.234
Orai1WT-MDSnap-Fr499_cleaned,3RL_ideal,-8.497,-8.511
Orai1WT-MDSnap-Fr499_cleaned,3SY_ideal,-4.436,-4.453
Orai1WT-MDSnap-Fr499_cleaned,416_ideal,-8.371,-8.316
Orai1WT-MDSnap-Fr499_cleaned,41A_ideal,-7.396,-6.993
Orai1WT-MDSnap-Fr499_cleaned,44B_ideal,-8.584,-8.6
Orai1WT-MDSnap-Fr499_cleaned,4AZ_ideal,-6.531,-6.533
Orai1WT-MDSnap-Fr499_cleaned,4BB_ideal,-8.985,-9.383
Orai1WT-MDSnap-Fr499_cleaned,4BR_ideal,-6.457,-6.421
Orai1WT-MDSnap-Fr499_cleaned,4CB_ideal,-6.596,-6.592
Orai1WT-MDSnap-Fr499_cleaned,4CH_ideal,-5.186,-5.249
Orai1WT-MDSnap-Fr499_cleaned,4FA_ideal,-6.49,-5.936
Orai1WT-MDSnap-Fr499_cleaned,4FC_ideal,-8.704,-8.671
Orai1WT-MDSnap-Fr499_cleaned,4FP_ideal,-7.742,-7.725
Orai1WT-MDSnap-Fr499_cleaned,4J8_ideal,-6.463,-6.646
Orai1WT-MDSnap-Fr499_cleaned,4KS_ideal,-6.607,-6.576
Orai1WT-MDSnap-Fr499_cleaned,4MB_ideal,-6.92,-6.825
Orai1WT-MDSnap-Fr499_cleaned,4ND_ideal,-7.783,-8.548
Orai1WT-MDSnap-Fr499_cleaned,4NL_ideal,-6.465,-6.469
Orai1WT-MDSnap-Fr499_cleaned,4NP_ideal,-6.832,-6.662
Orai1WT-MDSnap-Fr499_cleaned,4PG_ideal,-9.205,-8.749
Orai1WT-MDSnap-Fr499_cleaned,4PI_ideal,-8.967,-8.851
Orai1WT-MDSnap-Fr499_cleaned,4PN_ideal,-6.44,-6.441
Orai1WT-MDSnap-Fr499_cleaned,4SO_ideal,-6.714,-6.944
Orai1WT-MDSnap-Fr499_cleaned,505_ideal,-6.731,-6.244
Orai1WT-MDSnap-Fr499_cleaned,521_ideal,-7.973,-7.961
Orai1WT-MDSnap-Fr499_cleaned,566_ideal,-8.631,-8.877
Orai1WT-MDSnap-Fr499_cleaned,572_ideal,-7.214,-7.044
Orai1WT-MDSnap-Fr499_cleaned,5AN_ideal,-6.294,-6.317
Orai1WT-MDSnap-Fr499_cleaned,5B3_ideal,-10.144,-9.432
Orai1WT-MDSnap-Fr499_cleaned,641_ideal,-8.563,-8.569
Orai1WT-MDSnap-Fr499_cleaned,6BD_ideal,-8.673,-7.976
Orai1WT-MDSnap-Fr499_cleaned,6LH_ideal,-6.386,-6.502
Orai1WT-MDSnap-Fr499_cleaned,6LR_ideal,-4.509,-4.529
Orai1WT-MDSnap-Fr499_cleaned,6WT_ideal,-9.204,-9.255
Orai1WT-MDSnap-Fr499_cleaned,787_ideal,-7.299,-6.954
Orai1WT-MDSnap-Fr499_cleaned,791_ideal,-6.474,-6.339
Orai1WT-MDSnap-Fr499_cleaned,7BD_ideal,-8.466,-7.411
Orai1WT-MDSnap-Fr499_cleaned,7N8_ideal,-7.152,-7.014
Orai1WT-MDSnap-Fr499_cleaned,7TI_ideal,-7.574,-7.585
Orai1WT-MDSnap-Fr499_cleaned,80G_ideal,-7.187,-7.336
Orai1WT-MDSnap-Fr499_cleaned,911_ideal,-5.995,-6.33
Orai1WT-MDSnap-Fr499_cleaned,92G_ideal,-6.743,-6.713
Orai1WT-MDSnap-Fr499_cleaned,949_ideal,-8.628,-8.879
Orai1WT-MDSnap-Fr499_cleaned,9CA_ideal,-8.018,-8.036
Orai1WT-MDSnap-Fr499_cleaned,9Y6_ideal,-6.357,-6.464
Orai1WT-MDSnap-Fr499_cleaned,A1AIA_ideal,-7.614,-7.619
Orai1WT-MDSnap-Fr499_cleaned,A1AIK_ideal,-9.113,-8.685
Orai1WT-MDSnap-Fr499_cleaned,A1AT0_ideal,-9.139,-9.158
Orai1WT-MDSnap-Fr499_cleaned,A1CR0_ideal,-8.425,-7.752
Orai1WT-MDSnap-Fr499_cleaned,A1EEY_ideal,-7.039,-6.966
Orai1WT-MDSnap-Fr499_cleaned,A1IPI_ideal,-5.662,-5.73
