base_protein,ligand_name,rmsd,meeko_affinity,mgl_affinity,n_atoms_meeko,n_atoms_mgl
Orai1WT-MDSnap-Fr300_cleaned,007_ideal,42.97731543053131,-7.183,-7.154,13,13
Orai1WT-MDSnap-Fr300_cleaned,010_ideal,15.31251639182796,-5.488,-5.707,8,8
Orai1WT-MDSnap-Fr300_cleaned,08D_ideal,16.708817686197555,-7.512,-7.045,17,17
Orai1WT-MDSnap-Fr300_cleaned,0A9_ideal,17.070480769219934,-6.507,-6.12,13,13
Orai1WT-MDSnap-Fr300_cleaned,13X_ideal,13.459361195011367,-5.683,-5.637,9,9
Orai1WT-MDSnap-Fr300_cleaned,144_ideal,39.23982273469135,-4.144,-4.096,8,8
Orai1WT-MDSnap-Fr300_cleaned,150_ideal,0.03830665738484613,-6.161,-6.145,10,10
Orai1WT-MDSnap-Fr300_cleaned,152_ideal,28.45861400669081,-4.872,-5.41,11,11
Orai1WT-MDSnap-Fr300_cleaned,171_ideal,55.02157007798082,-6.427,-6.369,13,13
Orai1WT-MDSnap-Fr300_cleaned,173_ideal,38.07173464061567,-6.445,-6.391,11,11
Orai1WT-MDSnap-Fr300_cleaned,174_ideal,0.02917533204609678,-6.172,-6.167,10,10
Orai1WT-MDSnap-Fr300_cleaned,178_ideal,0.06864609030589967,-8.288,-8.302,21,21
Orai1WT-MDSnap-Fr300_cleaned,1AL_ideal,21.602081423634466,-6.19,-6.559,12,12
Orai1WT-MDSnap-Fr300_cleaned,1BN_ideal,1.8219218790423848,-6.404,-6.211,12,12
Orai1WT-MDSnap-Fr300_cleaned,1CM_ideal,34.20831880551864,-7.839,-6.951,18,18
Orai1WT-MDSnap-Fr300_cleaned,1CY_ideal,3.228168484559919,-7.346,-7.531,17,17
Orai1WT-MDSnap-Fr300_cleaned,1K5_ideal,29.42906319663572,-7.419,-7.364,19,19
Orai1WT-MDSnap-Fr300_cleaned,1OH_ideal,32.21528815834184,-7.489,-7.751,16,16
Orai1WT-MDSnap-Fr300_cleaned,1PC_ideal,29.249605851095577,-7.667,-7.587,18,18
Orai1WT-MDSnap-Fr300_cleaned,1WE_ideal,1.5150552135153361,-6.075,-6.075,10,10
Orai1WT-MDSnap-Fr300_cleaned,201_ideal,0.9833614755859955,-9.353,-9.367,24,24
Orai1WT-MDSnap-Fr300_cleaned,205_ideal,29.50478719038658,-8.044,-8.315,20,20
Orai1WT-MDSnap-Fr300_cleaned,210_ideal,0.05955863303695616,-5.659,-5.67,13,13
Orai1WT-MDSnap-Fr300_cleaned,21B_ideal,39.21107004579655,-6.829,-6.88,22,22
Orai1WT-MDSnap-Fr300_cleaned,221_ideal,3.701070297606638,-7.844,-7.901,23,23
Orai1WT-MDSnap-Fr300_cleaned,22F_ideal,1.2487156334944052,-7.59,-7.593,15,15
Orai1WT-MDSnap-Fr300_cleaned,231_ideal,1.4525828406982197,-6.444,-6.444,11,11
Orai1WT-MDSnap-Fr300_cleaned,23F_ideal,1.992620259858862,-6.579,-6.542,12,12
Orai1WT-MDSnap-Fr300_cleaned,251_ideal,0.05691550755286318,-8.876,-8.889,24,24
Orai1WT-MDSnap-Fr300_cleaned,256_ideal,16.05217378470236,-7.077,-6.534,14,14
Orai1WT-MDSnap-Fr300_cleaned,268_ideal,32.149305754557126,-5.616,-5.652,10,10
Orai1WT-MDSnap-Fr300_cleaned,269_ideal,0.0660261656122367,-6.045,-6.042,11,11
Orai1WT-MDSnap-Fr300_cleaned,26C_ideal,22.628276502433593,-7.571,-7.732,17,17
Orai1WT-MDSnap-Fr300_cleaned,270_ideal,28.36987614178109,-6.135,-6.623,10,10
Orai1WT-MDSnap-Fr300_cleaned,283_ideal,1.0796872695368784,-7.697,-7.624,20,20
Orai1WT-MDSnap-Fr300_cleaned,299_ideal,10.01603149643111,-6.686,-6.836,16,16
Orai1WT-MDSnap-Fr300_cleaned,2C7_ideal,3.3167917596561707,-7.56,-7.769,26,26
Orai1WT-MDSnap-Fr300_cleaned,2H3_ideal,3.1768200557580637,-5.971,-5.97,12,12
Orai1WT-MDSnap-Fr300_cleaned,2HA_ideal,3.074605394734962,-4.432,-4.471,6,6
Orai1WT-MDSnap-Fr300_cleaned,2HP_ideal,0.09072485877641348,-4.02,-3.976,5,5
Orai1WT-MDSnap-Fr300_cleaned,2OH_ideal,0.022545379075257086,-7.71,-7.688,17,17
Orai1WT-MDSnap-Fr300_cleaned,328_ideal,0.6833646464370245,-8.187,-8.332,25,25
Orai1WT-MDSnap-Fr300_cleaned,36M_ideal,1.3402578110199543,-6.181,-6.19,13,13
Orai1WT-MDSnap-Fr300_cleaned,3FG_ideal,29.512330043820405,-6.4,-6.027,13,13
Orai1WT-MDSnap-Fr300_cleaned,3G3_ideal,12.744539192227478,-8.354,-8.531,18,18
Orai1WT-MDSnap-Fr300_cleaned,3HG_ideal,32.74520292195484,-5.39,-4.958,10,10
Orai1WT-MDSnap-Fr300_cleaned,3IM_ideal,4.394585560664395,-7.062,-7.062,16,16
Orai1WT-MDSnap-Fr300_cleaned,3MI_ideal,2.0235353839258656,-8.662,-8.587,20,20
Orai1WT-MDSnap-Fr300_cleaned,3PO_ideal,1.2420502900756165,-6.169,-6.178,13,13
Orai1WT-MDSnap-Fr300_cleaned,3RL_ideal,3.056094867981893,-8.33,-8.337,19,19
Orai1WT-MDSnap-Fr300_cleaned,3SY_ideal,28.108619490588055,-4.257,-4.289,9,9
Orai1WT-MDSnap-Fr300_cleaned,416_ideal,0.9239398593178907,-8.598,-8.587,22,22
Orai1WT-MDSnap-Fr300_cleaned,41A_ideal,0.33429610959281114,-7.331,-7.249,18,18
Orai1WT-MDSnap-Fr300_cleaned,44B_ideal,0.8408566248988963,-8.079,-8.103,22,22
Orai1WT-MDSnap-Fr300_cleaned,4AZ_ideal,1.453655736410791,-6.532,-6.518,11,11
Orai1WT-MDSnap-Fr300_cleaned,4BB_ideal,27.11885867731162,-9.248,-8.857,25,25
Orai1WT-MDSnap-Fr300_cleaned,4BR_ideal,0.3116609350905859,-6.67,-6.494,13,13
Orai1WT-MDSnap-Fr300_cleaned,4CB_ideal,1.0055503468250608,-6.567,-6.551,12,12
Orai1WT-MDSnap-Fr300_cleaned,4CH_ideal,37.06101115222033,-5.464,-5.422,8,8
Orai1WT-MDSnap-Fr300_cleaned,4FA_ideal,37.92091989390553,-5.92,-5.834,10,10
Orai1WT-MDSnap-Fr300_cleaned,4FC_ideal,1.4287844484036072,-8.07,-8.055,16,16
Orai1WT-MDSnap-Fr300_cleaned,4FP_ideal,44.4302211265839,-7.635,-7.509,14,14
Orai1WT-MDSnap-Fr300_cleaned,4J8_ideal,53.70289598844232,-6.111,-6.343,11,11
Orai1WT-MDSnap-Fr300_cleaned,4KS_ideal,19.167530995004142,-5.685,-5.526,9,9
Orai1WT-MDSnap-Fr300_cleaned,4MB_ideal,32.050717560498654,-6.375,-6.26,14,14
Orai1WT-MDSnap-Fr300_cleaned,4ND_ideal,24.977206749354497,-8.852,-8.219,20,20
Orai1WT-MDSnap-Fr300_cleaned,4NL_ideal,18.84486868155361,-5.325,-5.542,8,8
Orai1WT-MDSnap-Fr300_cleaned,4NP_ideal,36.9629080662532,-6.938,-6.581,14,14
Orai1WT-MDSnap-Fr300_cleaned,4PG_ideal,43.0142120870961,-8.508,-8.906,19,19
Orai1WT-MDSnap-Fr300_cleaned,4PI_ideal,32.736463520334354,-9.734,-8.592,22,22
Orai1WT-MDSnap-Fr300_cleaned,4PN_ideal,0.07134014764959948,-6.395,-6.428,12,12
Orai1WT-MDSnap-Fr300_cleaned,4SO_ideal,39.291120362082985,-6.514,-6.561,13,13
Orai1WT-MDSnap-Fr300_cleaned,505_ideal,31.71754187536267,-6.391,-5.747,13,13
Orai1WT-MDSnap-Fr300_cleaned,521_ideal,1.0817104973143232,-8.243,-8.278,20,20
Orai1WT-MDSnap-Fr300_cleaned,566_ideal,0.04365885062728106,-8.667,-8.666,21,21
Orai1WT-MDSnap-Fr300_cleaned,572_ideal,22.9851816731998,-6.638,-6.661,20,20
Orai1WT-MDSnap-Fr300_cleaned,5AN_ideal,0.10749263540664877,-5.698,-5.704,9,9
Orai1WT-MDSnap-Fr300_cleaned,5B3_ideal,36.239935099854506,-9.163,-8.786,24,24
Orai1WT-MDSnap-Fr300_cleaned,641_ideal,0.19460115286311153,-8.482,-8.617,23,23
Orai1WT-MDSnap-Fr300_cleaned,6BD_ideal,44.65852144514714,-7.662,-8.441,21,21
Orai1WT-MDSnap-Fr300_cleaned,6LH_ideal,33.43890853108097,-6.023,-6.106,12,12
Orai1WT-MDSnap-Fr300_cleaned,6LR_ideal,25.230460007036466,-4.3,-4.334,6,6
Orai1WT-MDSnap-Fr300_cleaned,6WT_ideal,1.6105002818673262,-8.155,-8.138,19,19
Orai1WT-MDSnap-Fr300_cleaned,787_ideal,1.6192115571063177,-6.955,-7.023,15,15
Orai1WT-MDSnap-Fr300_cleaned,791_ideal,25.67004820198645,-6.813,-6.925,13,13
Orai1WT-MDSnap-Fr300_cleaned,7BD_ideal,5.780452988304637,-7.609,-7.977,20,20
Orai1WT-MDSnap-Fr300_cleaned,7N8_ideal,1.2433818131745913,-7.086,-7.096,15,15
Orai1WT-MDSnap-Fr300_cleaned,7TI_ideal,0.047114222905615497,-7.616,-7.626,20,20
Orai1WT-MDSnap-Fr300_cleaned,80G_ideal,0.2889673923579506,-6.586,-6.502,13,13
Orai1WT-MDSnap-Fr300_cleaned,911_ideal,37.100392829334154,-5.616,-5.596,11,11
Orai1WT-MDSnap-Fr300_cleaned,92G_ideal,44.91155085532863,-6.557,-6.692,13,13
Orai1WT-MDSnap-Fr300_cleaned,949_ideal,32.846940725735784,-8.51,-8.887,25,25
Orai1WT-MDSnap-Fr300_cleaned,9CA_ideal,4.429971392510514,-7.688,-7.675,13,13
Orai1WT-MDSnap-Fr300_cleaned,9Y6_ideal,1.5249460974080364,-6.215,-6.22,10,10
Orai1WT-MDSnap-Fr300_cleaned,A1AIA_ideal,31.2090888804848,-7.641,-7.23,16,16
Orai1WT-MDSnap-Fr300_cleaned,A1AIK_ideal,30.914566641574705,-8.16,-8.293,22,22
Orai1WT-MDSnap-Fr300_cleaned,A1AT0_ideal,46.343734100398315,-8.374,-9.09,19,19
Orai1WT-MDSnap-Fr300_cleaned,A1CR0_ideal,0.02409900215282583,-8.013,-8.013,21,21
Orai1WT-MDSnap-Fr300_cleaned,A1EEY_ideal,1.9259787580527956,-6.827,-6.732,17,17
Orai1WT-MDSnap-Fr300_cleaned,A1IPI_ideal,1.1491385541642343,-5.867,-5.877,12,12
Orai1WT-MDSnap-Fr400_cleaned,007_ideal,0.06369881051902342,-7.027,-7.011,13,13
Orai1WT-MDSnap-Fr400_cleaned,010_ideal,33.342345575858936,-5.922,-5.411,8,8
Orai1WT-MDSnap-Fr400_cleaned,08D_ideal,0.20961617584640416,-7.431,-7.567,17,17
Orai1WT-MDSnap-Fr400_cleaned,0A9_ideal,44.0402704788033,-6.174,-6.303,13,13
Orai1WT-MDSnap-Fr400_cleaned,13X_ideal,3.379067474910793,-5.548,-5.55,9,9
Orai1WT-MDSnap-Fr400_cleaned,144_ideal,27.537837444596118,-4.453,-4.225,8,8
Orai1WT-MDSnap-Fr400_cleaned,150_ideal,0.027221315177632318,-6.451,-6.458,10,10
Orai1WT-MDSnap-Fr400_cleaned,152_ideal,49.179738727170225,-4.672,-4.857,11,11
Orai1WT-MDSnap-Fr400_cleaned,171_ideal,27.83297560586944,-6.322,-5.642,13,13
Orai1WT-MDSnap-Fr400_cleaned,173_ideal,0.8952588757144243,-6.263,-6.486,11,11
Orai1WT-MDSnap-Fr400_cleaned,174_ideal,33.55604426031174,-6.412,-6.623,10,10
Orai1WT-MDSnap-Fr400_cleaned,178_ideal,28.893341427691308,-8.105,-7.765,21,21
Orai1WT-MDSnap-Fr400_cleaned,1AL_ideal,23.727750402570123,-6.125,-6.204,12,12
Orai1WT-MDSnap-Fr400_cleaned,1BN_ideal,31.380220134133328,-6.483,-6.546,12,12
Orai1WT-MDSnap-Fr400_cleaned,1CM_ideal,47.64815861196643,-7.369,-7.569,18,18
Orai1WT-MDSnap-Fr400_cleaned,1CY_ideal,0.07180242499591584,-7.402,-7.389,17,17
Orai1WT-MDSnap-Fr400_cleaned,1K5_ideal,30.838073287824955,-7.897,-8.36,19,19
Orai1WT-MDSnap-Fr400_cleaned,1OH_ideal,28.934836896896446,-7.41,-7.938,16,16
Orai1WT-MDSnap-Fr400_cleaned,1PC_ideal,28.729333846745867,-6.999,-8.211,18,18
Orai1WT-MDSnap-Fr400_cleaned,1WE_ideal,28.92484836433892,-6.106,-5.756,10,10
Orai1WT-MDSnap-Fr400_cleaned,201_ideal,0.9862340197268935,-10.183,-10.176,24,24
Orai1WT-MDSnap-Fr400_cleaned,205_ideal,2.0307502062045937,-7.971,-7.98,20,20
Orai1WT-MDSnap-Fr400_cleaned,210_ideal,0.03236094512264406,-5.672,-5.667,13,13
Orai1WT-MDSnap-Fr400_cleaned,21B_ideal,9.71315383431617,-7.731,-8.146,22,22
Orai1WT-MDSnap-Fr400_cleaned,221_ideal,24.67485290824402,-7.95,-8.364,23,23
Orai1WT-MDSnap-Fr400_cleaned,22F_ideal,6.2470952449918675,-7.408,-7.269,15,15
Orai1WT-MDSnap-Fr400_cleaned,231_ideal,1.452947005227651,-6.676,-6.665,11,11
Orai1WT-MDSnap-Fr400_cleaned,23F_ideal,36.98495550333045,-6.64,-6.853,12,12
Orai1WT-MDSnap-Fr400_cleaned,251_ideal,35.46366738355844,-8.637,-9.335,24,24
Orai1WT-MDSnap-Fr400_cleaned,256_ideal,42.10860444900611,-6.874,-6.35,14,14
Orai1WT-MDSnap-Fr400_cleaned,268_ideal,32.74672639822185,-6.349,-5.524,10,10
Orai1WT-MDSnap-Fr400_cleaned,269_ideal,0.11571202498994099,-5.856,-5.854,11,11
Orai1WT-MDSnap-Fr400_cleaned,26C_ideal,0.12369245542639887,-8.296,-8.399,17,17
Orai1WT-MDSnap-Fr400_cleaned,270_ideal,12.552822280268291,-5.62,-6.004,10,10
Orai1WT-MDSnap-Fr400_cleaned,283_ideal,0.4135614222821078,-7.403,-7.586,20,20
Orai1WT-MDSnap-Fr400_cleaned,299_ideal,0.17018317337504324,-6.333,-6.264,16,16
Orai1WT-MDSnap-Fr400_cleaned,2C7_ideal,1.5426628451629196,-8.286,-7.859,26,26
Orai1WT-MDSnap-Fr400_cleaned,2H3_ideal,16.501024109632308,-5.791,-5.892,12,12
Orai1WT-MDSnap-Fr400_cleaned,2HA_ideal,26.320843774468933,-4.205,-4.599,6,6
Orai1WT-MDSnap-Fr400_cleaned,2HP_ideal,0.01432480366357555,-3.893,-3.892,5,5
Orai1WT-MDSnap-Fr400_cleaned,2OH_ideal,23.31289023265884,-8.084,-7.794,17,17
Orai1WT-MDSnap-Fr400_cleaned,328_ideal,35.25812958964216,-8.443,-8.101,25,25
Orai1WT-MDSnap-Fr400_cleaned,36M_ideal,14.773802567642912,-6.022,-6.826,13,13
Orai1WT-MDSnap-Fr400_cleaned,3FG_ideal,34.005955373230634,-6.346,-6.636,13,13
Orai1WT-MDSnap-Fr400_cleaned,3G3_ideal,14.973528568035585,-8.956,-8.433,18,18
Orai1WT-MDSnap-Fr400_cleaned,3HG_ideal,0.17722161267746128,-5.432,-5.396,10,10
Orai1WT-MDSnap-Fr400_cleaned,3IM_ideal,51.62918885366591,-7.171,-7.357,16,16
Orai1WT-MDSnap-Fr400_cleaned,3MI_ideal,19.51166246504895,-8.372,-9.502,20,20
Orai1WT-MDSnap-Fr400_cleaned,3PO_ideal,5.967204016055658,-6.127,-6.461,13,13
Orai1WT-MDSnap-Fr400_cleaned,3RL_ideal,3.0384850362951394,-7.74,-7.784,19,19
Orai1WT-MDSnap-Fr400_cleaned,3SY_ideal,15.005466677921824,-4.787,-4.477,9,9
Orai1WT-MDSnap-Fr400_cleaned,416_ideal,33.02398497304648,-9.307,-8.69,22,22
Orai1WT-MDSnap-Fr400_cleaned,41A_ideal,49.281700214176865,-6.751,-6.929,18,18
Orai1WT-MDSnap-Fr400_cleaned,44B_ideal,6.467666338304439,-8.165,-7.985,22,22
Orai1WT-MDSnap-Fr400_cleaned,4AZ_ideal,0.06810219593309064,-6.354,-6.367,11,11
Orai1WT-MDSnap-Fr400_cleaned,4BB_ideal,25.6581270719435,-8.645,-8.648,25,25
Orai1WT-MDSnap-Fr400_cleaned,4BR_ideal,1.3446773991156047,-6.801,-6.823,13,13
Orai1WT-MDSnap-Fr400_cleaned,4CB_ideal,13.868140069958914,-6.26,-6.685,12,12
Orai1WT-MDSnap-Fr400_cleaned,4CH_ideal,3.7301043048418903,-6.173,-5.595,8,8
Orai1WT-MDSnap-Fr400_cleaned,4FA_ideal,3.388642840430369,-6.217,-6.18,10,10
Orai1WT-MDSnap-Fr400_cleaned,4FC_ideal,43.489383338781664,-8.112,-9.275,16,16
Orai1WT-MDSnap-Fr400_cleaned,4FP_ideal,1.2933470697601408,-7.413,-7.375,14,14
Orai1WT-MDSnap-Fr400_cleaned,4J8_ideal,40.55298817932813,-6.32,-6.874,11,11
Orai1WT-MDSnap-Fr400_cleaned,4KS_ideal,17.218129250557066,-6.219,-5.309,9,9
Orai1WT-MDSnap-Fr400_cleaned,4MB_ideal,15.10093494267349,-6.804,-6.623,14,14
Orai1WT-MDSnap-Fr400_cleaned,4ND_ideal,24.211562579684937,-9.11,-9.227,20,20
Orai1WT-MDSnap-Fr400_cleaned,4NL_ideal,3.258831328099078,-5.772,-6.014,8,8
Orai1WT-MDSnap-Fr400_cleaned,4NP_ideal,1.135560339970662,-6.729,-6.698,14,14
Orai1WT-MDSnap-Fr400_cleaned,4PG_ideal,14.30468908214513,-9.326,-8.543,19,19
Orai1WT-MDSnap-Fr400_cleaned,4PI_ideal,31.278272232711902,-9.167,-8.966,22,22
Orai1WT-MDSnap-Fr400_cleaned,4PN_ideal,18.01303206708965,-6.537,-6.033,12,12
Orai1WT-MDSnap-Fr400_cleaned,4SO_ideal,1.2652511456380748,-6.72,-6.655,13,13
Orai1WT-MDSnap-Fr400_cleaned,505_ideal,37.58151084489041,-6.062,-7.059,13,13
Orai1WT-MDSnap-Fr400_cleaned,521_ideal,2.237435708573545,-8.333,-8.322,20,20
Orai1WT-MDSnap-Fr400_cleaned,566_ideal,49.763271493762396,-8.293,-8.14,21,21
Orai1WT-MDSnap-Fr400_cleaned,572_ideal,49.567718469786364,-6.848,-6.747,20,20
Orai1WT-MDSnap-Fr400_cleaned,5AN_ideal,8.798050535330098,-6.067,-5.665,9,9
Orai1WT-MDSnap-Fr400_cleaned,5B3_ideal,43.29259042886746,-8.98,-9.461,24,24
Orai1WT-MDSnap-Fr400_cleaned,641_ideal,25.081292135253182,-8.446,-8.175,23,23
Orai1WT-MDSnap-Fr400_cleaned,6BD_ideal,37.19461488415967,-8.776,-8.359,21,21
Orai1WT-MDSnap-Fr400_cleaned,6LH_ideal,0.6098494349700861,-6.262,-6.178,12,12
Orai1WT-MDSnap-Fr400_cleaned,6LR_ideal,14.925890582027815,-4.336,-4.051,6,6
Orai1WT-MDSnap-Fr400_cleaned,6WT_ideal,1.170058140705657,-8.098,-8.095,19,19
Orai1WT-MDSnap-Fr400_cleaned,787_ideal,42.32439888606413,-7.114,-6.541,15,15
Orai1WT-MDSnap-Fr400_cleaned,791_ideal,40.68069205693001,-6.367,-6.685,13,13
Orai1WT-MDSnap-Fr400_cleaned,7BD_ideal,31.066947502128368,-7.932,-8.161,20,20
Orai1WT-MDSnap-Fr400_cleaned,7N8_ideal,28.144297108532186,-6.8,-7.37,15,15
Orai1WT-MDSnap-Fr400_cleaned,7TI_ideal,46.821191535991474,-7.579,-7.182,20,20
Orai1WT-MDSnap-Fr400_cleaned,80G_ideal,1.4181812296036076,-6.64,-6.624,13,13
Orai1WT-MDSnap-Fr400_cleaned,911_ideal,22.264854204042585,-5.86,-5.896,11,11
Orai1WT-MDSnap-Fr400_cleaned,92G_ideal,12.049525158215221,-6.58,-6.403,13,13
Orai1WT-MDSnap-Fr400_cleaned,949_ideal,0.09607476255500198,-9.244,-9.221,25,25
Orai1WT-MDSnap-Fr400_cleaned,9CA_ideal,0.054563301276167986,-7.651,-7.66,13,13
Orai1WT-MDSnap-Fr400_cleaned,9Y6_ideal,19.99086027413528,-6.974,-6.466,10,10
Orai1WT-MDSnap-Fr400_cleaned,A1AIA_ideal,0.06470027047856894,-8.079,-8.09,16,16
Orai1WT-MDSnap-Fr400_cleaned,A1AIK_ideal,50.231856680705214,-8.16,-8.601,22,22
Orai1WT-MDSnap-Fr400_cleaned,A1AT0_ideal,31.277491706034436,-8.082,-7.871,19,19
Orai1WT-MDSnap-Fr400_cleaned,A1CR0_ideal,0.050931326312987184,-8.173,-8.184,21,21
Orai1WT-MDSnap-Fr400_cleaned,A1EEY_ideal,0.8926703165881831,-7.04,-7.025,17,17
Orai1WT-MDSnap-Fr400_cleaned,A1IPI_ideal,1.620113267645198,-5.714,-5.716,12,12
Orai1WT-MDSnap-Fr499_cleaned,007_ideal,0.06289307164973294,-7.604,-7.586,13,13
Orai1WT-MDSnap-Fr499_cleaned,010_ideal,3.3365739539233954,-6.468,-6.203,8,8
Orai1WT-MDSnap-Fr499_cleaned,08D_ideal,15.695500554205298,-7.422,-7.477,17,17
Orai1WT-MDSnap-Fr499_cleaned,0A9_ideal,28.200787873609272,-5.972,-6.351,13,13
Orai1WT-MDSnap-Fr499_cleaned,13X_ideal,0.029612309752683592,-6.041,-6.035,9,9
Orai1WT-MDSnap-Fr499_cleaned,144_ideal,46.01197849745216,-4.009,-3.994,8,8
Orai1WT-MDSnap-Fr499_cleaned,150_ideal,0.12828522907957882,-6.259,-6.282,10,10
Orai1WT-MDSnap-Fr499_cleaned,152_ideal,16.601840319675407,-4.652,-4.813,11,11
Orai1WT-MDSnap-Fr499_cleaned,171_ideal,43.53978957936504,-5.988,-6.107,13,13
Orai1WT-MDSnap-Fr499_cleaned,173_ideal,16.677205502230773,-6.298,-6.411,11,11
Orai1WT-MDSnap-Fr499_cleaned,174_ideal,19.03962233869149,-6.468,-6.787,10,10
Orai1WT-MDSnap-Fr499_cleaned,178_ideal,6.323022273143332,-7.796,-7.722,21,21
Orai1WT-MDSnap-Fr499_cleaned,1AL_ideal,0.9206908637901577,-6.323,-6.082,12,12
Orai1WT-MDSnap-Fr499_cleaned,1BN_ideal,1.3938060900522238,-6.355,-6.457,12,12
Orai1WT-MDSnap-Fr499_cleaned,1CM_ideal,4.635481798044298,-8.197,-7.186,18,18
Orai1WT-MDSnap-Fr499_cleaned,1CY_ideal,27.58834652849769,-7.474,-8.057,17,17
Orai1WT-MDSnap-Fr499_cleaned,1K5_ideal,20.689092180740023,-7.76,-7.439,19,19
Orai1WT-MDSnap-Fr499_cleaned,1OH_ideal,29.097118839328406,-9.011,-9.038,16,16
Orai1WT-MDSnap-Fr499_cleaned,1PC_ideal,13.193990429147826,-7.748,-7.526,18,18
Orai1WT-MDSnap-Fr499_cleaned,1WE_ideal,18.45613265015182,-6.02,-6.336,10,10
Orai1WT-MDSnap-Fr499_cleaned,201_ideal,29.481496307712515,-11.834,-10.392,24,24
Orai1WT-MDSnap-Fr499_cleaned,205_ideal,0.03561881525261642,-8.883,-8.886,20,20
Orai1WT-MDSnap-Fr499_cleaned,210_ideal,1.8825241851546843,-5.724,-5.881,13,13
Orai1WT-MDSnap-Fr499_cleaned,21B_ideal,3.557230351372718,-7.159,-7.366,22,22
Orai1WT-MDSnap-Fr499_cleaned,221_ideal,12.825587343106442,-8.232,-8.071,23,23
Orai1WT-MDSnap-Fr499_cleaned,22F_ideal,28.510341833563952,-7.854,-7.588,15,15
Orai1WT-MDSnap-Fr499_cleaned,231_ideal,1.4544336292241666,-6.522,-6.511,11,11
Orai1WT-MDSnap-Fr499_cleaned,23F_ideal,25.703490709758984,-6.787,-6.72,12,12
Orai1WT-MDSnap-Fr499_cleaned,251_ideal,27.756697731508574,-9.347,-8.575,24,24
Orai1WT-MDSnap-Fr499_cleaned,256_ideal,0.07645213254990689,-6.515,-6.543,14,14
Orai1WT-MDSnap-Fr499_cleaned,268_ideal,19.65956451196211,-5.537,-5.231,10,10
Orai1WT-MDSnap-Fr499_cleaned,269_ideal,35.94567878189128,-6.719,-6.038,11,11
Orai1WT-MDSnap-Fr499_cleaned,26C_ideal,2.3261086414363166,-9.057,-9.086,17,17
Orai1WT-MDSnap-Fr499_cleaned,270_ideal,23.95604072045295,-6.424,-6.56,10,10
Orai1WT-MDSnap-Fr499_cleaned,283_ideal,3.501917082113738,-7.734,-7.349,20,20
Orai1WT-MDSnap-Fr499_cleaned,299_ideal,27.88256514046905,-6.392,-6.332,16,16
Orai1WT-MDSnap-Fr499_cleaned,2C7_ideal,31.096894648946737,-8.209,-7.208,26,26
Orai1WT-MDSnap-Fr499_cleaned,2H3_ideal,36.300429119364416,-5.88,-5.812,12,12
Orai1WT-MDSnap-Fr499_cleaned,2HA_ideal,14.424480343037203,-4.131,-4.402,6,6
Orai1WT-MDSnap-Fr499_cleaned,2HP_ideal,0.018466185312619354,-3.956,-3.952,5,5
Orai1WT-MDSnap-Fr499_cleaned,2OH_ideal,5.464467822966413,-8.903,-8.922,17,17
Orai1WT-MDSnap-Fr499_cleaned,328_ideal,55.32837857410969,-8.07,-7.856,25,25
Orai1WT-MDSnap-Fr499_cleaned,36M_ideal,33.54203334623588,-6.571,-6.305,13,13
Orai1WT-MDSnap-Fr499_cleaned,3FG_ideal,38.948230359720405,-6.22,-6.007,13,13
Orai1WT-MDSnap-Fr499_cleaned,3G3_ideal,18.192686540353396,-8.455,-7.853,18,18
Orai1WT-MDSnap-Fr499_cleaned,3HG_ideal,3.009165781408529,-5.603,-5.116,10,10
Orai1WT-MDSnap-Fr499_cleaned,3IM_ideal,0.03467347689517124,-7.503,-7.484,16,16
Orai1WT-MDSnap-Fr499_cleaned,3MI_ideal,17.614675309241438,-9.253,-8.618,20,20
Orai1WT-MDSnap-Fr499_cleaned,3PO_ideal,1.2312401815305514,-6.19,-6.234,13,13
Orai1WT-MDSnap-Fr499_cleaned,3RL_ideal,2.688430632015246,-8.497,-8.511,19,19
Orai1WT-MDSnap-Fr499_cleaned,3SY_ideal,2.555539212508129,-4.436,-4.453,9,9
Orai1WT-MDSnap-Fr499_cleaned,416_ideal,42.86978648238704,-8.371,-8.316,22,22
Orai1WT-MDSnap-Fr499_cleaned,41A_ideal,44.09078905256491,-7.396,-6.993,18,18
Orai1WT-MDSnap-Fr499_cleaned,44B_ideal,1.0255454202963945,-8.584,-8.6,22,22
Orai1WT-MDSnap-Fr499_cleaned,4AZ_ideal,1.4559361874128214,-6.531,-6.533,11,11
Orai1WT-MDSnap-Fr499_cleaned,4BB_ideal,28.430477452199074,-8.985,-9.383,25,25
Orai1WT-MDSnap-Fr499_cleaned,4BR_ideal,1.372565621241981,-6.457,-6.421,13,13
Orai1WT-MDSnap-Fr499_cleaned,4CB_ideal,1.0039312310445703,-6.596,-6.592,12,12
Orai1WT-MDSnap-Fr499_cleaned,4CH_ideal,3.334096541793593,-5.186,-5.249,8,8
Orai1WT-MDSnap-Fr499_cleaned,4FA_ideal,35.87980325754309,-6.49,-5.936,10,10
Orai1WT-MDSnap-Fr499_cleaned,4FC_ideal,28.39481704906725,-8.704,-8.671,16,16
Orai1WT-MDSnap-Fr499_cleaned,4FP_ideal,0.027392647605829008,-7.742,-7.725,14,14
Orai1WT-MDSnap-Fr499_cleaned,4J8_ideal,29.69164509358881,-6.463,-6.646,11,11
Orai1WT-MDSnap-Fr499_cleaned,4KS_ideal,1.6026244794780289,-6.607,-6.576,9,9
Orai1WT-MDSnap-Fr499_cleaned,4MB_ideal,0.45778160731947287,-6.92,-6.825,14,14
Orai1WT-MDSnap-Fr499_cleaned,4ND_ideal,45.148818212662,-7.783,-8.548,20,20
Orai1WT-MDSnap-Fr499_cleaned,4NL_ideal,1.7094236601849175,-6.465,-6.469,8,8
Orai1WT-MDSnap-Fr499_cleaned,4NP_ideal,16.137016647624623,-6.832,-6.662,14,14
Orai1WT-MDSnap-Fr499_cleaned,4PG_ideal,30.560386113742943,-9.205,-8.749,19,19
Orai1WT-MDSnap-Fr499_cleaned,4PI_ideal,1.0880972550115346,-8.967,-8.851,22,22
Orai1WT-MDSnap-Fr499_cleaned,4PN_ideal,4.736667992024211,-6.44,-6.441,12,12
Orai1WT-MDSnap-Fr499_cleaned,4SO_ideal,18.540604576898865,-6.714,-6.944,13,13
Orai1WT-MDSnap-Fr499_cleaned,505_ideal,32.753234402821256,-6.731,-6.244,13,13
Orai1WT-MDSnap-Fr499_cleaned,521_ideal,1.0844879667382206,-7.973,-7.961,20,20
Orai1WT-MDSnap-Fr499_cleaned,566_ideal,32.984608274885105,-8.631,-8.877,21,21
Orai1WT-MDSnap-Fr499_cleaned,572_ideal,0.4857043339316628,-7.214,-7.044,20,20
Orai1WT-MDSnap-Fr499_cleaned,5AN_ideal,2.750534715691155,-6.294,-6.317,9,9
Orai1WT-MDSnap-Fr499_cleaned,5B3_ideal,27.347806884952707,-10.144,-9.432,24,24
Orai1WT-MDSnap-Fr499_cleaned,641_ideal,0.03658581335887518,-8.563,-8.569,23,23
Orai1WT-MDSnap-Fr499_cleaned,6BD_ideal,35.293903530618024,-8.673,-7.976,21,21
Orai1WT-MDSnap-Fr499_cleaned,6LH_ideal,29.07461025534134,-6.386,-6.502,12,12
Orai1WT-MDSnap-Fr499_cleaned,6LR_ideal,0.03386492777688063,-4.509,-4.529,6,6
Orai1WT-MDSnap-Fr499_cleaned,6WT_ideal,1.165081542210673,-9.204,-9.255,19,19
Orai1WT-MDSnap-Fr499_cleaned,787_ideal,16.62023963124479,-7.299,-6.954,15,15
Orai1WT-MDSnap-Fr499_cleaned,791_ideal,43.74423349689384,-6.474,-6.339,13,13
Orai1WT-MDSnap-Fr499_cleaned,7BD_ideal,19.380233033944666,-8.466,-7.411,20,20
Orai1WT-MDSnap-Fr499_cleaned,7N8_ideal,0.410545977936698,-7.152,-7.014,15,15
Orai1WT-MDSnap-Fr499_cleaned,7TI_ideal,0.016770509831248184,-7.574,-7.585,20,20
Orai1WT-MDSnap-Fr499_cleaned,80G_ideal,0.3632241308486676,-7.187,-7.336,13,13
Orai1WT-MDSnap-Fr499_cleaned,911_ideal,20.59949239003895,-5.995,-6.33,11,11
Orai1WT-MDSnap-Fr499_cleaned,92G_ideal,1.344824552468863,-6.743,-6.713,13,13
Orai1WT-MDSnap-Fr499_cleaned,949_ideal,58.405991248158784,-8.628,-8.879,25,25
Orai1WT-MDSnap-Fr499_cleaned,9CA_ideal,0.09458614307359395,-8.018,-8.036,13,13
Orai1WT-MDSnap-Fr499_cleaned,9Y6_ideal,18.039573232202585,-6.357,-6.464,10,10
Orai1WT-MDSnap-Fr499_cleaned,A1AIA_ideal,0.030621683493890352,-7.614,-7.619,16,16
Orai1WT-MDSnap-Fr499_cleaned,A1AIK_ideal,14.498314184132518,-9.113,-8.685,22,22
Orai1WT-MDSnap-Fr499_cleaned,A1AT0_ideal,1.129872908549313,-9.139,-9.158,19,19
Orai1WT-MDSnap-Fr499_cleaned,A1CR0_ideal,37.17157164964594,-8.425,-7.752,21,21
Orai1WT-MDSnap-Fr499_cleaned,A1EEY_ideal,1.178157459765035,-7.039,-6.966,17,17
Orai1WT-MDSnap-Fr499_cleaned,A1IPI_ideal,23.217929000738486,-5.662,-5.73,12,12
