Protein,Ligand,Method_1,Pose_1_Rank,Method_2,Pose_2_Rank,RMSD_Å,Centroid_Δ_Å,Comparison
Orai1WT-MDSnap-Fr300,2abp-nh2-OPT,AutoDock_Vina,1,DiffDock,1,1.4,58.56,AutoDock_Vina#1 vs DiffDock#1
Orai1WT-MDSnap-Fr300,2abp-nh2-OPT,AutoDock_Vina,1,DiffDock,2,1.17,46.16,AutoDock_Vina#1 vs DiffDock#2
Orai1WT-MDSnap-Fr300,2abp-nh2-OPT,AutoDock_Vina,1,DiffDock,3,1.2,35.37,AutoDock_Vina#1 vs DiffDock#3
Orai1WT-MDSnap-Fr300,2abp-nh2-OPT,AutoDock_Vina,2,DiffDock,1,1.43,43.95,AutoDock_Vina#2 vs DiffDock#1
Orai1WT-MDSnap-Fr300,2abp-nh2-OPT,AutoDock_Vina,2,DiffDock,2,1.02,69.65,AutoDock_Vina#2 vs DiffDock#2
Orai1WT-MDSnap-Fr300,2abp-nh2-OPT,AutoDock_Vina,2,DiffDock,3,1.14,60.16,AutoDock_Vina#2 vs DiffDock#3
Orai1WT-MDSnap-Fr300,2abp-nh2-OPT,AutoDock_Vina,3,DiffDock,1,1.58,44.07,AutoDock_Vina#3 vs DiffDock#1
Orai1WT-MDSnap-Fr300,2abp-nh2-OPT,AutoDock_Vina,3,DiffDock,2,1.35,69.57,AutoDock_Vina#3 vs DiffDock#2
Orai1WT-MDSnap-Fr300,2abp-nh2-OPT,AutoDock_Vina,3,DiffDock,3,1.53,60.23,AutoDock_Vina#3 vs DiffDock#3
Orai1WT-MDSnap-Fr300,2abp-nh2-OPT,AutoDock_Vina,1,EquiBind,1,1.61,32.56,AutoDock_Vina#1 vs EquiBind#1
Orai1WT-MDSnap-Fr300,2abp-nh2-OPT,AutoDock_Vina,1,EquiBind,2,0.81,31.74,AutoDock_Vina#1 vs EquiBind#2
Orai1WT-MDSnap-Fr300,2abp-nh2-OPT,AutoDock_Vina,1,EquiBind,3,1.74,32.7,AutoDock_Vina#1 vs EquiBind#3
Orai1WT-MDSnap-Fr300,2abp-nh2-OPT,AutoDock_Vina,2,EquiBind,1,1.56,51.12,AutoDock_Vina#2 vs EquiBind#1
Orai1WT-MDSnap-Fr300,2abp-nh2-OPT,AutoDock_Vina,2,EquiBind,2,0.88,52.0,AutoDock_Vina#2 vs EquiBind#2
Orai1WT-MDSnap-Fr300,2abp-nh2-OPT,AutoDock_Vina,2,EquiBind,3,1.72,51.66,AutoDock_Vina#2 vs EquiBind#3
Orai1WT-MDSnap-Fr300,2abp-nh2-OPT,AutoDock_Vina,3,EquiBind,1,1.4,51.15,AutoDock_Vina#3 vs EquiBind#1
Orai1WT-MDSnap-Fr300,2abp-nh2-OPT,AutoDock_Vina,3,EquiBind,2,1.38,52.02,AutoDock_Vina#3 vs EquiBind#2
Orai1WT-MDSnap-Fr300,2abp-nh2-OPT,AutoDock_Vina,3,EquiBind,3,1.3,51.69,AutoDock_Vina#3 vs EquiBind#3
Orai1WT-MDSnap-Fr300,2abp-nh2-OPT,DiffDock,1,EquiBind,1,0.97,51.07,DiffDock#1 vs EquiBind#1
Orai1WT-MDSnap-Fr300,2abp-nh2-OPT,DiffDock,1,EquiBind,2,1.52,50.87,DiffDock#1 vs EquiBind#2
Orai1WT-MDSnap-Fr300,2abp-nh2-OPT,DiffDock,1,EquiBind,3,1.16,51.37,DiffDock#1 vs EquiBind#3
Orai1WT-MDSnap-Fr300,2abp-nh2-OPT,DiffDock,2,EquiBind,1,1.15,53.41,DiffDock#2 vs EquiBind#1
Orai1WT-MDSnap-Fr300,2abp-nh2-OPT,DiffDock,2,EquiBind,2,0.92,53.85,DiffDock#2 vs EquiBind#2
Orai1WT-MDSnap-Fr300,2abp-nh2-OPT,DiffDock,2,EquiBind,3,1.49,53.89,DiffDock#2 vs EquiBind#3
Orai1WT-MDSnap-Fr300,2abp-nh2-OPT,DiffDock,3,EquiBind,1,1.63,44.28,DiffDock#3 vs EquiBind#1
Orai1WT-MDSnap-Fr300,2abp-nh2-OPT,DiffDock,3,EquiBind,2,1.31,43.56,DiffDock#3 vs EquiBind#2
Orai1WT-MDSnap-Fr300,2abp-nh2-OPT,DiffDock,3,EquiBind,3,1.55,44.53,DiffDock#3 vs EquiBind#3
Orai1WT-MDSnap-Fr300,2abp-nh3p-OPT,DiffDock,1,EquiBind,1,1.19,31.94,DiffDock#1 vs EquiBind#1
Orai1WT-MDSnap-Fr300,2abp-nh3p-OPT,DiffDock,1,EquiBind,2,1.62,31.51,DiffDock#1 vs EquiBind#2
Orai1WT-MDSnap-Fr300,2abp-nh3p-OPT,DiffDock,1,EquiBind,3,1.89,33.38,DiffDock#1 vs EquiBind#3
Orai1WT-MDSnap-Fr300,2abp-nh3p-OPT,DiffDock,2,EquiBind,1,1.75,45.44,DiffDock#2 vs EquiBind#1
Orai1WT-MDSnap-Fr300,2abp-nh3p-OPT,DiffDock,2,EquiBind,2,1.29,48.52,DiffDock#2 vs EquiBind#2
Orai1WT-MDSnap-Fr300,2abp-nh3p-OPT,DiffDock,2,EquiBind,3,1.65,46.25,DiffDock#2 vs EquiBind#3
Orai1WT-MDSnap-Fr300,2abp-nh3p-OPT,DiffDock,3,EquiBind,1,1.19,31.94,DiffDock#3 vs EquiBind#1
Orai1WT-MDSnap-Fr300,2abp-nh3p-OPT,DiffDock,3,EquiBind,2,1.62,31.51,DiffDock#3 vs EquiBind#2
Orai1WT-MDSnap-Fr300,2abp-nh3p-OPT,DiffDock,3,EquiBind,3,1.89,33.38,DiffDock#3 vs EquiBind#3
Orai1WT-MDSnap-Fr300,Synta-66-OPT-Singlet,AutoDock_Vina,1,DiffDock,1,1.2,31.17,AutoDock_Vina#1 vs DiffDock#1
Orai1WT-MDSnap-Fr300,Synta-66-OPT-Singlet,AutoDock_Vina,1,DiffDock,2,1.06,36.46,AutoDock_Vina#1 vs DiffDock#2
Orai1WT-MDSnap-Fr300,Synta-66-OPT-Singlet,AutoDock_Vina,1,DiffDock,3,1.06,36.46,AutoDock_Vina#1 vs DiffDock#3
Orai1WT-MDSnap-Fr300,Synta-66-OPT-Singlet,AutoDock_Vina,2,DiffDock,1,1.14,32.27,AutoDock_Vina#2 vs DiffDock#1
Orai1WT-MDSnap-Fr300,Synta-66-OPT-Singlet,AutoDock_Vina,2,DiffDock,2,1.41,35.74,AutoDock_Vina#2 vs DiffDock#2
Orai1WT-MDSnap-Fr300,Synta-66-OPT-Singlet,AutoDock_Vina,2,DiffDock,3,1.41,35.74,AutoDock_Vina#2 vs DiffDock#3
Orai1WT-MDSnap-Fr300,Synta-66-OPT-Singlet,AutoDock_Vina,3,DiffDock,1,1.73,18.95,AutoDock_Vina#3 vs DiffDock#1
Orai1WT-MDSnap-Fr300,Synta-66-OPT-Singlet,AutoDock_Vina,3,DiffDock,2,1.07,38.12,AutoDock_Vina#3 vs DiffDock#2
Orai1WT-MDSnap-Fr300,Synta-66-OPT-Singlet,AutoDock_Vina,3,DiffDock,3,1.07,38.12,AutoDock_Vina#3 vs DiffDock#3
Orai1WT-MDSnap-Fr300,Synta-66-OPT-Singlet,AutoDock_Vina,1,EquiBind,1,1.19,18.02,AutoDock_Vina#1 vs EquiBind#1
Orai1WT-MDSnap-Fr300,Synta-66-OPT-Singlet,AutoDock_Vina,1,EquiBind,2,0.67,17.92,AutoDock_Vina#1 vs EquiBind#2
Orai1WT-MDSnap-Fr300,Synta-66-OPT-Singlet,AutoDock_Vina,1,EquiBind,3,0.88,17.92,AutoDock_Vina#1 vs EquiBind#3
Orai1WT-MDSnap-Fr300,Synta-66-OPT-Singlet,AutoDock_Vina,2,EquiBind,1,1.46,19.27,AutoDock_Vina#2 vs EquiBind#1
Orai1WT-MDSnap-Fr300,Synta-66-OPT-Singlet,AutoDock_Vina,2,EquiBind,2,0.99,19.17,AutoDock_Vina#2 vs EquiBind#2
Orai1WT-MDSnap-Fr300,Synta-66-OPT-Singlet,AutoDock_Vina,2,EquiBind,3,1.36,19.17,AutoDock_Vina#2 vs EquiBind#3
Orai1WT-MDSnap-Fr300,Synta-66-OPT-Singlet,AutoDock_Vina,3,EquiBind,1,1.11,40.21,AutoDock_Vina#3 vs EquiBind#1
Orai1WT-MDSnap-Fr300,Synta-66-OPT-Singlet,AutoDock_Vina,3,EquiBind,2,1.43,40.16,AutoDock_Vina#3 vs EquiBind#2
Orai1WT-MDSnap-Fr300,Synta-66-OPT-Singlet,AutoDock_Vina,3,EquiBind,3,1.1,40.16,AutoDock_Vina#3 vs EquiBind#3
Orai1WT-MDSnap-Fr300,Synta-66-OPT-Singlet,DiffDock,1,EquiBind,1,1.5,39.27,DiffDock#1 vs EquiBind#1
Orai1WT-MDSnap-Fr300,Synta-66-OPT-Singlet,DiffDock,1,EquiBind,2,1.38,39.27,DiffDock#1 vs EquiBind#2
Orai1WT-MDSnap-Fr300,Synta-66-OPT-Singlet,DiffDock,1,EquiBind,3,1.56,39.27,DiffDock#1 vs EquiBind#3
Orai1WT-MDSnap-Fr300,Synta-66-OPT-Singlet,DiffDock,2,EquiBind,1,0.62,51.16,DiffDock#2 vs EquiBind#1
Orai1WT-MDSnap-Fr300,Synta-66-OPT-Singlet,DiffDock,2,EquiBind,2,1.12,51.03,DiffDock#2 vs EquiBind#2
Orai1WT-MDSnap-Fr300,Synta-66-OPT-Singlet,DiffDock,2,EquiBind,3,0.71,51.03,DiffDock#2 vs EquiBind#3
Orai1WT-MDSnap-Fr300,Synta-66-OPT-Singlet,DiffDock,3,EquiBind,1,0.62,51.16,DiffDock#3 vs EquiBind#1
Orai1WT-MDSnap-Fr300,Synta-66-OPT-Singlet,DiffDock,3,EquiBind,2,1.12,51.03,DiffDock#3 vs EquiBind#2
Orai1WT-MDSnap-Fr300,Synta-66-OPT-Singlet,DiffDock,3,EquiBind,3,0.71,51.03,DiffDock#3 vs EquiBind#3
Orai1WT-MDSnap-Fr300,gsk7975a-deprot-OPT,AutoDock_Vina,1,DiffDock,1,2.35,33.91,AutoDock_Vina#1 vs DiffDock#1
Orai1WT-MDSnap-Fr300,gsk7975a-deprot-OPT,AutoDock_Vina,1,DiffDock,2,1.67,14.45,AutoDock_Vina#1 vs DiffDock#2
Orai1WT-MDSnap-Fr300,gsk7975a-deprot-OPT,AutoDock_Vina,1,DiffDock,3,2.35,33.91,AutoDock_Vina#1 vs DiffDock#3
Orai1WT-MDSnap-Fr300,gsk7975a-deprot-OPT,AutoDock_Vina,2,DiffDock,1,1.86,50.14,AutoDock_Vina#2 vs DiffDock#1
Orai1WT-MDSnap-Fr300,gsk7975a-deprot-OPT,AutoDock_Vina,2,DiffDock,2,2.16,46.28,AutoDock_Vina#2 vs DiffDock#2
Orai1WT-MDSnap-Fr300,gsk7975a-deprot-OPT,AutoDock_Vina,2,DiffDock,3,1.86,50.14,AutoDock_Vina#2 vs DiffDock#3
Orai1WT-MDSnap-Fr300,gsk7975a-deprot-OPT,AutoDock_Vina,3,DiffDock,1,1.49,31.77,AutoDock_Vina#3 vs DiffDock#1
Orai1WT-MDSnap-Fr300,gsk7975a-deprot-OPT,AutoDock_Vina,3,DiffDock,2,1.69,12.23,AutoDock_Vina#3 vs DiffDock#2
Orai1WT-MDSnap-Fr300,gsk7975a-deprot-OPT,AutoDock_Vina,3,DiffDock,3,1.49,31.77,AutoDock_Vina#3 vs DiffDock#3
Orai1WT-MDSnap-Fr300,gsk7975a-deprot-OPT,AutoDock_Vina,1,EquiBind,1,1.86,34.49,AutoDock_Vina#1 vs EquiBind#1
Orai1WT-MDSnap-Fr300,gsk7975a-deprot-OPT,AutoDock_Vina,1,EquiBind,2,2.37,35.74,AutoDock_Vina#1 vs EquiBind#2
Orai1WT-MDSnap-Fr300,gsk7975a-deprot-OPT,AutoDock_Vina,2,EquiBind,1,2.01,34.68,AutoDock_Vina#2 vs EquiBind#1
Orai1WT-MDSnap-Fr300,gsk7975a-deprot-OPT,AutoDock_Vina,2,EquiBind,2,1.38,31.91,AutoDock_Vina#2 vs EquiBind#2
Orai1WT-MDSnap-Fr300,gsk7975a-deprot-OPT,AutoDock_Vina,3,EquiBind,1,1.8,31.89,AutoDock_Vina#3 vs EquiBind#1
Orai1WT-MDSnap-Fr300,gsk7975a-deprot-OPT,AutoDock_Vina,3,EquiBind,2,1.95,33.15,AutoDock_Vina#3 vs EquiBind#2
Orai1WT-MDSnap-Fr300,gsk7975a-deprot-OPT,DiffDock,1,EquiBind,1,2.23,27.14,DiffDock#1 vs EquiBind#1
Orai1WT-MDSnap-Fr300,gsk7975a-deprot-OPT,DiffDock,1,EquiBind,2,1.77,28.8,DiffDock#1 vs EquiBind#2
Orai1WT-MDSnap-Fr300,gsk7975a-deprot-OPT,DiffDock,2,EquiBind,1,1.92,25.39,DiffDock#2 vs EquiBind#1
Orai1WT-MDSnap-Fr300,gsk7975a-deprot-OPT,DiffDock,2,EquiBind,2,1.8,26.16,DiffDock#2 vs EquiBind#2
Orai1WT-MDSnap-Fr300,gsk7975a-deprot-OPT,DiffDock,3,EquiBind,1,2.23,27.14,DiffDock#3 vs EquiBind#1
Orai1WT-MDSnap-Fr300,gsk7975a-deprot-OPT,DiffDock,3,EquiBind,2,1.77,28.8,DiffDock#3 vs EquiBind#2
Orai1WT-MDSnap-Fr300,gsk7975a-prot-OPT,AutoDock_Vina,1,DiffDock,1,2.02,23.7,AutoDock_Vina#1 vs DiffDock#1
Orai1WT-MDSnap-Fr300,gsk7975a-prot-OPT,AutoDock_Vina,1,DiffDock,2,1.82,34.66,AutoDock_Vina#1 vs DiffDock#2
Orai1WT-MDSnap-Fr300,gsk7975a-prot-OPT,AutoDock_Vina,1,DiffDock,3,1.48,23.14,AutoDock_Vina#1 vs DiffDock#3
Orai1WT-MDSnap-Fr300,gsk7975a-prot-OPT,AutoDock_Vina,2,DiffDock,1,1.39,25.25,AutoDock_Vina#2 vs DiffDock#1
Orai1WT-MDSnap-Fr300,gsk7975a-prot-OPT,AutoDock_Vina,2,DiffDock,2,1.98,34.14,AutoDock_Vina#2 vs DiffDock#2
Orai1WT-MDSnap-Fr300,gsk7975a-prot-OPT,AutoDock_Vina,2,DiffDock,3,1.31,21.85,AutoDock_Vina#2 vs DiffDock#3
Orai1WT-MDSnap-Fr300,gsk7975a-prot-OPT,AutoDock_Vina,3,DiffDock,1,1.45,22.42,AutoDock_Vina#3 vs DiffDock#1
Orai1WT-MDSnap-Fr300,gsk7975a-prot-OPT,AutoDock_Vina,3,DiffDock,2,1.74,32.63,AutoDock_Vina#3 vs DiffDock#2
Orai1WT-MDSnap-Fr300,gsk7975a-prot-OPT,AutoDock_Vina,3,DiffDock,3,1.88,24.85,AutoDock_Vina#3 vs DiffDock#3
Orai1WT-MDSnap-Fr300_cleaned,2abp-nh2-OPT,AutoDock_Vina,1,EquiBind,1,1.72,42.51,AutoDock_Vina#1 vs EquiBind#1
Orai1WT-MDSnap-Fr300_cleaned,2abp-nh2-OPT,AutoDock_Vina,1,EquiBind,2,0.92,42.15,AutoDock_Vina#1 vs EquiBind#2
Orai1WT-MDSnap-Fr300_cleaned,2abp-nh2-OPT,AutoDock_Vina,1,EquiBind,3,1.6,42.84,AutoDock_Vina#1 vs EquiBind#3
Orai1WT-MDSnap-Fr300_cleaned,2abp-nh2-OPT,AutoDock_Vina,2,EquiBind,1,0.99,42.39,AutoDock_Vina#2 vs EquiBind#1
Orai1WT-MDSnap-Fr300_cleaned,2abp-nh2-OPT,AutoDock_Vina,2,EquiBind,2,1.7,42.02,AutoDock_Vina#2 vs EquiBind#2
Orai1WT-MDSnap-Fr300_cleaned,2abp-nh2-OPT,AutoDock_Vina,2,EquiBind,3,1.13,42.72,AutoDock_Vina#2 vs EquiBind#3
Orai1WT-MDSnap-Fr300_cleaned,2abp-nh2-OPT,AutoDock_Vina,3,EquiBind,1,1.34,26.29,AutoDock_Vina#3 vs EquiBind#1
Orai1WT-MDSnap-Fr300_cleaned,2abp-nh2-OPT,AutoDock_Vina,3,EquiBind,2,0.99,25.17,AutoDock_Vina#3 vs EquiBind#2
Orai1WT-MDSnap-Fr300_cleaned,2abp-nh2-OPT,AutoDock_Vina,3,EquiBind,3,1.2,26.4,AutoDock_Vina#3 vs EquiBind#3
Orai1WT-MDSnap-Fr300_cleaned,Synta-66-OPT-Singlet,AutoDock_Vina,1,EquiBind,1,1.36,40.68,AutoDock_Vina#1 vs EquiBind#1
Orai1WT-MDSnap-Fr300_cleaned,Synta-66-OPT-Singlet,AutoDock_Vina,1,EquiBind,2,1.15,40.68,AutoDock_Vina#1 vs EquiBind#2
Orai1WT-MDSnap-Fr300_cleaned,Synta-66-OPT-Singlet,AutoDock_Vina,1,EquiBind,3,0.74,40.68,AutoDock_Vina#1 vs EquiBind#3
Orai1WT-MDSnap-Fr300_cleaned,Synta-66-OPT-Singlet,AutoDock_Vina,2,EquiBind,1,1.6,19.4,AutoDock_Vina#2 vs EquiBind#1
Orai1WT-MDSnap-Fr300_cleaned,Synta-66-OPT-Singlet,AutoDock_Vina,2,EquiBind,2,0.83,19.4,AutoDock_Vina#2 vs EquiBind#2
Orai1WT-MDSnap-Fr300_cleaned,Synta-66-OPT-Singlet,AutoDock_Vina,2,EquiBind,3,1.23,19.4,AutoDock_Vina#2 vs EquiBind#3
Orai1WT-MDSnap-Fr300_cleaned,Synta-66-OPT-Singlet,AutoDock_Vina,3,EquiBind,1,1.38,18.93,AutoDock_Vina#3 vs EquiBind#1
Orai1WT-MDSnap-Fr300_cleaned,Synta-66-OPT-Singlet,AutoDock_Vina,3,EquiBind,2,1.37,18.93,AutoDock_Vina#3 vs EquiBind#2
Orai1WT-MDSnap-Fr300_cleaned,Synta-66-OPT-Singlet,AutoDock_Vina,3,EquiBind,3,1.64,18.93,AutoDock_Vina#3 vs EquiBind#3
Orai1WT-MDSnap-Fr300_cleaned,gsk7975a-deprot-OPT,AutoDock_Vina,1,EquiBind,1,1.96,34.7,AutoDock_Vina#1 vs EquiBind#1
Orai1WT-MDSnap-Fr300_cleaned,gsk7975a-deprot-OPT,AutoDock_Vina,1,EquiBind,2,2.21,36.78,AutoDock_Vina#1 vs EquiBind#2
Orai1WT-MDSnap-Fr300_cleaned,gsk7975a-deprot-OPT,AutoDock_Vina,2,EquiBind,1,1.73,32.15,AutoDock_Vina#2 vs EquiBind#1
Orai1WT-MDSnap-Fr300_cleaned,gsk7975a-deprot-OPT,AutoDock_Vina,2,EquiBind,2,1.98,34.26,AutoDock_Vina#2 vs EquiBind#2
Orai1WT-MDSnap-Fr300_cleaned,gsk7975a-deprot-OPT,AutoDock_Vina,3,EquiBind,1,2.77,23.37,AutoDock_Vina#3 vs EquiBind#1
Orai1WT-MDSnap-Fr300_cleaned,gsk7975a-deprot-OPT,AutoDock_Vina,3,EquiBind,2,2.37,24.08,AutoDock_Vina#3 vs EquiBind#2
Orai1WT-MDSnap-Fr400,2abp-nh2-OPT,AutoDock_Vina,1,DiffDock,1,1.31,34.78,AutoDock_Vina#1 vs DiffDock#1
Orai1WT-MDSnap-Fr400,2abp-nh2-OPT,AutoDock_Vina,1,DiffDock,2,1.17,27.3,AutoDock_Vina#1 vs DiffDock#2
Orai1WT-MDSnap-Fr400,2abp-nh2-OPT,AutoDock_Vina,1,DiffDock,3,1.17,27.3,AutoDock_Vina#1 vs DiffDock#3
Orai1WT-MDSnap-Fr400,2abp-nh2-OPT,AutoDock_Vina,2,DiffDock,1,1.34,30.65,AutoDock_Vina#2 vs DiffDock#1
Orai1WT-MDSnap-Fr400,2abp-nh2-OPT,AutoDock_Vina,2,DiffDock,2,1.66,33.78,AutoDock_Vina#2 vs DiffDock#2
Orai1WT-MDSnap-Fr400,2abp-nh2-OPT,AutoDock_Vina,2,DiffDock,3,1.66,33.78,AutoDock_Vina#2 vs DiffDock#3
Orai1WT-MDSnap-Fr400,2abp-nh2-OPT,AutoDock_Vina,3,DiffDock,1,1.68,14.0,AutoDock_Vina#3 vs DiffDock#1
Orai1WT-MDSnap-Fr400,2abp-nh2-OPT,AutoDock_Vina,3,DiffDock,2,1.14,60.19,AutoDock_Vina#3 vs DiffDock#2
Orai1WT-MDSnap-Fr400,2abp-nh2-OPT,AutoDock_Vina,3,DiffDock,3,1.14,60.19,AutoDock_Vina#3 vs DiffDock#3
Orai1WT-MDSnap-Fr400,2abp-nh2-OPT,AutoDock_Vina,1,EquiBind,1,0.72,23.58,AutoDock_Vina#1 vs EquiBind#1
Orai1WT-MDSnap-Fr400,2abp-nh2-OPT,AutoDock_Vina,1,EquiBind,2,1.28,24.03,AutoDock_Vina#1 vs EquiBind#2
Orai1WT-MDSnap-Fr400,2abp-nh2-OPT,AutoDock_Vina,1,EquiBind,3,1.4,24.25,AutoDock_Vina#1 vs EquiBind#3
Orai1WT-MDSnap-Fr400,2abp-nh2-OPT,AutoDock_Vina,2,EquiBind,1,1.88,23.78,AutoDock_Vina#2 vs EquiBind#1
Orai1WT-MDSnap-Fr400,2abp-nh2-OPT,AutoDock_Vina,2,EquiBind,2,1.52,24.59,AutoDock_Vina#2 vs EquiBind#2
Orai1WT-MDSnap-Fr400,2abp-nh2-OPT,AutoDock_Vina,2,EquiBind,3,1.52,24.41,AutoDock_Vina#2 vs EquiBind#3
Orai1WT-MDSnap-Fr400,2abp-nh2-OPT,AutoDock_Vina,3,EquiBind,1,1.22,28.77,AutoDock_Vina#3 vs EquiBind#1
Orai1WT-MDSnap-Fr400,2abp-nh2-OPT,AutoDock_Vina,3,EquiBind,2,1.62,29.73,AutoDock_Vina#3 vs EquiBind#2
Orai1WT-MDSnap-Fr400,2abp-nh2-OPT,AutoDock_Vina,3,EquiBind,3,0.76,28.41,AutoDock_Vina#3 vs EquiBind#3
Orai1WT-MDSnap-Fr400,2abp-nh2-OPT,DiffDock,1,EquiBind,1,1.65,21.82,DiffDock#1 vs EquiBind#1
Orai1WT-MDSnap-Fr400,2abp-nh2-OPT,DiffDock,1,EquiBind,2,0.96,23.04,DiffDock#1 vs EquiBind#2
Orai1WT-MDSnap-Fr400,2abp-nh2-OPT,DiffDock,1,EquiBind,3,1.91,21.52,DiffDock#1 vs EquiBind#3
Orai1WT-MDSnap-Fr400,2abp-nh2-OPT,DiffDock,2,EquiBind,1,0.83,41.61,DiffDock#2 vs EquiBind#1
Orai1WT-MDSnap-Fr400,2abp-nh2-OPT,DiffDock,2,EquiBind,2,1.24,41.09,DiffDock#2 vs EquiBind#2
Orai1WT-MDSnap-Fr400,2abp-nh2-OPT,DiffDock,2,EquiBind,3,0.98,42.19,DiffDock#2 vs EquiBind#3
Orai1WT-MDSnap-Fr400,2abp-nh2-OPT,DiffDock,3,EquiBind,1,0.83,41.61,DiffDock#3 vs EquiBind#1
Orai1WT-MDSnap-Fr400,2abp-nh2-OPT,DiffDock,3,EquiBind,2,1.24,41.09,DiffDock#3 vs EquiBind#2
Orai1WT-MDSnap-Fr400,2abp-nh2-OPT,DiffDock,3,EquiBind,3,0.98,42.19,DiffDock#3 vs EquiBind#3
Orai1WT-MDSnap-Fr400,2abp-nh3p-OPT,DiffDock,1,EquiBind,1,1.4,54.72,DiffDock#1 vs EquiBind#1
Orai1WT-MDSnap-Fr400,2abp-nh3p-OPT,DiffDock,1,EquiBind,2,1.43,56.03,DiffDock#1 vs EquiBind#2
Orai1WT-MDSnap-Fr400,2abp-nh3p-OPT,DiffDock,1,EquiBind,3,1.58,55.65,DiffDock#1 vs EquiBind#3
Orai1WT-MDSnap-Fr400,2abp-nh3p-OPT,DiffDock,2,EquiBind,1,1.65,59.06,DiffDock#2 vs EquiBind#1
Orai1WT-MDSnap-Fr400,2abp-nh3p-OPT,DiffDock,2,EquiBind,2,1.24,59.22,DiffDock#2 vs EquiBind#2
Orai1WT-MDSnap-Fr400,2abp-nh3p-OPT,DiffDock,2,EquiBind,3,1.71,60.09,DiffDock#2 vs EquiBind#3
Orai1WT-MDSnap-Fr400,2abp-nh3p-OPT,DiffDock,3,EquiBind,1,1.4,54.72,DiffDock#3 vs EquiBind#1
Orai1WT-MDSnap-Fr400,2abp-nh3p-OPT,DiffDock,3,EquiBind,2,1.43,56.03,DiffDock#3 vs EquiBind#2
Orai1WT-MDSnap-Fr400,2abp-nh3p-OPT,DiffDock,3,EquiBind,3,1.58,55.65,DiffDock#3 vs EquiBind#3
Orai1WT-MDSnap-Fr400,Synta-66-OPT-Singlet,AutoDock_Vina,1,DiffDock,1,1.59,29.1,AutoDock_Vina#1 vs DiffDock#1
Orai1WT-MDSnap-Fr400,Synta-66-OPT-Singlet,AutoDock_Vina,1,DiffDock,2,1.28,53.91,AutoDock_Vina#1 vs DiffDock#2
Orai1WT-MDSnap-Fr400,Synta-66-OPT-Singlet,AutoDock_Vina,1,DiffDock,3,1.28,53.91,AutoDock_Vina#1 vs DiffDock#3
Orai1WT-MDSnap-Fr400,Synta-66-OPT-Singlet,AutoDock_Vina,2,DiffDock,1,0.98,28.87,AutoDock_Vina#2 vs DiffDock#1
Orai1WT-MDSnap-Fr400,Synta-66-OPT-Singlet,AutoDock_Vina,2,DiffDock,2,1.23,54.17,AutoDock_Vina#2 vs DiffDock#2
Orai1WT-MDSnap-Fr400,Synta-66-OPT-Singlet,AutoDock_Vina,2,DiffDock,3,1.23,54.17,AutoDock_Vina#2 vs DiffDock#3
Orai1WT-MDSnap-Fr400,Synta-66-OPT-Singlet,AutoDock_Vina,3,DiffDock,1,1.13,44.34,AutoDock_Vina#3 vs DiffDock#1
Orai1WT-MDSnap-Fr400,Synta-66-OPT-Singlet,AutoDock_Vina,3,DiffDock,2,1.39,5.12,AutoDock_Vina#3 vs DiffDock#2
Orai1WT-MDSnap-Fr400,Synta-66-OPT-Singlet,AutoDock_Vina,3,DiffDock,3,1.39,5.12,AutoDock_Vina#3 vs DiffDock#3
Orai1WT-MDSnap-Fr400,Synta-66-OPT-Singlet,AutoDock_Vina,1,EquiBind,1,1.31,46.93,AutoDock_Vina#1 vs EquiBind#1
Orai1WT-MDSnap-Fr400,Synta-66-OPT-Singlet,AutoDock_Vina,1,EquiBind,2,1.4,46.93,AutoDock_Vina#1 vs EquiBind#2
Orai1WT-MDSnap-Fr400,Synta-66-OPT-Singlet,AutoDock_Vina,1,EquiBind,3,1.52,46.92,AutoDock_Vina#1 vs EquiBind#3
Orai1WT-MDSnap-Fr400,Synta-66-OPT-Singlet,AutoDock_Vina,2,EquiBind,1,1.4,47.01,AutoDock_Vina#2 vs EquiBind#1
Orai1WT-MDSnap-Fr400,Synta-66-OPT-Singlet,AutoDock_Vina,2,EquiBind,2,1.29,47.02,AutoDock_Vina#2 vs EquiBind#2
Orai1WT-MDSnap-Fr400,Synta-66-OPT-Singlet,AutoDock_Vina,2,EquiBind,3,1.02,47.01,AutoDock_Vina#2 vs EquiBind#3
Orai1WT-MDSnap-Fr400,Synta-66-OPT-Singlet,AutoDock_Vina,3,EquiBind,1,1.39,20.0,AutoDock_Vina#3 vs EquiBind#1
Orai1WT-MDSnap-Fr400,Synta-66-OPT-Singlet,AutoDock_Vina,3,EquiBind,2,1.36,20.0,AutoDock_Vina#3 vs EquiBind#2
Orai1WT-MDSnap-Fr400,Synta-66-OPT-Singlet,AutoDock_Vina,3,EquiBind,3,1.18,19.93,AutoDock_Vina#3 vs EquiBind#3
Orai1WT-MDSnap-Fr400,Synta-66-OPT-Singlet,DiffDock,1,EquiBind,1,1.29,33.38,DiffDock#1 vs EquiBind#1
Orai1WT-MDSnap-Fr400,Synta-66-OPT-Singlet,DiffDock,1,EquiBind,2,0.98,33.38,DiffDock#1 vs EquiBind#2
Orai1WT-MDSnap-Fr400,Synta-66-OPT-Singlet,DiffDock,1,EquiBind,3,0.69,33.35,DiffDock#1 vs EquiBind#3
Orai1WT-MDSnap-Fr400,Synta-66-OPT-Singlet,DiffDock,2,EquiBind,1,0.83,22.41,DiffDock#2 vs EquiBind#1
Orai1WT-MDSnap-Fr400,Synta-66-OPT-Singlet,DiffDock,2,EquiBind,2,1.27,22.41,DiffDock#2 vs EquiBind#2
Orai1WT-MDSnap-Fr400,Synta-66-OPT-Singlet,DiffDock,2,EquiBind,3,1.0,22.34,DiffDock#2 vs EquiBind#3
Orai1WT-MDSnap-Fr400,Synta-66-OPT-Singlet,DiffDock,3,EquiBind,1,0.83,22.41,DiffDock#3 vs EquiBind#1
Orai1WT-MDSnap-Fr400,Synta-66-OPT-Singlet,DiffDock,3,EquiBind,2,1.27,22.41,DiffDock#3 vs EquiBind#2
Orai1WT-MDSnap-Fr400,Synta-66-OPT-Singlet,DiffDock,3,EquiBind,3,1.0,22.34,DiffDock#3 vs EquiBind#3
Orai1WT-MDSnap-Fr400,gsk7975a-deprot-OPT,AutoDock_Vina,1,DiffDock,1,1.92,25.68,AutoDock_Vina#1 vs DiffDock#1
Orai1WT-MDSnap-Fr400,gsk7975a-deprot-OPT,AutoDock_Vina,1,DiffDock,2,2.38,17.21,AutoDock_Vina#1 vs DiffDock#2
Orai1WT-MDSnap-Fr400,gsk7975a-deprot-OPT,AutoDock_Vina,1,DiffDock,3,2.38,17.21,AutoDock_Vina#1 vs DiffDock#3
Orai1WT-MDSnap-Fr400,gsk7975a-deprot-OPT,AutoDock_Vina,2,DiffDock,1,2.06,57.77,AutoDock_Vina#2 vs DiffDock#1
Orai1WT-MDSnap-Fr400,gsk7975a-deprot-OPT,AutoDock_Vina,2,DiffDock,2,1.87,51.84,AutoDock_Vina#2 vs DiffDock#2
Orai1WT-MDSnap-Fr400,gsk7975a-deprot-OPT,AutoDock_Vina,2,DiffDock,3,1.87,51.84,AutoDock_Vina#2 vs DiffDock#3
Orai1WT-MDSnap-Fr400,gsk7975a-deprot-OPT,AutoDock_Vina,3,DiffDock,1,2.02,63.76,AutoDock_Vina#3 vs DiffDock#1
Orai1WT-MDSnap-Fr400,gsk7975a-deprot-OPT,AutoDock_Vina,3,DiffDock,2,2.12,61.69,AutoDock_Vina#3 vs DiffDock#2
Orai1WT-MDSnap-Fr400,gsk7975a-deprot-OPT,AutoDock_Vina,3,DiffDock,3,2.12,61.69,AutoDock_Vina#3 vs DiffDock#3
Orai1WT-MDSnap-Fr400,gsk7975a-deprot-OPT,AutoDock_Vina,1,EquiBind,1,1.97,7.26,AutoDock_Vina#1 vs EquiBind#1
Orai1WT-MDSnap-Fr400,gsk7975a-deprot-OPT,AutoDock_Vina,1,EquiBind,2,2.14,9.04,AutoDock_Vina#1 vs EquiBind#2
Orai1WT-MDSnap-Fr400,gsk7975a-deprot-OPT,AutoDock_Vina,2,EquiBind,1,1.26,38.33,AutoDock_Vina#2 vs EquiBind#1
Orai1WT-MDSnap-Fr400,gsk7975a-deprot-OPT,AutoDock_Vina,2,EquiBind,2,1.99,36.38,AutoDock_Vina#2 vs EquiBind#2
Orai1WT-MDSnap-Fr400,gsk7975a-deprot-OPT,AutoDock_Vina,3,EquiBind,1,2.35,48.62,AutoDock_Vina#3 vs EquiBind#1
Orai1WT-MDSnap-Fr400,gsk7975a-deprot-OPT,AutoDock_Vina,3,EquiBind,2,2.15,48.12,AutoDock_Vina#3 vs EquiBind#2
Orai1WT-MDSnap-Fr400,gsk7975a-deprot-OPT,DiffDock,1,EquiBind,1,2.27,32.77,DiffDock#1 vs EquiBind#1
Orai1WT-MDSnap-Fr400,gsk7975a-deprot-OPT,DiffDock,1,EquiBind,2,1.31,34.72,DiffDock#1 vs EquiBind#2
Orai1WT-MDSnap-Fr400,gsk7975a-deprot-OPT,DiffDock,2,EquiBind,1,1.26,24.25,DiffDock#2 vs EquiBind#1
Orai1WT-MDSnap-Fr400,gsk7975a-deprot-OPT,DiffDock,2,EquiBind,2,2.6,25.84,DiffDock#2 vs EquiBind#2
Orai1WT-MDSnap-Fr400,gsk7975a-deprot-OPT,DiffDock,3,EquiBind,1,1.26,24.25,DiffDock#3 vs EquiBind#1
Orai1WT-MDSnap-Fr400,gsk7975a-deprot-OPT,DiffDock,3,EquiBind,2,2.6,25.84,DiffDock#3 vs EquiBind#2
Orai1WT-MDSnap-Fr400,gsk7975a-prot-OPT,AutoDock_Vina,1,DiffDock,1,2.58,45.91,AutoDock_Vina#1 vs DiffDock#1
Orai1WT-MDSnap-Fr400,gsk7975a-prot-OPT,AutoDock_Vina,1,DiffDock,2,1.88,42.75,AutoDock_Vina#1 vs DiffDock#2
Orai1WT-MDSnap-Fr400,gsk7975a-prot-OPT,AutoDock_Vina,1,DiffDock,3,1.88,42.75,AutoDock_Vina#1 vs DiffDock#3
Orai1WT-MDSnap-Fr400,gsk7975a-prot-OPT,AutoDock_Vina,2,DiffDock,1,1.49,61.81,AutoDock_Vina#2 vs DiffDock#1
Orai1WT-MDSnap-Fr400,gsk7975a-prot-OPT,AutoDock_Vina,2,DiffDock,2,2.45,62.03,AutoDock_Vina#2 vs DiffDock#2
Orai1WT-MDSnap-Fr400,gsk7975a-prot-OPT,AutoDock_Vina,2,DiffDock,3,2.45,62.03,AutoDock_Vina#2 vs DiffDock#3
Orai1WT-MDSnap-Fr400,gsk7975a-prot-OPT,AutoDock_Vina,3,DiffDock,1,1.91,30.44,AutoDock_Vina#3 vs DiffDock#1
Orai1WT-MDSnap-Fr400,gsk7975a-prot-OPT,AutoDock_Vina,3,DiffDock,2,1.6,31.86,AutoDock_Vina#3 vs DiffDock#2
Orai1WT-MDSnap-Fr400,gsk7975a-prot-OPT,AutoDock_Vina,3,DiffDock,3,1.6,31.86,AutoDock_Vina#3 vs DiffDock#3
Orai1WT-MDSnap-Fr400_cleaned,2abp-nh2-OPT,AutoDock_Vina,1,EquiBind,1,1.4,28.73,AutoDock_Vina#1 vs EquiBind#1
Orai1WT-MDSnap-Fr400_cleaned,2abp-nh2-OPT,AutoDock_Vina,1,EquiBind,2,0.68,29.67,AutoDock_Vina#1 vs EquiBind#2
Orai1WT-MDSnap-Fr400_cleaned,2abp-nh2-OPT,AutoDock_Vina,1,EquiBind,3,1.91,29.31,AutoDock_Vina#1 vs EquiBind#3
Orai1WT-MDSnap-Fr400_cleaned,2abp-nh2-OPT,AutoDock_Vina,2,EquiBind,1,1.33,27.8,AutoDock_Vina#2 vs EquiBind#1
Orai1WT-MDSnap-Fr400_cleaned,2abp-nh2-OPT,AutoDock_Vina,2,EquiBind,2,1.04,29.64,AutoDock_Vina#2 vs EquiBind#2
Orai1WT-MDSnap-Fr400_cleaned,2abp-nh2-OPT,AutoDock_Vina,2,EquiBind,3,1.41,28.77,AutoDock_Vina#2 vs EquiBind#3
Orai1WT-MDSnap-Fr400_cleaned,2abp-nh2-OPT,AutoDock_Vina,3,EquiBind,1,1.05,28.65,AutoDock_Vina#3 vs EquiBind#1
Orai1WT-MDSnap-Fr400_cleaned,2abp-nh2-OPT,AutoDock_Vina,3,EquiBind,2,1.63,29.6,AutoDock_Vina#3 vs EquiBind#2
Orai1WT-MDSnap-Fr400_cleaned,2abp-nh2-OPT,AutoDock_Vina,3,EquiBind,3,1.18,29.23,AutoDock_Vina#3 vs EquiBind#3
Orai1WT-MDSnap-Fr400_cleaned,Synta-66-OPT-Singlet,AutoDock_Vina,1,EquiBind,1,1.66,48.15,AutoDock_Vina#1 vs EquiBind#1
Orai1WT-MDSnap-Fr400_cleaned,Synta-66-OPT-Singlet,AutoDock_Vina,1,EquiBind,2,0.73,48.15,AutoDock_Vina#1 vs EquiBind#2
Orai1WT-MDSnap-Fr400_cleaned,Synta-66-OPT-Singlet,AutoDock_Vina,1,EquiBind,3,0.94,48.15,AutoDock_Vina#1 vs EquiBind#3
Orai1WT-MDSnap-Fr400_cleaned,Synta-66-OPT-Singlet,AutoDock_Vina,2,EquiBind,1,0.87,20.16,AutoDock_Vina#2 vs EquiBind#1
Orai1WT-MDSnap-Fr400_cleaned,Synta-66-OPT-Singlet,AutoDock_Vina,2,EquiBind,2,1.4,20.17,AutoDock_Vina#2 vs EquiBind#2
Orai1WT-MDSnap-Fr400_cleaned,Synta-66-OPT-Singlet,AutoDock_Vina,2,EquiBind,3,1.32,20.17,AutoDock_Vina#2 vs EquiBind#3
Orai1WT-MDSnap-Fr400_cleaned,Synta-66-OPT-Singlet,AutoDock_Vina,3,EquiBind,1,1.43,48.09,AutoDock_Vina#3 vs EquiBind#1
Orai1WT-MDSnap-Fr400_cleaned,Synta-66-OPT-Singlet,AutoDock_Vina,3,EquiBind,2,1.26,48.08,AutoDock_Vina#3 vs EquiBind#2
Orai1WT-MDSnap-Fr400_cleaned,Synta-66-OPT-Singlet,AutoDock_Vina,3,EquiBind,3,1.05,48.08,AutoDock_Vina#3 vs EquiBind#3
Orai1WT-MDSnap-Fr400_cleaned,gsk7975a-deprot-OPT,AutoDock_Vina,1,EquiBind,1,1.44,36.45,AutoDock_Vina#1 vs EquiBind#1
Orai1WT-MDSnap-Fr400_cleaned,gsk7975a-deprot-OPT,AutoDock_Vina,1,EquiBind,2,1.98,34.58,AutoDock_Vina#1 vs EquiBind#2
Orai1WT-MDSnap-Fr400_cleaned,gsk7975a-deprot-OPT,AutoDock_Vina,2,EquiBind,1,2.16,49.38,AutoDock_Vina#2 vs EquiBind#1
Orai1WT-MDSnap-Fr400_cleaned,gsk7975a-deprot-OPT,AutoDock_Vina,2,EquiBind,2,1.97,49.65,AutoDock_Vina#2 vs EquiBind#2
Orai1WT-MDSnap-Fr400_cleaned,gsk7975a-deprot-OPT,AutoDock_Vina,3,EquiBind,1,1.73,25.08,AutoDock_Vina#3 vs EquiBind#1
Orai1WT-MDSnap-Fr400_cleaned,gsk7975a-deprot-OPT,AutoDock_Vina,3,EquiBind,2,2.1,25.93,AutoDock_Vina#3 vs EquiBind#2
Orai1WT-MDSnap-Fr499,2abp-nh2-OPT,AutoDock_Vina,1,DiffDock,1,1.45,28.41,AutoDock_Vina#1 vs DiffDock#1
Orai1WT-MDSnap-Fr499,2abp-nh2-OPT,AutoDock_Vina,1,DiffDock,2,1.48,41.74,AutoDock_Vina#1 vs DiffDock#2
Orai1WT-MDSnap-Fr499,2abp-nh2-OPT,AutoDock_Vina,1,DiffDock,3,1.45,28.41,AutoDock_Vina#1 vs DiffDock#3
Orai1WT-MDSnap-Fr499,2abp-nh2-OPT,AutoDock_Vina,2,DiffDock,1,1.91,60.93,AutoDock_Vina#2 vs DiffDock#1
Orai1WT-MDSnap-Fr499,2abp-nh2-OPT,AutoDock_Vina,2,DiffDock,2,1.33,20.37,AutoDock_Vina#2 vs DiffDock#2
Orai1WT-MDSnap-Fr499,2abp-nh2-OPT,AutoDock_Vina,2,DiffDock,3,1.91,60.93,AutoDock_Vina#2 vs DiffDock#3
Orai1WT-MDSnap-Fr499,2abp-nh2-OPT,AutoDock_Vina,3,DiffDock,1,1.54,66.99,AutoDock_Vina#3 vs DiffDock#1
Orai1WT-MDSnap-Fr499,2abp-nh2-OPT,AutoDock_Vina,3,DiffDock,2,1.03,34.09,AutoDock_Vina#3 vs DiffDock#2
Orai1WT-MDSnap-Fr499,2abp-nh2-OPT,AutoDock_Vina,3,DiffDock,3,1.54,66.99,AutoDock_Vina#3 vs DiffDock#3
Orai1WT-MDSnap-Fr499,2abp-nh2-OPT,AutoDock_Vina,1,EquiBind,1,0.59,13.95,AutoDock_Vina#1 vs EquiBind#1
Orai1WT-MDSnap-Fr499,2abp-nh2-OPT,AutoDock_Vina,1,EquiBind,2,1.23,15.61,AutoDock_Vina#1 vs EquiBind#2
Orai1WT-MDSnap-Fr499,2abp-nh2-OPT,AutoDock_Vina,1,EquiBind,3,1.31,14.23,AutoDock_Vina#1 vs EquiBind#3
Orai1WT-MDSnap-Fr499,2abp-nh2-OPT,AutoDock_Vina,2,EquiBind,1,1.35,48.5,AutoDock_Vina#2 vs EquiBind#1
Orai1WT-MDSnap-Fr499,2abp-nh2-OPT,AutoDock_Vina,2,EquiBind,2,1.39,48.52,AutoDock_Vina#2 vs EquiBind#2
Orai1WT-MDSnap-Fr499,2abp-nh2-OPT,AutoDock_Vina,2,EquiBind,3,1.46,48.92,AutoDock_Vina#2 vs EquiBind#3
Orai1WT-MDSnap-Fr499,2abp-nh2-OPT,AutoDock_Vina,3,EquiBind,1,1.04,47.56,AutoDock_Vina#3 vs EquiBind#1
Orai1WT-MDSnap-Fr499,2abp-nh2-OPT,AutoDock_Vina,3,EquiBind,2,1.27,46.86,AutoDock_Vina#3 vs EquiBind#2
Orai1WT-MDSnap-Fr499,2abp-nh2-OPT,AutoDock_Vina,3,EquiBind,3,1.22,47.89,AutoDock_Vina#3 vs EquiBind#3
Orai1WT-MDSnap-Fr499,2abp-nh2-OPT,DiffDock,1,EquiBind,1,1.27,33.27,DiffDock#1 vs EquiBind#1
Orai1WT-MDSnap-Fr499,2abp-nh2-OPT,DiffDock,1,EquiBind,2,1.27,34.38,DiffDock#1 vs EquiBind#2
Orai1WT-MDSnap-Fr499,2abp-nh2-OPT,DiffDock,1,EquiBind,3,1.26,33.31,DiffDock#1 vs EquiBind#3
Orai1WT-MDSnap-Fr499,2abp-nh2-OPT,DiffDock,2,EquiBind,1,1.56,46.96,DiffDock#2 vs EquiBind#1
Orai1WT-MDSnap-Fr499,2abp-nh2-OPT,DiffDock,2,EquiBind,2,1.06,47.38,DiffDock#2 vs EquiBind#2
Orai1WT-MDSnap-Fr499,2abp-nh2-OPT,DiffDock,2,EquiBind,3,1.62,47.4,DiffDock#2 vs EquiBind#3
Orai1WT-MDSnap-Fr499,2abp-nh2-OPT,DiffDock,3,EquiBind,1,1.27,33.27,DiffDock#3 vs EquiBind#1
Orai1WT-MDSnap-Fr499,2abp-nh2-OPT,DiffDock,3,EquiBind,2,1.27,34.38,DiffDock#3 vs EquiBind#2
Orai1WT-MDSnap-Fr499,2abp-nh2-OPT,DiffDock,3,EquiBind,3,1.26,33.31,DiffDock#3 vs EquiBind#3
Orai1WT-MDSnap-Fr499,2abp-nh3p-OPT,DiffDock,1,EquiBind,1,1.44,50.24,DiffDock#1 vs EquiBind#1
Orai1WT-MDSnap-Fr499,2abp-nh3p-OPT,DiffDock,1,EquiBind,2,1.43,60.1,DiffDock#1 vs EquiBind#2
Orai1WT-MDSnap-Fr499,2abp-nh3p-OPT,DiffDock,1,EquiBind,3,1.62,49.6,DiffDock#1 vs EquiBind#3
Orai1WT-MDSnap-Fr499,2abp-nh3p-OPT,DiffDock,2,EquiBind,1,1.81,47.06,DiffDock#2 vs EquiBind#1
Orai1WT-MDSnap-Fr499,2abp-nh3p-OPT,DiffDock,2,EquiBind,2,1.24,55.53,DiffDock#2 vs EquiBind#2
Orai1WT-MDSnap-Fr499,2abp-nh3p-OPT,DiffDock,2,EquiBind,3,1.54,46.39,DiffDock#2 vs EquiBind#3
Orai1WT-MDSnap-Fr499,2abp-nh3p-OPT,DiffDock,3,EquiBind,1,1.81,47.06,DiffDock#3 vs EquiBind#1
Orai1WT-MDSnap-Fr499,2abp-nh3p-OPT,DiffDock,3,EquiBind,2,1.24,55.53,DiffDock#3 vs EquiBind#2
Orai1WT-MDSnap-Fr499,2abp-nh3p-OPT,DiffDock,3,EquiBind,3,1.54,46.39,DiffDock#3 vs EquiBind#3
Orai1WT-MDSnap-Fr499,Synta-66-OPT-Singlet,AutoDock_Vina,1,DiffDock,1,1.51,38.53,AutoDock_Vina#1 vs DiffDock#1
Orai1WT-MDSnap-Fr499,Synta-66-OPT-Singlet,AutoDock_Vina,1,DiffDock,2,1.51,38.53,AutoDock_Vina#1 vs DiffDock#2
Orai1WT-MDSnap-Fr499,Synta-66-OPT-Singlet,AutoDock_Vina,1,DiffDock,3,0.86,48.54,AutoDock_Vina#1 vs DiffDock#3
Orai1WT-MDSnap-Fr499,Synta-66-OPT-Singlet,AutoDock_Vina,2,DiffDock,1,1.04,40.91,AutoDock_Vina#2 vs DiffDock#1
Orai1WT-MDSnap-Fr499,Synta-66-OPT-Singlet,AutoDock_Vina,2,DiffDock,2,1.04,40.91,AutoDock_Vina#2 vs DiffDock#2
Orai1WT-MDSnap-Fr499,Synta-66-OPT-Singlet,AutoDock_Vina,2,DiffDock,3,1.6,47.49,AutoDock_Vina#2 vs DiffDock#3
Orai1WT-MDSnap-Fr499,Synta-66-OPT-Singlet,AutoDock_Vina,3,DiffDock,1,0.89,22.11,AutoDock_Vina#3 vs DiffDock#1
Orai1WT-MDSnap-Fr499,Synta-66-OPT-Singlet,AutoDock_Vina,3,DiffDock,2,0.89,22.11,AutoDock_Vina#3 vs DiffDock#2
Orai1WT-MDSnap-Fr499,Synta-66-OPT-Singlet,AutoDock_Vina,3,DiffDock,3,1.29,44.93,AutoDock_Vina#3 vs DiffDock#3
Orai1WT-MDSnap-Fr499,Synta-66-OPT-Singlet,AutoDock_Vina,1,EquiBind,1,1.6,49.14,AutoDock_Vina#1 vs EquiBind#1
Orai1WT-MDSnap-Fr499,Synta-66-OPT-Singlet,AutoDock_Vina,1,EquiBind,2,0.91,49.14,AutoDock_Vina#1 vs EquiBind#2
Orai1WT-MDSnap-Fr499,Synta-66-OPT-Singlet,AutoDock_Vina,1,EquiBind,3,1.3,49.14,AutoDock_Vina#1 vs EquiBind#3
Orai1WT-MDSnap-Fr499,Synta-66-OPT-Singlet,AutoDock_Vina,2,EquiBind,1,0.84,48.0,AutoDock_Vina#2 vs EquiBind#1
Orai1WT-MDSnap-Fr499,Synta-66-OPT-Singlet,AutoDock_Vina,2,EquiBind,2,1.49,48.0,AutoDock_Vina#2 vs EquiBind#2
Orai1WT-MDSnap-Fr499,Synta-66-OPT-Singlet,AutoDock_Vina,2,EquiBind,3,1.16,48.0,AutoDock_Vina#2 vs EquiBind#3
Orai1WT-MDSnap-Fr499,Synta-66-OPT-Singlet,AutoDock_Vina,3,EquiBind,1,1.41,26.12,AutoDock_Vina#3 vs EquiBind#1
Orai1WT-MDSnap-Fr499,Synta-66-OPT-Singlet,AutoDock_Vina,3,EquiBind,2,1.1,26.12,AutoDock_Vina#3 vs EquiBind#2
Orai1WT-MDSnap-Fr499,Synta-66-OPT-Singlet,AutoDock_Vina,3,EquiBind,3,1.44,26.12,AutoDock_Vina#3 vs EquiBind#3
Orai1WT-MDSnap-Fr499,Synta-66-OPT-Singlet,DiffDock,1,EquiBind,1,1.3,36.97,DiffDock#1 vs EquiBind#1
Orai1WT-MDSnap-Fr499,Synta-66-OPT-Singlet,DiffDock,1,EquiBind,2,1.17,36.94,DiffDock#1 vs EquiBind#2
Orai1WT-MDSnap-Fr499,Synta-66-OPT-Singlet,DiffDock,1,EquiBind,3,1.42,36.94,DiffDock#1 vs EquiBind#3
Orai1WT-MDSnap-Fr499,Synta-66-OPT-Singlet,DiffDock,2,EquiBind,1,1.3,36.97,DiffDock#2 vs EquiBind#1
Orai1WT-MDSnap-Fr499,Synta-66-OPT-Singlet,DiffDock,2,EquiBind,2,1.17,36.94,DiffDock#2 vs EquiBind#2
Orai1WT-MDSnap-Fr499,Synta-66-OPT-Singlet,DiffDock,2,EquiBind,3,1.42,36.94,DiffDock#2 vs EquiBind#3
Orai1WT-MDSnap-Fr499,Synta-66-OPT-Singlet,DiffDock,3,EquiBind,1,1.7,55.34,DiffDock#3 vs EquiBind#1
Orai1WT-MDSnap-Fr499,Synta-66-OPT-Singlet,DiffDock,3,EquiBind,2,0.63,55.39,DiffDock#3 vs EquiBind#2
Orai1WT-MDSnap-Fr499,Synta-66-OPT-Singlet,DiffDock,3,EquiBind,3,1.04,55.39,DiffDock#3 vs EquiBind#3
Orai1WT-MDSnap-Fr499,gsk7975a-deprot-OPT,AutoDock_Vina,1,DiffDock,1,1.96,20.49,AutoDock_Vina#1 vs DiffDock#1
Orai1WT-MDSnap-Fr499,gsk7975a-deprot-OPT,AutoDock_Vina,1,DiffDock,2,1.68,60.01,AutoDock_Vina#1 vs DiffDock#2
Orai1WT-MDSnap-Fr499,gsk7975a-deprot-OPT,AutoDock_Vina,1,DiffDock,3,1.68,60.01,AutoDock_Vina#1 vs DiffDock#3
Orai1WT-MDSnap-Fr499,gsk7975a-deprot-OPT,AutoDock_Vina,2,DiffDock,1,1.81,25.59,AutoDock_Vina#2 vs DiffDock#1
Orai1WT-MDSnap-Fr499,gsk7975a-deprot-OPT,AutoDock_Vina,2,DiffDock,2,1.87,36.24,AutoDock_Vina#2 vs DiffDock#2
Orai1WT-MDSnap-Fr499,gsk7975a-deprot-OPT,AutoDock_Vina,2,DiffDock,3,1.87,36.24,AutoDock_Vina#2 vs DiffDock#3
Orai1WT-MDSnap-Fr499,gsk7975a-deprot-OPT,AutoDock_Vina,3,DiffDock,1,1.36,19.76,AutoDock_Vina#3 vs DiffDock#1
Orai1WT-MDSnap-Fr499,gsk7975a-deprot-OPT,AutoDock_Vina,3,DiffDock,2,2.3,63.16,AutoDock_Vina#3 vs DiffDock#2
Orai1WT-MDSnap-Fr499,gsk7975a-deprot-OPT,AutoDock_Vina,3,DiffDock,3,2.3,63.16,AutoDock_Vina#3 vs DiffDock#3
Orai1WT-MDSnap-Fr499,gsk7975a-deprot-OPT,AutoDock_Vina,1,EquiBind,1,1.9,46.7,AutoDock_Vina#1 vs EquiBind#1
Orai1WT-MDSnap-Fr499,gsk7975a-deprot-OPT,AutoDock_Vina,1,EquiBind,2,1.66,46.75,AutoDock_Vina#1 vs EquiBind#2
Orai1WT-MDSnap-Fr499,gsk7975a-deprot-OPT,AutoDock_Vina,2,EquiBind,1,1.98,23.25,AutoDock_Vina#2 vs EquiBind#1
Orai1WT-MDSnap-Fr499,gsk7975a-deprot-OPT,AutoDock_Vina,2,EquiBind,2,1.85,23.23,AutoDock_Vina#2 vs EquiBind#2
Orai1WT-MDSnap-Fr499,gsk7975a-deprot-OPT,AutoDock_Vina,3,EquiBind,1,2.46,48.57,AutoDock_Vina#3 vs EquiBind#1
Orai1WT-MDSnap-Fr499,gsk7975a-deprot-OPT,AutoDock_Vina,3,EquiBind,2,2.58,48.43,AutoDock_Vina#3 vs EquiBind#2
Orai1WT-MDSnap-Fr499,gsk7975a-deprot-OPT,DiffDock,1,EquiBind,1,2.09,48.16,DiffDock#1 vs EquiBind#1
Orai1WT-MDSnap-Fr499,gsk7975a-deprot-OPT,DiffDock,1,EquiBind,2,2.1,47.7,DiffDock#1 vs EquiBind#2
Orai1WT-MDSnap-Fr499,gsk7975a-deprot-OPT,DiffDock,2,EquiBind,1,1.67,32.27,DiffDock#2 vs EquiBind#1
Orai1WT-MDSnap-Fr499,gsk7975a-deprot-OPT,DiffDock,2,EquiBind,2,1.26,33.8,DiffDock#2 vs EquiBind#2
Orai1WT-MDSnap-Fr499,gsk7975a-deprot-OPT,DiffDock,3,EquiBind,1,1.67,32.27,DiffDock#3 vs EquiBind#1
Orai1WT-MDSnap-Fr499,gsk7975a-deprot-OPT,DiffDock,3,EquiBind,2,1.26,33.8,DiffDock#3 vs EquiBind#2
Orai1WT-MDSnap-Fr499,gsk7975a-prot-OPT,AutoDock_Vina,1,DiffDock,1,1.96,46.31,AutoDock_Vina#1 vs DiffDock#1
Orai1WT-MDSnap-Fr499,gsk7975a-prot-OPT,AutoDock_Vina,1,DiffDock,2,1.96,46.31,AutoDock_Vina#1 vs DiffDock#2
Orai1WT-MDSnap-Fr499,gsk7975a-prot-OPT,AutoDock_Vina,1,DiffDock,3,1.66,52.67,AutoDock_Vina#1 vs DiffDock#3
Orai1WT-MDSnap-Fr499,gsk7975a-prot-OPT,AutoDock_Vina,2,DiffDock,1,1.38,49.01,AutoDock_Vina#2 vs DiffDock#1
Orai1WT-MDSnap-Fr499,gsk7975a-prot-OPT,AutoDock_Vina,2,DiffDock,2,1.38,49.01,AutoDock_Vina#2 vs DiffDock#2
Orai1WT-MDSnap-Fr499,gsk7975a-prot-OPT,AutoDock_Vina,2,DiffDock,3,0.8,55.84,AutoDock_Vina#2 vs DiffDock#3
Orai1WT-MDSnap-Fr499,gsk7975a-prot-OPT,AutoDock_Vina,3,DiffDock,1,2.58,49.88,AutoDock_Vina#3 vs DiffDock#1
Orai1WT-MDSnap-Fr499,gsk7975a-prot-OPT,AutoDock_Vina,3,DiffDock,2,2.58,49.88,AutoDock_Vina#3 vs DiffDock#2
Orai1WT-MDSnap-Fr499,gsk7975a-prot-OPT,AutoDock_Vina,3,DiffDock,3,2.51,55.49,AutoDock_Vina#3 vs DiffDock#3
Orai1WT-MDSnap-Fr499_cleaned,2abp-nh2-OPT,AutoDock_Vina,1,EquiBind,1,1.41,52.02,AutoDock_Vina#1 vs EquiBind#1
Orai1WT-MDSnap-Fr499_cleaned,2abp-nh2-OPT,AutoDock_Vina,1,EquiBind,2,0.77,51.62,AutoDock_Vina#1 vs EquiBind#2
Orai1WT-MDSnap-Fr499_cleaned,2abp-nh2-OPT,AutoDock_Vina,1,EquiBind,3,1.71,51.63,AutoDock_Vina#1 vs EquiBind#3
Orai1WT-MDSnap-Fr499_cleaned,2abp-nh2-OPT,AutoDock_Vina,2,EquiBind,1,1.0,27.2,AutoDock_Vina#2 vs EquiBind#1
Orai1WT-MDSnap-Fr499_cleaned,2abp-nh2-OPT,AutoDock_Vina,2,EquiBind,2,1.31,26.57,AutoDock_Vina#2 vs EquiBind#2
Orai1WT-MDSnap-Fr499_cleaned,2abp-nh2-OPT,AutoDock_Vina,2,EquiBind,3,1.35,27.15,AutoDock_Vina#2 vs EquiBind#3
Orai1WT-MDSnap-Fr499_cleaned,2abp-nh2-OPT,AutoDock_Vina,3,EquiBind,1,1.56,15.84,AutoDock_Vina#3 vs EquiBind#1
Orai1WT-MDSnap-Fr499_cleaned,2abp-nh2-OPT,AutoDock_Vina,3,EquiBind,2,0.93,14.46,AutoDock_Vina#3 vs EquiBind#2
Orai1WT-MDSnap-Fr499_cleaned,2abp-nh2-OPT,AutoDock_Vina,3,EquiBind,3,1.61,15.36,AutoDock_Vina#3 vs EquiBind#3
Orai1WT-MDSnap-Fr499_cleaned,Synta-66-OPT-Singlet,AutoDock_Vina,1,EquiBind,1,1.47,47.8,AutoDock_Vina#1 vs EquiBind#1
Orai1WT-MDSnap-Fr499_cleaned,Synta-66-OPT-Singlet,AutoDock_Vina,1,EquiBind,2,1.15,47.79,AutoDock_Vina#1 vs EquiBind#2
Orai1WT-MDSnap-Fr499_cleaned,Synta-66-OPT-Singlet,AutoDock_Vina,1,EquiBind,3,0.67,47.79,AutoDock_Vina#1 vs EquiBind#3
Orai1WT-MDSnap-Fr499_cleaned,Synta-66-OPT-Singlet,AutoDock_Vina,2,EquiBind,1,1.43,48.7,AutoDock_Vina#2 vs EquiBind#1
Orai1WT-MDSnap-Fr499_cleaned,Synta-66-OPT-Singlet,AutoDock_Vina,2,EquiBind,2,1.37,48.69,AutoDock_Vina#2 vs EquiBind#2
Orai1WT-MDSnap-Fr499_cleaned,Synta-66-OPT-Singlet,AutoDock_Vina,2,EquiBind,3,1.66,48.69,AutoDock_Vina#2 vs EquiBind#3
Orai1WT-MDSnap-Fr499_cleaned,Synta-66-OPT-Singlet,AutoDock_Vina,3,EquiBind,1,1.37,49.14,AutoDock_Vina#3 vs EquiBind#1
Orai1WT-MDSnap-Fr499_cleaned,Synta-66-OPT-Singlet,AutoDock_Vina,3,EquiBind,2,1.31,49.13,AutoDock_Vina#3 vs EquiBind#2
Orai1WT-MDSnap-Fr499_cleaned,Synta-66-OPT-Singlet,AutoDock_Vina,3,EquiBind,3,0.93,49.13,AutoDock_Vina#3 vs EquiBind#3
Orai1WT-MDSnap-Fr499_cleaned,gsk7975a-deprot-OPT,AutoDock_Vina,1,EquiBind,1,1.95,47.09,AutoDock_Vina#1 vs EquiBind#1
Orai1WT-MDSnap-Fr499_cleaned,gsk7975a-deprot-OPT,AutoDock_Vina,1,EquiBind,2,1.7,48.1,AutoDock_Vina#1 vs EquiBind#2
Orai1WT-MDSnap-Fr499_cleaned,gsk7975a-deprot-OPT,AutoDock_Vina,2,EquiBind,1,2.03,24.35,AutoDock_Vina#2 vs EquiBind#1
Orai1WT-MDSnap-Fr499_cleaned,gsk7975a-deprot-OPT,AutoDock_Vina,2,EquiBind,2,1.85,25.18,AutoDock_Vina#2 vs EquiBind#2
Orai1WT-MDSnap-Fr499_cleaned,gsk7975a-deprot-OPT,AutoDock_Vina,3,EquiBind,1,2.12,48.67,AutoDock_Vina#3 vs EquiBind#1
Orai1WT-MDSnap-Fr499_cleaned,gsk7975a-deprot-OPT,AutoDock_Vina,3,EquiBind,2,2.28,49.6,AutoDock_Vina#3 vs EquiBind#2
Orai1WT-START-Fr0,2abp-nh2-OPT,AutoDock_Vina,1,DiffDock,1,0.88,66.48,AutoDock_Vina#1 vs DiffDock#1
Orai1WT-START-Fr0,2abp-nh2-OPT,AutoDock_Vina,1,DiffDock,2,0.88,66.48,AutoDock_Vina#1 vs DiffDock#2
Orai1WT-START-Fr0,2abp-nh2-OPT,AutoDock_Vina,1,DiffDock,3,0.74,19.66,AutoDock_Vina#1 vs DiffDock#3
Orai1WT-START-Fr0,2abp-nh2-OPT,AutoDock_Vina,2,DiffDock,1,1.12,65.47,AutoDock_Vina#2 vs DiffDock#1
Orai1WT-START-Fr0,2abp-nh2-OPT,AutoDock_Vina,2,DiffDock,2,1.12,65.47,AutoDock_Vina#2 vs DiffDock#2
Orai1WT-START-Fr0,2abp-nh2-OPT,AutoDock_Vina,2,DiffDock,3,0.72,40.36,AutoDock_Vina#2 vs DiffDock#3
Orai1WT-START-Fr0,2abp-nh2-OPT,AutoDock_Vina,3,DiffDock,1,1.68,54.42,AutoDock_Vina#3 vs DiffDock#1
Orai1WT-START-Fr0,2abp-nh2-OPT,AutoDock_Vina,3,DiffDock,2,1.68,54.42,AutoDock_Vina#3 vs DiffDock#2
Orai1WT-START-Fr0,2abp-nh2-OPT,AutoDock_Vina,3,DiffDock,3,1.75,58.5,AutoDock_Vina#3 vs DiffDock#3
Orai1WT-START-Fr0,2abp-nh2-OPT,AutoDock_Vina,1,EquiBind,1,1.42,30.61,AutoDock_Vina#1 vs EquiBind#1
Orai1WT-START-Fr0,2abp-nh2-OPT,AutoDock_Vina,1,EquiBind,2,1.21,29.38,AutoDock_Vina#1 vs EquiBind#2
Orai1WT-START-Fr0,2abp-nh2-OPT,AutoDock_Vina,1,EquiBind,3,1.55,29.64,AutoDock_Vina#1 vs EquiBind#3
Orai1WT-START-Fr0,2abp-nh2-OPT,AutoDock_Vina,2,EquiBind,1,1.54,53.62,AutoDock_Vina#2 vs EquiBind#1
Orai1WT-START-Fr0,2abp-nh2-OPT,AutoDock_Vina,2,EquiBind,2,1.32,54.35,AutoDock_Vina#2 vs EquiBind#2
Orai1WT-START-Fr0,2abp-nh2-OPT,AutoDock_Vina,2,EquiBind,3,1.32,53.94,AutoDock_Vina#2 vs EquiBind#3
Orai1WT-START-Fr0,2abp-nh2-OPT,AutoDock_Vina,3,EquiBind,1,1.36,40.02,AutoDock_Vina#3 vs EquiBind#1
Orai1WT-START-Fr0,2abp-nh2-OPT,AutoDock_Vina,3,EquiBind,2,1.42,41.27,AutoDock_Vina#3 vs EquiBind#2
Orai1WT-START-Fr0,2abp-nh2-OPT,AutoDock_Vina,3,EquiBind,3,1.15,40.63,AutoDock_Vina#3 vs EquiBind#3
Orai1WT-START-Fr0,2abp-nh2-OPT,DiffDock,1,EquiBind,1,1.29,38.81,DiffDock#1 vs EquiBind#1
Orai1WT-START-Fr0,2abp-nh2-OPT,DiffDock,1,EquiBind,2,1.44,40.67,DiffDock#1 vs EquiBind#2
Orai1WT-START-Fr0,2abp-nh2-OPT,DiffDock,1,EquiBind,3,1.3,40.12,DiffDock#1 vs EquiBind#3
Orai1WT-START-Fr0,2abp-nh2-OPT,DiffDock,2,EquiBind,1,1.29,38.81,DiffDock#2 vs EquiBind#1
Orai1WT-START-Fr0,2abp-nh2-OPT,DiffDock,2,EquiBind,2,1.44,40.67,DiffDock#2 vs EquiBind#2
Orai1WT-START-Fr0,2abp-nh2-OPT,DiffDock,2,EquiBind,3,1.3,40.12,DiffDock#2 vs EquiBind#3
Orai1WT-START-Fr0,2abp-nh2-OPT,DiffDock,3,EquiBind,1,1.43,42.59,DiffDock#3 vs EquiBind#1
Orai1WT-START-Fr0,2abp-nh2-OPT,DiffDock,3,EquiBind,2,1.36,41.59,DiffDock#3 vs EquiBind#2
Orai1WT-START-Fr0,2abp-nh2-OPT,DiffDock,3,EquiBind,3,1.47,41.82,DiffDock#3 vs EquiBind#3
Orai1WT-START-Fr0,2abp-nh3p-OPT,DiffDock,1,EquiBind,1,1.68,44.36,DiffDock#1 vs EquiBind#1
Orai1WT-START-Fr0,2abp-nh3p-OPT,DiffDock,1,EquiBind,2,1.47,49.98,DiffDock#1 vs EquiBind#2
Orai1WT-START-Fr0,2abp-nh3p-OPT,DiffDock,1,EquiBind,3,1.54,45.06,DiffDock#1 vs EquiBind#3
Orai1WT-START-Fr0,2abp-nh3p-OPT,DiffDock,2,EquiBind,1,1.66,34.87,DiffDock#2 vs EquiBind#1
Orai1WT-START-Fr0,2abp-nh3p-OPT,DiffDock,2,EquiBind,2,1.74,41.13,DiffDock#2 vs EquiBind#2
Orai1WT-START-Fr0,2abp-nh3p-OPT,DiffDock,2,EquiBind,3,1.85,34.96,DiffDock#2 vs EquiBind#3
Orai1WT-START-Fr0,2abp-nh3p-OPT,DiffDock,3,EquiBind,1,1.68,44.36,DiffDock#3 vs EquiBind#1
Orai1WT-START-Fr0,2abp-nh3p-OPT,DiffDock,3,EquiBind,2,1.47,49.98,DiffDock#3 vs EquiBind#2
Orai1WT-START-Fr0,2abp-nh3p-OPT,DiffDock,3,EquiBind,3,1.54,45.06,DiffDock#3 vs EquiBind#3
Orai1WT-START-Fr0,Synta-66-OPT-Singlet,AutoDock_Vina,1,DiffDock,1,1.53,20.19,AutoDock_Vina#1 vs DiffDock#1
Orai1WT-START-Fr0,Synta-66-OPT-Singlet,AutoDock_Vina,1,DiffDock,2,1.53,20.19,AutoDock_Vina#1 vs DiffDock#2
Orai1WT-START-Fr0,Synta-66-OPT-Singlet,AutoDock_Vina,1,DiffDock,3,1.66,40.27,AutoDock_Vina#1 vs DiffDock#3
Orai1WT-START-Fr0,Synta-66-OPT-Singlet,AutoDock_Vina,2,DiffDock,1,1.11,20.96,AutoDock_Vina#2 vs DiffDock#1
Orai1WT-START-Fr0,Synta-66-OPT-Singlet,AutoDock_Vina,2,DiffDock,2,1.11,20.96,AutoDock_Vina#2 vs DiffDock#2
Orai1WT-START-Fr0,Synta-66-OPT-Singlet,AutoDock_Vina,2,DiffDock,3,1.23,40.18,AutoDock_Vina#2 vs DiffDock#3
Orai1WT-START-Fr0,Synta-66-OPT-Singlet,AutoDock_Vina,3,DiffDock,1,1.64,20.39,AutoDock_Vina#3 vs DiffDock#1
Orai1WT-START-Fr0,Synta-66-OPT-Singlet,AutoDock_Vina,3,DiffDock,2,1.64,20.39,AutoDock_Vina#3 vs DiffDock#2
Orai1WT-START-Fr0,Synta-66-OPT-Singlet,AutoDock_Vina,3,DiffDock,3,1.47,40.06,AutoDock_Vina#3 vs DiffDock#3
Orai1WT-START-Fr0,Synta-66-OPT-Singlet,AutoDock_Vina,1,EquiBind,1,1.47,23.68,AutoDock_Vina#1 vs EquiBind#1
Orai1WT-START-Fr0,Synta-66-OPT-Singlet,AutoDock_Vina,1,EquiBind,2,1.46,23.64,AutoDock_Vina#1 vs EquiBind#2
Orai1WT-START-Fr0,Synta-66-OPT-Singlet,AutoDock_Vina,1,EquiBind,3,1.22,23.41,AutoDock_Vina#1 vs EquiBind#3
Orai1WT-START-Fr0,Synta-66-OPT-Singlet,AutoDock_Vina,2,EquiBind,1,0.8,24.82,AutoDock_Vina#2 vs EquiBind#1
Orai1WT-START-Fr0,Synta-66-OPT-Singlet,AutoDock_Vina,2,EquiBind,2,0.83,24.78,AutoDock_Vina#2 vs EquiBind#2
Orai1WT-START-Fr0,Synta-66-OPT-Singlet,AutoDock_Vina,2,EquiBind,3,1.2,24.56,AutoDock_Vina#2 vs EquiBind#3
Orai1WT-START-Fr0,Synta-66-OPT-Singlet,AutoDock_Vina,3,EquiBind,1,1.41,23.81,AutoDock_Vina#3 vs EquiBind#1
Orai1WT-START-Fr0,Synta-66-OPT-Singlet,AutoDock_Vina,3,EquiBind,2,1.46,23.77,AutoDock_Vina#3 vs EquiBind#2
Orai1WT-START-Fr0,Synta-66-OPT-Singlet,AutoDock_Vina,3,EquiBind,3,1.47,23.54,AutoDock_Vina#3 vs EquiBind#3
Orai1WT-START-Fr0,Synta-66-OPT-Singlet,DiffDock,1,EquiBind,1,1.01,31.15,DiffDock#1 vs EquiBind#1
Orai1WT-START-Fr0,Synta-66-OPT-Singlet,DiffDock,1,EquiBind,2,1.04,31.17,DiffDock#1 vs EquiBind#2
Orai1WT-START-Fr0,Synta-66-OPT-Singlet,DiffDock,1,EquiBind,3,1.11,30.74,DiffDock#1 vs EquiBind#3
Orai1WT-START-Fr0,Synta-66-OPT-Singlet,DiffDock,2,EquiBind,1,1.01,31.15,DiffDock#2 vs EquiBind#1
Orai1WT-START-Fr0,Synta-66-OPT-Singlet,DiffDock,2,EquiBind,2,1.04,31.17,DiffDock#2 vs EquiBind#2
Orai1WT-START-Fr0,Synta-66-OPT-Singlet,DiffDock,2,EquiBind,3,1.11,30.74,DiffDock#2 vs EquiBind#3
Orai1WT-START-Fr0,Synta-66-OPT-Singlet,DiffDock,3,EquiBind,1,1.4,41.26,DiffDock#3 vs EquiBind#1
Orai1WT-START-Fr0,Synta-66-OPT-Singlet,DiffDock,3,EquiBind,2,1.08,41.13,DiffDock#3 vs EquiBind#2
Orai1WT-START-Fr0,Synta-66-OPT-Singlet,DiffDock,3,EquiBind,3,1.35,41.37,DiffDock#3 vs EquiBind#3
Orai1WT-START-Fr0,gsk7975a-deprot-OPT,AutoDock_Vina,1,DiffDock,1,1.96,52.05,AutoDock_Vina#1 vs DiffDock#1
Orai1WT-START-Fr0,gsk7975a-deprot-OPT,AutoDock_Vina,1,DiffDock,2,1.96,52.05,AutoDock_Vina#1 vs DiffDock#2
Orai1WT-START-Fr0,gsk7975a-deprot-OPT,AutoDock_Vina,1,DiffDock,3,2.08,58.72,AutoDock_Vina#1 vs DiffDock#3
Orai1WT-START-Fr0,gsk7975a-deprot-OPT,AutoDock_Vina,2,DiffDock,1,1.96,67.26,AutoDock_Vina#2 vs DiffDock#1
Orai1WT-START-Fr0,gsk7975a-deprot-OPT,AutoDock_Vina,2,DiffDock,2,1.96,67.26,AutoDock_Vina#2 vs DiffDock#2
Orai1WT-START-Fr0,gsk7975a-deprot-OPT,AutoDock_Vina,2,DiffDock,3,2.16,53.25,AutoDock_Vina#2 vs DiffDock#3
Orai1WT-START-Fr0,gsk7975a-deprot-OPT,AutoDock_Vina,3,DiffDock,1,0.99,54.02,AutoDock_Vina#3 vs DiffDock#1
Orai1WT-START-Fr0,gsk7975a-deprot-OPT,AutoDock_Vina,3,DiffDock,2,0.99,54.02,AutoDock_Vina#3 vs DiffDock#2
Orai1WT-START-Fr0,gsk7975a-deprot-OPT,AutoDock_Vina,3,DiffDock,3,2.22,50.83,AutoDock_Vina#3 vs DiffDock#3
Orai1WT-START-Fr0,gsk7975a-deprot-OPT,AutoDock_Vina,1,EquiBind,1,2.21,26.88,AutoDock_Vina#1 vs EquiBind#1
Orai1WT-START-Fr0,gsk7975a-deprot-OPT,AutoDock_Vina,1,EquiBind,2,1.35,26.4,AutoDock_Vina#1 vs EquiBind#2
Orai1WT-START-Fr0,gsk7975a-deprot-OPT,AutoDock_Vina,2,EquiBind,1,2.22,30.2,AutoDock_Vina#2 vs EquiBind#1
Orai1WT-START-Fr0,gsk7975a-deprot-OPT,AutoDock_Vina,2,EquiBind,2,1.46,31.79,AutoDock_Vina#2 vs EquiBind#2
Orai1WT-START-Fr0,gsk7975a-deprot-OPT,AutoDock_Vina,3,EquiBind,1,2.39,26.87,AutoDock_Vina#3 vs EquiBind#1
Orai1WT-START-Fr0,gsk7975a-deprot-OPT,AutoDock_Vina,3,EquiBind,2,1.7,28.26,AutoDock_Vina#3 vs EquiBind#2
Orai1WT-START-Fr0,gsk7975a-deprot-OPT,DiffDock,1,EquiBind,1,2.63,46.61,DiffDock#1 vs EquiBind#1
Orai1WT-START-Fr0,gsk7975a-deprot-OPT,DiffDock,1,EquiBind,2,1.66,47.13,DiffDock#1 vs EquiBind#2
Orai1WT-START-Fr0,gsk7975a-deprot-OPT,DiffDock,2,EquiBind,1,2.63,46.61,DiffDock#2 vs EquiBind#1
Orai1WT-START-Fr0,gsk7975a-deprot-OPT,DiffDock,2,EquiBind,2,1.66,47.13,DiffDock#2 vs EquiBind#2
Orai1WT-START-Fr0,gsk7975a-deprot-OPT,DiffDock,3,EquiBind,1,2.25,40.68,DiffDock#3 vs EquiBind#1
Orai1WT-START-Fr0,gsk7975a-deprot-OPT,DiffDock,3,EquiBind,2,1.84,41.95,DiffDock#3 vs EquiBind#2
Orai1WT-START-Fr0,gsk7975a-prot-OPT,AutoDock_Vina,1,DiffDock,1,1.68,60.96,AutoDock_Vina#1 vs DiffDock#1
Orai1WT-START-Fr0,gsk7975a-prot-OPT,AutoDock_Vina,1,DiffDock,2,1.68,60.96,AutoDock_Vina#1 vs DiffDock#2
Orai1WT-START-Fr0,gsk7975a-prot-OPT,AutoDock_Vina,1,DiffDock,3,1.72,46.41,AutoDock_Vina#1 vs DiffDock#3
Orai1WT-START-Fr0,gsk7975a-prot-OPT,AutoDock_Vina,2,DiffDock,1,1.83,63.31,AutoDock_Vina#2 vs DiffDock#1
Orai1WT-START-Fr0,gsk7975a-prot-OPT,AutoDock_Vina,2,DiffDock,2,1.83,63.31,AutoDock_Vina#2 vs DiffDock#2
Orai1WT-START-Fr0,gsk7975a-prot-OPT,AutoDock_Vina,2,DiffDock,3,1.64,55.92,AutoDock_Vina#2 vs DiffDock#3
Orai1WT-START-Fr0,gsk7975a-prot-OPT,AutoDock_Vina,3,DiffDock,1,1.83,44.03,AutoDock_Vina#3 vs DiffDock#1
Orai1WT-START-Fr0,gsk7975a-prot-OPT,AutoDock_Vina,3,DiffDock,2,1.83,44.03,AutoDock_Vina#3 vs DiffDock#2
Orai1WT-START-Fr0,gsk7975a-prot-OPT,AutoDock_Vina,3,DiffDock,3,1.62,59.34,AutoDock_Vina#3 vs DiffDock#3
Orai1WT-START-Fr0_cleaned,2abp-nh2-OPT,AutoDock_Vina,1,EquiBind,1,1.63,27.85,AutoDock_Vina#1 vs EquiBind#1
Orai1WT-START-Fr0_cleaned,2abp-nh2-OPT,AutoDock_Vina,1,EquiBind,2,0.69,27.24,AutoDock_Vina#1 vs EquiBind#2
Orai1WT-START-Fr0_cleaned,2abp-nh2-OPT,AutoDock_Vina,1,EquiBind,3,1.84,27.66,AutoDock_Vina#1 vs EquiBind#3
Orai1WT-START-Fr0_cleaned,2abp-nh2-OPT,AutoDock_Vina,2,EquiBind,1,1.55,53.61,AutoDock_Vina#2 vs EquiBind#1
Orai1WT-START-Fr0_cleaned,2abp-nh2-OPT,AutoDock_Vina,2,EquiBind,2,1.24,54.0,AutoDock_Vina#2 vs EquiBind#2
Orai1WT-START-Fr0_cleaned,2abp-nh2-OPT,AutoDock_Vina,2,EquiBind,3,1.52,53.85,AutoDock_Vina#2 vs EquiBind#3
Orai1WT-START-Fr0_cleaned,2abp-nh2-OPT,AutoDock_Vina,3,EquiBind,1,1.6,27.92,AutoDock_Vina#3 vs EquiBind#1
Orai1WT-START-Fr0_cleaned,2abp-nh2-OPT,AutoDock_Vina,3,EquiBind,2,0.93,27.3,AutoDock_Vina#3 vs EquiBind#2
Orai1WT-START-Fr0_cleaned,2abp-nh2-OPT,AutoDock_Vina,3,EquiBind,3,1.68,27.73,AutoDock_Vina#3 vs EquiBind#3
Orai1WT-START-Fr0_cleaned,Synta-66-OPT-Singlet,AutoDock_Vina,1,EquiBind,1,1.28,25.52,AutoDock_Vina#1 vs EquiBind#1
Orai1WT-START-Fr0_cleaned,Synta-66-OPT-Singlet,AutoDock_Vina,1,EquiBind,2,1.39,25.48,AutoDock_Vina#1 vs EquiBind#2
Orai1WT-START-Fr0_cleaned,Synta-66-OPT-Singlet,AutoDock_Vina,1,EquiBind,3,1.26,25.48,AutoDock_Vina#1 vs EquiBind#3
Orai1WT-START-Fr0_cleaned,Synta-66-OPT-Singlet,AutoDock_Vina,2,EquiBind,1,1.37,23.78,AutoDock_Vina#2 vs EquiBind#1
Orai1WT-START-Fr0_cleaned,Synta-66-OPT-Singlet,AutoDock_Vina,2,EquiBind,2,1.27,23.75,AutoDock_Vina#2 vs EquiBind#2
Orai1WT-START-Fr0_cleaned,Synta-66-OPT-Singlet,AutoDock_Vina,2,EquiBind,3,1.1,23.75,AutoDock_Vina#2 vs EquiBind#3
Orai1WT-START-Fr0_cleaned,Synta-66-OPT-Singlet,AutoDock_Vina,3,EquiBind,1,1.12,24.95,AutoDock_Vina#3 vs EquiBind#1
Orai1WT-START-Fr0_cleaned,Synta-66-OPT-Singlet,AutoDock_Vina,3,EquiBind,2,1.27,24.92,AutoDock_Vina#3 vs EquiBind#2
Orai1WT-START-Fr0_cleaned,Synta-66-OPT-Singlet,AutoDock_Vina,3,EquiBind,3,1.51,24.92,AutoDock_Vina#3 vs EquiBind#3
Orai1WT-START-Fr0_cleaned,gsk7975a-deprot-OPT,AutoDock_Vina,1,EquiBind,1,2.44,23.31,AutoDock_Vina#1 vs EquiBind#1
Orai1WT-START-Fr0_cleaned,gsk7975a-deprot-OPT,AutoDock_Vina,1,EquiBind,2,1.62,25.83,AutoDock_Vina#1 vs EquiBind#2
Orai1WT-START-Fr0_cleaned,gsk7975a-deprot-OPT,AutoDock_Vina,2,EquiBind,1,2.26,23.98,AutoDock_Vina#2 vs EquiBind#1
Orai1WT-START-Fr0_cleaned,gsk7975a-deprot-OPT,AutoDock_Vina,2,EquiBind,2,1.63,22.71,AutoDock_Vina#2 vs EquiBind#2
Orai1WT-START-Fr0_cleaned,gsk7975a-deprot-OPT,AutoDock_Vina,3,EquiBind,1,2.51,22.84,AutoDock_Vina#3 vs EquiBind#1
Orai1WT-START-Fr0_cleaned,gsk7975a-deprot-OPT,AutoDock_Vina,3,EquiBind,2,1.68,25.15,AutoDock_Vina#3 vs EquiBind#2
