key,line,col,old,new
table_1[autodock_mgltools_exh128].near_complexes,79,61,202,217
table_1[autodock_mgltools_exh128].near_poses,79,67,307,437
table_1[autodock_mgltools_exh128].near_pct,79,73,3.4,4.9
table_1[autodock_mgltools_exh128].form_poses,79,83,2848,2829
table_1[autodock_mgltools_exh128].form_pct,79,89,31.7,31.5
table_1[autodock_mgltools_exh128].triple_complexes,79,95,164,178
table_1[autodock_mgltools_exh128].triple_poses,79,101,221,324
table_1[autodock_mgltools_exh128].triple_pct,79,107,2.5,3.6
table_1[autodock_mgltools_exh128_gnina].near_complexes,80,61,202,217
table_1[autodock_mgltools_exh128_gnina].near_poses,80,67,319,451
table_1[autodock_mgltools_exh128_gnina].near_pct,80,73,3.6,5.0
table_1[autodock_mgltools_exh128_gnina].form_poses,80,83,2836,2823
table_1[autodock_mgltools_exh128_gnina].form_pct,80,89,31.6,31.5
table_1[autodock_mgltools_exh128_gnina].triple_complexes,80,95,160,175
table_1[autodock_mgltools_exh128_gnina].triple_poses,80,101,221,325
table_1[autodock_mgltools_exh128_gnina].triple_pct,80,107,2.5,3.6
table_1[diffdock].near_complexes,81,61,152,161
table_1[diffdock].near_poses,81,66,1683,2118
table_1[diffdock].near_pct,81,72,18.7,23.5
table_1[diffdock].form_complexes,81,78,225,224
table_1[diffdock].form_poses,81,83,4012,4016
table_1[diffdock].form_pct,81,89,44.5,44.6
table_1[diffdock].triple_complexes,81,96,83,92
table_1[diffdock].triple_poses,81,101,722,869
table_1[diffdock].triple_pct,81,107,8.0,9.6
table_1[diffdock_smina].near_complexes,82,61,173,186
table_1[diffdock_smina].near_poses,82,66,1715,2169
table_1[diffdock_smina].near_pct,82,72,19.1,24.1
table_1[diffdock_smina].form_complexes,82,78,237,236
table_1[diffdock_smina].form_poses,82,83,3903,3887
table_1[diffdock_smina].form_pct,82,89,43.4,43.2
table_1[diffdock_smina].triple_complexes,82,95,138,148
table_1[diffdock_smina].triple_poses,82,100,1227,1516
table_1[diffdock_smina].triple_pct,82,106,13.6,16.9
table_1[diffdock_gnina].near_complexes,83,61,176,186
table_1[diffdock_gnina].near_poses,83,66,1716,2171
table_1[diffdock_gnina].near_pct,83,72,19.1,24.1
table_1[diffdock_gnina].form_poses,83,83,3873,3854
table_1[diffdock_gnina].form_pct,83,89,43.1,42.9
table_1[diffdock_gnina].triple_complexes,83,95,138,149
table_1[diffdock_gnina].triple_poses,83,100,1219,1513
table_1[diffdock_gnina].triple_pct,83,106,13.6,16.8
table_1[equibind_unguided_raw].form_complexes,84,78,185,186
table_1[equibind_unguided_raw].form_poses,84,83,2479,2487
table_1[equibind_unguided_raw].form_pct,84,89,27.3,27.4
table_1[equibind_unguided_smina].near_complexes,85,62,64,67
table_1[equibind_unguided_smina].near_poses,85,67,453,465
table_1[equibind_unguided_smina].near_pct,85,73,5.0,5.1
table_1[equibind_unguided_smina].form_complexes,85,78,191,192
table_1[equibind_unguided_smina].form_poses,85,83,2610,2617
table_1[equibind_unguided_smina].form_pct,85,89,28.7,28.8
table_1[equibind_unguided_smina].triple_complexes,85,96,48,50
table_1[equibind_unguided_smina].triple_poses,85,101,249,253
table_1[equibind_unguided_smina].triple_pct,85,107,2.7,2.8
table_1[equibind_unguided_gnina].near_complexes,86,62,83,86
table_1[equibind_unguided_gnina].near_poses,86,67,498,515
table_1[equibind_unguided_gnina].near_pct,86,73,5.5,5.7
table_1[equibind_unguided_gnina].form_complexes,86,78,200,199
table_1[equibind_unguided_gnina].triple_complexes,86,96,55,57
table_1[equibind_unguided_gnina].triple_poses,86,101,282,289
table_1[equibind_unguided_gnina].triple_pct,86,107,3.1,3.2
table_1[equibind_fpocket_raw].form_complexes,87,78,180,179
table_1[equibind_fpocket_raw].form_poses,87,83,2449,2441
table_1[equibind_p2rank_raw].near_complexes,88,63,0,1
table_1[equibind_p2rank_raw].near_poses,88,69,0,2
table_1[equibind_p2rank_raw].form_complexes,88,78,181,180
table_1[equibind_p2rank_raw].form_poses,88,83,2336,2339
table_1[equibind_p2rank_raw].form_pct,88,89,27.4,27.5
table_2[AutoDock].rank1,105,16,111,149
table_2[AutoDock].top15,105,21,198,213
table_2[AutoDock].top30,105,26,199,214
table_2[DiffDock].rank1,106,16,103,132
table_2[DiffDock].top15,106,21,167,179
table_2[DiffDock].top30,106,26,169,183
table_2[EquiBind].rank1,107,16,55,57
table_2[EquiBind].top15,107,20,80,83
table_2[EquiBind].top30,107,24,80,83
table_3[AutoDock+DiffDock phi].top1,130,25,+0.33,0.24
table_3[AutoDock+DiffDock phi].top5,130,32,+0.23,0.21
table_3[AutoDock+DiffDock phi].top10,130,39,+0.24,0.21
table_3[AutoDock+DiffDock phi].top15,130,46,+0.23,0.21
table_3[AutoDock+EquiBind phi].top1,131,25,+0.45,0.19
table_3[AutoDock+EquiBind phi].top5,131,32,+0.27,0.15
table_3[AutoDock+EquiBind phi].top10,131,39,+0.29,0.15
table_3[AutoDock+EquiBind phi].top15,131,46,+0.28,0.13
table_3[DiffDock+EquiBind phi].top1,132,25,+0.42,0.21
table_3[DiffDock+EquiBind phi].top5,132,32,+0.30,0.22
table_3[DiffDock+EquiBind phi].top10,132,39,+0.29,0.22
table_3[DiffDock+EquiBind phi].top15,132,46,+0.26,0.22
table_4[AutoDock.precision].k1,160,19,0.561,0.727
table_4[AutoDock.precision].k2,160,26,0.550,0.690
table_4[AutoDock.precision].k3,160,33,0.485,0.640
table_4[AutoDock.precision].k4,160,40,0.497,0.615
table_4[AutoDock.precision].k5,160,47,0.439,0.555
table_4[AutoDock.recall].k1,161,19,0.572,0.741
table_4[AutoDock.recall].k2,161,26,0.548,0.695
table_4[AutoDock.recall].k3,161,33,0.477,0.633
table_4[AutoDock.recall].k4,161,40,0.479,0.596
table_4[AutoDock.recall].k5,161,47,0.414,0.532
table_4[AutoDock.f1].k1,162,19,0.565,0.732
table_4[AutoDock.f1].k2,162,26,0.546,0.689
table_4[AutoDock.f1].k3,162,33,0.479,0.633
table_4[AutoDock.f1].k4,162,40,0.485,0.601
table_4[AutoDock.f1].k5,162,47,0.423,0.539
table_4[DiffDock.precision].k1,165,19,0.536,0.704
table_4[DiffDock.precision].k2,165,26,0.529,0.682
table_4[DiffDock.precision].k3,165,33,0.520,0.658
table_4[DiffDock.precision].k4,165,40,0.497,0.645
table_4[DiffDock.precision].k5,165,47,0.528,0.650
table_4[DiffDock.recall].k1,166,19,0.526,0.692
table_4[DiffDock.recall].k2,166,26,0.511,0.667
table_4[DiffDock.recall].k3,166,33,0.496,0.631
table_4[DiffDock.recall].k4,166,40,0.471,0.617
table_4[DiffDock.recall].k5,166,47,0.504,0.622
table_4[DiffDock.f1].k1,167,19,0.529,0.694
table_4[DiffDock.f1].k2,167,26,0.517,0.670
table_4[DiffDock.f1].k3,167,33,0.503,0.639
table_4[DiffDock.f1].k4,167,40,0.479,0.626
table_4[DiffDock.f1].k5,167,47,0.512,0.631
table_4[EquiBind.precision].k1,170,19,0.493,0.522
table_4[EquiBind.precision].k2,170,26,0.489,0.518
table_4[EquiBind.precision].k3,170,33,0.488,0.518
table_4[EquiBind.precision].k4,170,40,0.476,0.507
table_4[EquiBind.precision].k5,170,47,0.472,0.497
table_4[EquiBind.recall].k1,171,19,0.459,0.486
table_4[EquiBind.recall].k2,171,26,0.451,0.475
table_4[EquiBind.recall].k3,171,33,0.450,0.475
table_4[EquiBind.recall].k4,171,40,0.433,0.459
table_4[EquiBind.recall].k5,171,47,0.423,0.444
table_4[EquiBind.f1].k1,172,19,0.471,0.498
table_4[EquiBind.f1].k2,172,26,0.465,0.491
table_4[EquiBind.f1].k3,172,33,0.463,0.490
table_4[EquiBind.f1].k4,172,40,0.449,0.476
table_4[EquiBind.f1].k5,172,47,0.441,0.463
table_20[DiffDock/near-native].1-10/gnina,249,49,0.7,0.6
table_20[DiffDock/near-native].11-20/smina,249,54,0.1,0.4
table_20[DiffDock/near-native].11-20/gnina,249,59,0.1,0.3
table_20[DiffDock/near-native].21-30/smina,249,64,0.5,0.8
table_20[DiffDock/near-native].21-30/gnina,249,69,0.4,1.0
table_20[DiffDock/near-native and PB-valid].1-10/smina,251,44,12.9,16.5
table_20[DiffDock/near-native and PB-valid].1-10/gnina,251,50,13.0,16.5
table_20[DiffDock/near-native and PB-valid].11-20/smina,251,56,7.7,10.5
table_20[DiffDock/near-native and PB-valid].11-20/gnina,251,61,7.6,10.3
table_20[DiffDock/near-native and PB-valid].21-30/smina,251,66,5.2,6.5
table_20[DiffDock/near-native and PB-valid].21-30/gnina,251,71,5.2,6.8
table_20[EquiBind/near-native].1-10/smina,252,44,4.4,4.5
table_20[EquiBind/near-native].1-10/gnina,252,49,4.6,4.7
table_20[EquiBind/near-native].11-20/smina,252,54,3.5,3.6
table_20[EquiBind/near-native].11-20/gnina,252,59,4.4,4.5
table_20[EquiBind/near-native].21-30/smina,252,64,3.7,3.9
table_20[EquiBind/near-native].21-30/gnina,252,69,4.1,4.4
table_20[EquiBind/near-native and PB-valid].1-10/smina,254,44,4.8,4.9
table_20[EquiBind/near-native and PB-valid].1-10/gnina,254,49,5.0,5.1
table_20[EquiBind/near-native and PB-valid].11-20/gnina,254,59,5.0,5.2
table_20[EquiBind/near-native and PB-valid].21-30/smina,254,64,4.2,4.3
table_20[EquiBind/near-native and PB-valid].21-30/gnina,254,69,4.7,5.0
table_25[AutoDock Vina + gnina].gained,313,31,88,65
table_25[AutoDock Vina + gnina].net,313,41,87,64
table_25[DiffDock + smina].gained,314,31,63,45
table_25[DiffDock + smina].stay_invalid,314,35,1,0
table_25[DiffDock + smina].net,314,41,64,47
table_25[EquiBind + gnina].gained,315,31,26,27
table_25[EquiBind + gnina].net,315,41,25,26
table_26[RMSD/AutoDock Vina + gnina].d1.t0.5,344,19,5.9,8.6
table_26[RMSD/AutoDock Vina + gnina].d1.t0.75,344,24,13.5,18.2
table_26[RMSD/AutoDock Vina + gnina].d1.t1,344,30,22.1,30.0
table_26[RMSD/AutoDock Vina + gnina].d1.t1.25,344,36,27.1,38.0
table_26[RMSD/AutoDock Vina + gnina].d1.t1.5,344,42,30.4,41.6
table_26[RMSD/AutoDock Vina + gnina].d1.t1.75,344,48,32.7,44.9
table_26[RMSD/AutoDock Vina + gnina].d1.t2,344,54,36.6,49.2
table_26[RMSD/AutoDock Vina + gnina].d1.t2.25,344,60,37.0,49.8
table_26[RMSD/AutoDock Vina + gnina].d1.t2.5,344,66,38.9,53.5
table_26[RMSD/AutoDock Vina + gnina].d15.t0.5,345,19,11.2,13.2
table_26[RMSD/AutoDock Vina + gnina].d15.t0.75,345,25,20.1,24.4
table_26[RMSD/AutoDock Vina + gnina].d15.t1,345,31,34.7,40.6
table_26[RMSD/AutoDock Vina + gnina].d15.t1.25,345,37,45.5,50.2
table_26[RMSD/AutoDock Vina + gnina].d15.t1.5,345,43,52.1,57.8
table_26[RMSD/AutoDock Vina + gnina].d15.t1.75,345,49,59.4,64.7
table_26[RMSD/AutoDock Vina + gnina].d15.t2,345,55,65.3,70.3
table_26[RMSD/AutoDock Vina + gnina].d15.t2.25,345,61,67.0,71.9
table_26[RMSD/AutoDock Vina + gnina].d15.t2.5,345,67,69.6,74.3
table_26[RMSD/AutoDock Vina + gnina].d30.t0.5,346,19,11.2,13.2
table_26[RMSD/AutoDock Vina + gnina].d30.t0.75,346,25,20.1,24.4
table_26[RMSD/AutoDock Vina + gnina].d30.t1,346,31,34.7,40.6
table_26[RMSD/AutoDock Vina + gnina].d30.t1.25,346,37,45.9,50.5
table_26[RMSD/AutoDock Vina + gnina].d30.t1.5,346,43,52.8,58.4
table_26[RMSD/AutoDock Vina + gnina].d30.t1.75,346,49,60.1,65.7
table_26[RMSD/AutoDock Vina + gnina].d30.t2,346,55,65.7,70.6
table_26[RMSD/AutoDock Vina + gnina].d30.t2.25,346,61,67.7,72.6
table_26[RMSD/AutoDock Vina + gnina].d30.t2.5,346,67,70.6,75.2
table_26[RMSD/DiffDock + smina].d1.t0.5,348,19,4.0,5.0
table_26[RMSD/DiffDock + smina].d1.t0.75,348,24,10.9,12.5
table_26[RMSD/DiffDock + smina].d1.t1,348,30,15.5,20.1
table_26[RMSD/DiffDock + smina].d1.t1.25,348,36,21.5,28.4
table_26[RMSD/DiffDock + smina].d1.t1.5,348,42,26.1,34.3
table_26[RMSD/DiffDock + smina].d1.t1.75,348,48,31.4,40.3
table_26[RMSD/DiffDock + smina].d1.t2,348,54,34.0,43.6
table_26[RMSD/DiffDock + smina].d1.t2.25,348,60,35.3,46.2
table_26[RMSD/DiffDock + smina].d1.t2.5,348,66,37.6,48.8
table_26[RMSD/DiffDock + smina].d15.t0.25,349,14,1.0,1.3
table_26[RMSD/DiffDock + smina].d15.t0.5,349,19,9.6,11.9
table_26[RMSD/DiffDock + smina].d15.t0.75,349,24,20.5,23.4
table_26[RMSD/DiffDock + smina].d15.t1,349,30,30.0,34.3
table_26[RMSD/DiffDock + smina].d15.t1.25,349,36,40.6,43.9
table_26[RMSD/DiffDock + smina].d15.t1.5,349,42,46.5,50.5
table_26[RMSD/DiffDock + smina].d15.t1.75,349,48,51.8,55.4
table_26[RMSD/DiffDock + smina].d15.t2,349,54,55.1,59.1
table_26[RMSD/DiffDock + smina].d15.t2.25,349,60,58.1,62.7
table_26[RMSD/DiffDock + smina].d15.t2.5,349,66,60.1,64.7
table_26[RMSD/DiffDock + smina].d30.t0.25,350,14,1.0,1.3
table_26[RMSD/DiffDock + smina].d30.t0.5,350,19,10.9,12.9
table_26[RMSD/DiffDock + smina].d30.t0.75,350,25,21.8,24.4
table_26[RMSD/DiffDock + smina].d30.t1,350,31,31.7,35.3
table_26[RMSD/DiffDock + smina].d30.t1.25,350,37,41.6,44.9
table_26[RMSD/DiffDock + smina].d30.t1.5,350,43,48.2,52.8
table_26[RMSD/DiffDock + smina].d30.t1.75,350,49,53.1,57.4
table_26[RMSD/DiffDock + smina].d30.t2,350,55,55.8,60.4
table_26[RMSD/DiffDock + smina].d30.t2.25,350,61,59.4,64.0
table_26[RMSD/DiffDock + smina].d30.t2.5,350,67,61.7,66.7
table_26[RMSD/EquiBind + gnina].d1.t1.25,352,34,9.6,10.2
table_26[RMSD/EquiBind + gnina].d1.t1.5,352,39,12.5,13.2
table_26[RMSD/EquiBind + gnina].d1.t1.75,352,45,15.5,16.2
table_26[RMSD/EquiBind + gnina].d1.t2,352,51,18.2,18.8
table_26[RMSD/EquiBind + gnina].d1.t2.25,352,57,19.5,20.1
table_26[RMSD/EquiBind + gnina].d1.t2.5,352,63,20.5,21.1
table_26[RMSD/EquiBind + gnina].d15.t0.25,353,14,0.3,0.7
table_26[RMSD/EquiBind + gnina].d15.t0.5,353,19,3.0,3.3
table_26[RMSD/EquiBind + gnina].d15.t0.75,353,24,6.3,6.6
table_26[RMSD/EquiBind + gnina].d15.t1,353,29,10.2,10.6
table_26[RMSD/EquiBind + gnina].d15.t1.25,353,35,14.2,14.9
table_26[RMSD/EquiBind + gnina].d15.t1.5,353,41,17.8,18.5
table_26[RMSD/EquiBind + gnina].d15.t1.75,353,47,22.1,22.8
table_26[RMSD/EquiBind + gnina].d15.t2,353,53,26.4,27.4
table_26[RMSD/EquiBind + gnina].d15.t2.25,353,59,27.7,29.0
table_26[RMSD/EquiBind + gnina].d15.t2.5,353,65,29.4,30.7
table_26[RMSD/EquiBind + gnina].d30.t0.25,354,14,0.3,0.7
table_26[RMSD/EquiBind + gnina].d30.t0.5,354,19,3.0,3.3
table_26[RMSD/EquiBind + gnina].d30.t0.75,354,24,6.6,6.9
table_26[RMSD/EquiBind + gnina].d30.t1,354,29,10.6,10.9
table_26[RMSD/EquiBind + gnina].d30.t1.25,354,35,14.2,14.9
table_26[RMSD/EquiBind + gnina].d30.t1.5,354,41,17.8,18.5
table_26[RMSD/EquiBind + gnina].d30.t1.75,354,47,22.4,23.1
table_26[RMSD/EquiBind + gnina].d30.t2,354,53,26.4,27.4
table_26[RMSD/EquiBind + gnina].d30.t2.25,354,59,27.7,29.0
table_26[RMSD/EquiBind + gnina].d30.t2.5,354,65,29.4,30.7
table_26[Kabsch RMSD/AutoDock Vina + gnina].d1.t0.25,357,14,10.2,10.6
table_26[Kabsch RMSD/AutoDock Vina + gnina].d1.t0.5,357,20,25.7,25.1
table_26[Kabsch RMSD/AutoDock Vina + gnina].d1.t1.25,357,38,61.1,60.7
table_26[Kabsch RMSD/AutoDock Vina + gnina].d1.t1.75,357,50,74.6,74.9
table_26[Kabsch RMSD/AutoDock Vina + gnina].d15.t0.25,358,14,17.8,18.5
table_26[Kabsch RMSD/AutoDock Vina + gnina].d15.t0.5,358,20,35.3,35.0
table_26[Kabsch RMSD/AutoDock Vina + gnina].d15.t1,358,32,71.9,71.6
table_26[Kabsch RMSD/AutoDock Vina + gnina].d30.t0.25,359,14,18.8,19.5
table_26[Kabsch RMSD/AutoDock Vina + gnina].d30.t0.5,359,20,37.0,36.6
table_26[Kabsch RMSD/DiffDock + smina].d1.t0.25,361,14,11.9,11.6
table_26[Kabsch RMSD/DiffDock + smina].d1.t0.5,361,20,25.1,24.4
table_26[Kabsch RMSD/DiffDock + smina].d1.t0.75,361,26,38.6,38.9
table_26[Kabsch RMSD/DiffDock + smina].d1.t1.25,361,38,61.7,62.0
table_26[Kabsch RMSD/DiffDock + smina].d1.t1.5,361,44,70.0,70.3
table_26[Kabsch RMSD/DiffDock + smina].d1.t1.75,361,50,76.2,75.9
table_26[Kabsch RMSD/DiffDock + smina].d1.t2,361,56,82.5,82.2
table_26[Kabsch RMSD/DiffDock + smina].d1.t2.25,361,62,85.8,86.1
table_26[Kabsch RMSD/DiffDock + smina].d1.t2.5,361,68,88.1,88.4
table_26[Kabsch RMSD/DiffDock + smina].d15.t0.5,362,20,39.3,39.9
table_26[Kabsch RMSD/DiffDock + smina].d15.t1.25,362,38,80.2,80.9
table_26[Kabsch RMSD/DiffDock + smina].d15.t1.5,362,44,87.8,88.1
table_26[Kabsch RMSD/DiffDock + smina].d15.t1.75,362,50,94.1,94.4
table_26[Kabsch RMSD/DiffDock + smina].d15.t2,362,56,95.7,95.4
table_26[Kabsch RMSD/DiffDock + smina].d30.t0.25,363,14,22.4,22.8
table_26[Kabsch RMSD/DiffDock + smina].d30.t0.5,363,20,42.6,41.9
table_26[Kabsch RMSD/DiffDock + smina].d30.t0.75,363,26,60.4,59.7
table_26[Kabsch RMSD/DiffDock + smina].d30.t1.5,363,44,92.7,93.1
table_26[Kabsch RMSD/EquiBind + gnina].d1.t0.5,365,19,15.5,15.2
table_26[Kabsch RMSD/EquiBind + gnina].d1.t1.75,365,49,53.1,53.5
table_26[Kabsch RMSD/EquiBind + gnina].d1.t2,365,55,61.4,62.0
table_26[Kabsch RMSD/EquiBind + gnina].d1.t2.25,365,61,66.3,67.0
table_26[Kabsch RMSD/EquiBind + gnina].d15.t0.25,366,14,15.2,14.9
table_26[Kabsch RMSD/EquiBind + gnina].d15.t0.5,366,20,27.7,27.4
table_26[Kabsch RMSD/EquiBind + gnina].d15.t0.75,366,26,40.3,39.9
table_26[Kabsch RMSD/EquiBind + gnina].d15.t1,366,32,51.2,51.5
table_26[Kabsch RMSD/EquiBind + gnina].d15.t1.25,366,38,62.0,62.4
table_26[Kabsch RMSD/EquiBind + gnina].d15.t1.75,366,50,75.9,76.2
table_26[Kabsch RMSD/EquiBind + gnina].d15.t2,366,56,79.9,80.2
table_26[Kabsch RMSD/EquiBind + gnina].d15.t2.25,366,62,82.5,82.8
table_26[Kabsch RMSD/EquiBind + gnina].d30.t0.25,367,14,17.2,16.8
table_26[Kabsch RMSD/EquiBind + gnina].d30.t0.5,367,20,31.0,30.7
table_26[Kabsch RMSD/EquiBind + gnina].d30.t0.75,367,26,43.9,43.6
table_26[Kabsch RMSD/EquiBind + gnina].d30.t1,367,32,54.1,53.8
table_26[Kabsch RMSD/EquiBind + gnina].d30.t1.25,367,38,64.4,64.7
table_26[Kabsch RMSD/EquiBind + gnina].d30.t1.75,367,50,77.6,77.9
table_26[Kabsch RMSD/EquiBind + gnina].d30.t2,367,56,81.8,82.5
table_26[Kabsch RMSD/EquiBind + gnina].d30.t2.25,367,62,83.5,83.8
table_27[AutoDock/1].n_poses,389,21,190,249
table_27[AutoDock/1].n_valid_complexes,389,26,190,249
table_27[AutoDock/1].coverage_pct,389,31,62.7,82.2
table_27[AutoDock/1].inplace_median,389,37,1.490,1.376
table_27[AutoDock/1].inplace_q1,389,44,0.758,0.682
table_27[AutoDock/1].inplace_q3,389,51,4.220,3.734
table_27[AutoDock/1].form_median,389,58,0.845,0.824
table_27[AutoDock/1].form_q1,389,65,0.426,0.402
table_27[AutoDock/1].form_q3,389,72,1.507,1.513
table_27[AutoDock/1].median_r,389,79,0.365,0.368
table_27[AutoDock/1].pct_placement_limited,389,86,47.9,46.6
table_27[AutoDock/1].pct_mixed,389,92,25.3,25.7
table_27[AutoDock/1].pct_form_limited,389,98,26.8,27.7
table_27[AutoDock/5].n_poses,390,21,882,1147
table_27[AutoDock/5].n_valid_complexes,390,26,256,272
table_27[AutoDock/5].coverage_pct,390,31,84.5,89.8
table_27[AutoDock/5].inplace_median,390,37,3.476,3.291
table_27[AutoDock/5].inplace_q1,390,44,1.791,1.615
table_27[AutoDock/5].inplace_q3,390,51,6.035,5.926
table_27[AutoDock/5].form_median,390,58,1.265,1.215
table_27[AutoDock/5].form_q1,390,65,0.704,0.645
table_27[AutoDock/5].form_q3,390,72,1.984,1.962
table_27[AutoDock/5].median_r,390,79,0.172,0.178
table_27[AutoDock/5].pct_placement_limited,390,86,65.1,63.7
table_27[AutoDock/5].pct_mixed,390,92,19.4,19.6
table_27[AutoDock/5].pct_form_limited,390,98,15.5,16.6
table_27[AutoDock/15].n_poses,391,21,2200,2832
table_27[AutoDock/15].n_valid_complexes,391,27,275,286
table_27[AutoDock/15].coverage_pct,391,32,90.8,94.4
table_27[AutoDock/15].inplace_median,391,38,5.043,4.922
table_27[AutoDock/15].inplace_q1,391,45,2.937,2.847
table_27[AutoDock/15].inplace_q3,391,52,7.414,7.314
table_27[AutoDock/15].form_median,391,59,1.445,1.416
table_27[AutoDock/15].form_q1,391,66,0.811,0.776
table_27[AutoDock/15].form_q3,391,73,2.200,2.201
table_27[AutoDock/15].median_r,391,80,0.094,0.097
table_27[AutoDock/15].pct_placement_limited,391,87,77.8,77.3
table_27[AutoDock/15].pct_form_limited,391,99,8.3,8.8
table_27[DiffDock/1].n_poses,392,21,164,224
table_27[DiffDock/1].n_valid_complexes,392,26,164,224
table_27[DiffDock/1].coverage_pct,392,31,54.1,73.9
table_27[DiffDock/1].inplace_median,392,37,1.467,1.532
table_27[DiffDock/1].inplace_q1,392,44,0.753,0.868
table_27[DiffDock/1].inplace_q3,392,51,3.068,3.843
table_27[DiffDock/1].form_median,392,58,0.885,0.890
table_27[DiffDock/1].form_q1,392,65,0.488,0.499
table_27[DiffDock/1].form_q3,392,72,1.427,1.421
table_27[DiffDock/1].pct_placement_limited,392,86,40.9,41.5
table_27[DiffDock/1].pct_mixed,392,92,28.7,29.0
table_27[DiffDock/1].pct_form_limited,392,98,30.5,29.5
table_27[DiffDock/5].n_poses,393,21,790,1041
table_27[DiffDock/5].n_valid_complexes,393,26,235,256
table_27[DiffDock/5].coverage_pct,393,31,77.6,84.5
table_27[DiffDock/5].inplace_median,393,37,1.646,1.683
table_27[DiffDock/5].inplace_q1,393,44,0.863,0.866
table_27[DiffDock/5].inplace_q3,393,51,4.000,4.286
table_27[DiffDock/5].form_median,393,58,0.882,0.883
table_27[DiffDock/5].form_q1,393,65,0.498,0.503
table_27[DiffDock/5].form_q3,393,72,1.469,1.489
table_27[DiffDock/5].median_r,393,79,0.406,0.416
table_27[DiffDock/5].pct_placement_limited,393,86,44.2,44.5
table_27[DiffDock/5].pct_mixed,393,92,32.5,31.2
table_27[DiffDock/5].pct_form_limited,393,98,23.3,24.3
table_27[DiffDock/15].n_poses,394,21,2139,2801
table_27[DiffDock/15].n_valid_complexes,394,27,259,269
table_27[DiffDock/15].coverage_pct,394,32,85.5,88.8
table_27[DiffDock/15].inplace_median,394,38,1.929,2.062
table_27[DiffDock/15].inplace_q1,394,45,0.921,0.945
table_27[DiffDock/15].inplace_q3,394,52,4.893,4.935
table_27[DiffDock/15].form_median,394,59,0.918,0.936
table_27[DiffDock/15].form_q1,394,66,0.517,0.520
table_27[DiffDock/15].form_q3,394,73,1.569,1.603
table_27[DiffDock/15].median_r,394,80,0.363,0.377
table_27[DiffDock/15].pct_placement_limited,394,87,47.9,47.1
table_27[DiffDock/15].pct_mixed,394,93,30.8,30.5
table_27[DiffDock/15].pct_form_limited,394,99,21.3,22.4
table_27[EquiBind/1].n_poses,395,21,143,155
table_27[EquiBind/1].n_valid_complexes,395,26,143,155
table_27[EquiBind/1].coverage_pct,395,31,47.2,51.2
table_27[EquiBind/1].inplace_median,395,37,2.977,3.239
table_27[EquiBind/1].inplace_q1,395,44,1.347,1.353
table_27[EquiBind/1].inplace_q3,395,51,5.476,5.940
table_27[EquiBind/1].form_median,395,58,1.120,1.148
table_27[EquiBind/1].form_q1,395,65,0.592,0.650
table_27[EquiBind/1].form_q3,395,72,2.008,2.015
table_27[EquiBind/1].median_r,395,79,0.214,0.208
table_27[EquiBind/1].pct_placement_limited,395,86,59.4,60.6
table_27[EquiBind/1].pct_mixed,395,92,23.8,22.6
table_27[EquiBind/5].n_poses,396,21,673,722
table_27[EquiBind/5].n_valid_complexes,396,26,156,167
table_27[EquiBind/5].coverage_pct,396,31,51.5,55.1
table_27[EquiBind/5].inplace_median,396,37,3.640,3.723
table_27[EquiBind/5].inplace_q1,396,44,1.770,1.817
table_27[EquiBind/5].inplace_q3,396,51,6.191,6.395
table_27[EquiBind/5].form_median,396,58,1.260,1.313
table_27[EquiBind/5].form_q1,396,65,0.752,0.775
table_27[EquiBind/5].form_q3,396,72,2.018,2.035
table_27[EquiBind/5].median_r,396,79,0.154,0.146
table_27[EquiBind/5].pct_placement_limited,396,86,64.3,64.8
table_27[EquiBind/5].pct_mixed,396,92,20.8,20.2
table_27[EquiBind/5].pct_form_limited,396,98,14.9,15.0
table_27[EquiBind/15].n_poses,397,21,1830,1932
table_27[EquiBind/15].n_valid_complexes,397,27,156,169
table_27[EquiBind/15].coverage_pct,397,32,51.5,55.8
table_27[EquiBind/15].inplace_median,397,38,4.065,4.195
table_27[EquiBind/15].inplace_q1,397,45,2.334,2.365
table_27[EquiBind/15].inplace_q3,397,52,6.453,6.556
table_27[EquiBind/15].form_median,397,59,1.342,1.354
table_27[EquiBind/15].form_q1,397,66,0.789,0.808
table_27[EquiBind/15].median_r,397,80,0.133,0.132
table_27[EquiBind/15].pct_placement_limited,397,87,70.2,70.5
table_27[EquiBind/15].pct_mixed,397,93,18.5,18.1
table_27[EquiBind/15].pct_form_limited,397,99,11.3,11.4
table_24[near_native/AutoDock (raw)].poses,684,26,307,437
table_24[near_native/AutoDock (raw)].valid_pct,684,31,98.4,98.6
table_24[near_native/AutoDock (raw)].intra_pct,684,42,0.0,0.2
table_24[near_native/AutoDock (raw)].inter_pct,684,47,1.6,1.1
table_24[near_native/AutoDock (raw)].mindist_pct,684,52,1.6,1.1
table_24[near_native/AutoDock + gnina].poses,685,26,319,451
table_24[near_native/AutoDock + gnina].valid_pct,685,31,97.5,98.0
table_24[near_native/AutoDock + gnina].inter_pct,685,47,1.6,1.1
table_24[near_native/AutoDock + gnina].mindist_pct,685,52,1.6,1.1
table_24[near_native/DiffDock (raw)].poses,686,26,1683,2118
table_24[near_native/DiffDock (raw)].valid_pct,686,32,50.3,50.2
table_24[near_native/DiffDock (raw)].intra_pct,686,43,2.2,1.8
table_24[near_native/DiffDock (raw)].inter_pct,686,48,48.2,48.5
table_24[near_native/DiffDock (raw)].mindist_pct,686,54,48.2,48.4
table_24[near_native/DiffDock + smina].poses,687,26,1715,2169
table_24[near_native/DiffDock + smina].valid_pct,687,32,94.6,95.3
table_24[near_native/DiffDock + smina].intra_pct,687,43,0.1,0.0
table_24[near_native/DiffDock + smina].inter_pct,687,48,5.4,4.6
table_24[near_native/DiffDock + smina].mindist_pct,687,53,5.4,4.6
table_24[near_native/DiffDock + gnina].poses,688,26,1716,2171
table_24[near_native/DiffDock + gnina].valid_pct,688,32,94.5,95.4
table_24[near_native/DiffDock + gnina].intra_pct,688,43,0.2,0.1
table_24[near_native/DiffDock + gnina].inter_pct,688,48,5.3,4.5
table_24[near_native/DiffDock + gnina].mindist_pct,688,53,5.2,4.4
table_24[near_native/EquiBind + smina].poses,690,26,453,465
table_24[near_native/EquiBind + smina].valid_pct,690,31,91.6,91.0
table_24[near_native/EquiBind + smina].inter_pct,690,47,8.2,8.8
table_24[near_native/EquiBind + smina].mindist_pct,690,52,8.2,8.8
table_24[near_native/EquiBind + gnina].poses,691,26,498,515
table_24[near_native/EquiBind + gnina].valid_pct,691,31,93.6,93.8
table_24[near_native/EquiBind + gnina].inter_pct,691,47,6.2,6.0
table_24[near_native/EquiBind + gnina].mindist_pct,691,52,6.2,6.0
table_21[AutoDock (gnina-opt) -> DiffDock (raw)].k1.base,719,49,37.3,49.8
table_21[AutoDock (gnina-opt) -> DiffDock (raw)].k1.comp,719,55,33.7,43.6
table_21[AutoDock (gnina-opt) -> DiffDock (raw)].k1.base_wins,719,61,62,77
table_21[AutoDock (gnina-opt) -> DiffDock (raw)].k1.comp_wins,719,65,51,58
table_21[AutoDock (gnina-opt) -> DiffDock (raw)].k1.p_holm,719,69,0.6938,0.2420
table_21[AutoDock (gnina-opt) -> DiffDock (raw)].k5.base,719,79,62.0,67.3
table_21[AutoDock (gnina-opt) -> DiffDock (raw)].k5.comp,719,85,44.6,50.2
table_21[AutoDock (gnina-opt) -> DiffDock (raw)].k5.base_wins,719,91,100,99
table_21[AutoDock (gnina-opt) -> DiffDock (raw)].k5.p_holm,719,100,0.0001176,0.0001209
table_21[AutoDock (gnina-opt) -> DiffDock (raw)].k10.base,719,113,65.0,70.0
table_21[AutoDock (gnina-opt) -> DiffDock (raw)].k10.comp,719,119,48.2,52.1
table_21[AutoDock (gnina-opt) -> DiffDock (raw)].k10.base_wins,719,125,99,100
table_21[AutoDock (gnina-opt) -> DiffDock (raw)].k10.comp_wins,719,129,48,46
table_21[AutoDock (gnina-opt) -> DiffDock (raw)].k10.p_holm,719,133,0.0002199,0.0000647
table_21[AutoDock (gnina-opt) -> DiffDock (raw)].k15.base,719,146,66.3,71.3
table_21[AutoDock (gnina-opt) -> DiffDock (raw)].k15.comp,719,152,49.8,52.8
table_21[AutoDock (gnina-opt) -> DiffDock (raw)].k15.base_wins,719,158,99,102
table_21[AutoDock (gnina-opt) -> DiffDock (raw)].k15.comp_wins,719,162,49,46
table_21[AutoDock (gnina-opt) -> DiffDock (raw)].k15.p_holm,719,166,0.0002897,0.0000384
table_21[AutoDock (gnina-opt) -> DiffDock (gnina-opt)].k1.base,720,55,37.3,49.8
table_21[AutoDock (gnina-opt) -> DiffDock (gnina-opt)].k1.comp,720,61,35.6,45.5
table_21[AutoDock (gnina-opt) -> DiffDock (gnina-opt)].k1.base_wins,720,67,60,72
table_21[AutoDock (gnina-opt) -> DiffDock (gnina-opt)].k1.comp_wins,720,71,55,59
table_21[AutoDock (gnina-opt) -> DiffDock (gnina-opt)].k1.p_holm,720,75,0.7093,0.2944
table_21[AutoDock (gnina-opt) -> DiffDock (gnina-opt)].k5.base,720,85,62.0,67.3
table_21[AutoDock (gnina-opt) -> DiffDock (gnina-opt)].k5.comp,720,91,49.2,54.1
table_21[AutoDock (gnina-opt) -> DiffDock (gnina-opt)].k5.comp_wins,720,101,50,49
table_21[AutoDock (gnina-opt) -> DiffDock (gnina-opt)].k5.p_holm,720,105,0.00594,0.00418
table_21[AutoDock (gnina-opt) -> DiffDock (gnina-opt)].k10.base,720,116,65.0,70.0
table_21[AutoDock (gnina-opt) -> DiffDock (gnina-opt)].k10.comp,720,122,52.8,57.1
table_21[AutoDock (gnina-opt) -> DiffDock (gnina-opt)].k10.comp_wins,720,132,50,48
table_21[AutoDock (gnina-opt) -> DiffDock (gnina-opt)].k10.p_holm,720,136,0.007955,0.004180
table_21[AutoDock (gnina-opt) -> DiffDock (gnina-opt)].k15.base,720,148,66.3,71.3
table_21[AutoDock (gnina-opt) -> DiffDock (gnina-opt)].k15.comp,720,154,56.1,59.4
table_21[AutoDock (gnina-opt) -> DiffDock (gnina-opt)].k15.base_wins,720,160,83,85
table_21[AutoDock (gnina-opt) -> DiffDock (gnina-opt)].k15.comp_wins,720,164,52,49
table_21[AutoDock (gnina-opt) -> DiffDock (gnina-opt)].k15.p_holm,720,168,0.02869,0.00711
table_21[DiffDock (gnina-opt) -> EquiBind (gnina-opt)].k1.base,721,55,35.6,45.5
table_21[DiffDock (gnina-opt) -> EquiBind (gnina-opt)].k1.comp,721,61,18.8,19.5
table_21[DiffDock (gnina-opt) -> EquiBind (gnina-opt)].k1.base_wins,721,67,68,97
table_21[DiffDock (gnina-opt) -> EquiBind (gnina-opt)].k1.comp_wins,721,71,17,18
table_21[DiffDock (gnina-opt) -> EquiBind (gnina-opt)].k1.p_holm,721,75,1.958e-07,2.513e-13
table_21[DiffDock (gnina-opt) -> EquiBind (gnina-opt)].k5.base,721,88,49.2,54.1
table_21[DiffDock (gnina-opt) -> EquiBind (gnina-opt)].k5.comp,721,94,25.1,26.1
table_21[DiffDock (gnina-opt) -> EquiBind (gnina-opt)].k5.base_wins,721,100,94,107
table_21[DiffDock (gnina-opt) -> EquiBind (gnina-opt)].k5.comp_wins,721,104,21,22
table_21[DiffDock (gnina-opt) -> EquiBind (gnina-opt)].k5.p_holm,721,108,3.564e-11,1.327e-13
table_21[DiffDock (gnina-opt) -> EquiBind (gnina-opt)].k10.base,721,121,52.8,57.1
table_21[DiffDock (gnina-opt) -> EquiBind (gnina-opt)].k10.comp,721,127,27.4,28.4
table_21[DiffDock (gnina-opt) -> EquiBind (gnina-opt)].k10.base_wins,721,133,98,109
table_21[DiffDock (gnina-opt) -> EquiBind (gnina-opt)].k10.comp_wins,721,137,21,22
table_21[DiffDock (gnina-opt) -> EquiBind (gnina-opt)].k10.p_holm,721,141,5.284e-12,5.256e-14
table_21[DiffDock (gnina-opt) -> EquiBind (gnina-opt)].k15.base,721,154,56.1,59.4
table_21[DiffDock (gnina-opt) -> EquiBind (gnina-opt)].k15.comp,721,160,27.4,28.4
table_21[DiffDock (gnina-opt) -> EquiBind (gnina-opt)].k15.base_wins,721,166,104,112
table_21[DiffDock (gnina-opt) -> EquiBind (gnina-opt)].k15.comp_wins,721,171,17,18
table_21[AutoDock (gnina-opt) -> EquiBind (gnina-opt)].k1.base,722,55,37.3,49.8
table_21[AutoDock (gnina-opt) -> EquiBind (gnina-opt)].k1.comp,722,61,18.8,19.5
table_21[AutoDock (gnina-opt) -> EquiBind (gnina-opt)].k1.base_wins,722,67,75,111
table_21[AutoDock (gnina-opt) -> EquiBind (gnina-opt)].k1.p_holm,722,75,4.818e-08,6.388e-16
table_21[AutoDock (gnina-opt) -> EquiBind (gnina-opt)].k5.base,722,88,62.0,67.3
table_21[AutoDock (gnina-opt) -> EquiBind (gnina-opt)].k5.comp,722,94,25.1,26.1
table_21[AutoDock (gnina-opt) -> EquiBind (gnina-opt)].k5.base_wins,722,100,128,141
table_21[AutoDock (gnina-opt) -> EquiBind (gnina-opt)].k10.base,722,122,65.0,70.0
table_21[AutoDock (gnina-opt) -> EquiBind (gnina-opt)].k10.comp,722,128,27.4,28.4
table_21[AutoDock (gnina-opt) -> EquiBind (gnina-opt)].k10.base_wins,722,134,129,141
table_21[AutoDock (gnina-opt) -> EquiBind (gnina-opt)].k15.base,722,156,66.3,71.3
table_21[AutoDock (gnina-opt) -> EquiBind (gnina-opt)].k15.comp,722,162,27.4,28.4
table_21[AutoDock (gnina-opt) -> EquiBind (gnina-opt)].k15.base_wins,722,168,132,144
table_18[AutoDock Vina].k1.near,806,24,31.4,43.2
table_18[AutoDock Vina].k1.valid,806,30,31.0,42.9
table_18[AutoDock Vina].k5.near,806,38,50.8,56.4
table_18[AutoDock Vina].k5.valid,806,44,50.5,56.1
table_18[AutoDock Vina].k10.near,806,52,58.7,62.7
table_18[AutoDock Vina].k10.valid,806,58,58.7,62.7
table_18[AutoDock Vina].k15.near,806,66,61.1,65.3
table_18[AutoDock Vina].k15.valid,806,72,61.1,65.3
table_18[AutoDock (gnina-opt)].k1.near,807,31,37.3,49.8
table_18[AutoDock (gnina-opt)].k1.valid,807,37,36.6,49.2
table_18[AutoDock (gnina-opt)].k5.near,807,45,62.0,67.3
table_18[AutoDock (gnina-opt)].k5.valid,807,51,60.7,66.0
table_18[AutoDock (gnina-opt)].k10.near,807,59,65.0,70.0
table_18[AutoDock (gnina-opt)].k10.valid,807,65,64.0,69.0
table_18[AutoDock (gnina-opt)].k15.near,807,73,66.3,71.3
table_18[AutoDock (gnina-opt)].k15.valid,807,79,65.3,70.3
table_18[DiffDock (raw)].k1.near,808,25,33.7,43.6
table_18[DiffDock (raw)].k1.valid,808,31,18.2,22.1
table_18[DiffDock (raw)].k5.near,808,39,44.6,50.2
table_18[DiffDock (raw)].k5.valid,808,45,25.4,30.4
table_18[DiffDock (raw)].k10.near,808,53,48.2,52.1
table_18[DiffDock (raw)].k10.valid,808,59,28.7,32.7
table_18[DiffDock (raw)].k15.near,808,67,49.8,52.8
table_18[DiffDock (raw)].k15.valid,808,73,31.0,34.0
table_18[DiffDock + smina].k1.near,809,27,35.3,45.2
table_18[DiffDock + smina].k1.valid,809,33,34.0,43.6
table_18[DiffDock + smina].k5.near,809,41,48.8,54.1
table_18[DiffDock + smina].k5.valid,809,47,47.5,52.8
table_18[DiffDock + smina].k10.near,809,55,53.5,57.8
table_18[DiffDock + smina].k10.valid,809,61,52.5,56.8
table_18[DiffDock + smina].k15.near,809,69,56.1,60.1
table_18[DiffDock + smina].k15.valid,809,75,55.1,59.1
table_18[DiffDock (gnina-opt)].k1.near,810,31,35.6,45.5
table_18[DiffDock (gnina-opt)].k1.valid,810,37,34.3,44.2
table_18[DiffDock (gnina-opt)].k5.near,810,45,49.2,54.1
table_18[DiffDock (gnina-opt)].k5.valid,810,51,48.2,53.1
table_18[DiffDock (gnina-opt)].k10.near,810,59,52.8,57.1
table_18[DiffDock (gnina-opt)].k10.valid,810,65,51.8,56.1
table_18[DiffDock (gnina-opt)].k15.near,810,73,56.1,59.4
table_18[DiffDock (gnina-opt)].k15.valid,810,79,55.1,58.4
table_18[EquiBind (gnina-opt)].k1.near,812,31,18.8,19.5
table_18[EquiBind (gnina-opt)].k1.valid,812,37,18.2,18.8
table_18[EquiBind (gnina-opt)].k5.near,812,45,25.1,26.1
table_18[EquiBind (gnina-opt)].k5.valid,812,51,24.1,25.1
table_18[EquiBind (gnina-opt)].k10.near,812,59,27.4,28.4
table_18[EquiBind (gnina-opt)].k10.valid,812,65,26.4,27.4
table_18[EquiBind (gnina-opt)].k15.near,812,73,27.4,28.4
table_18[EquiBind (gnina-opt)].k15.valid,812,79,26.4,27.4
table_19[AutoDock Vina -> AutoDock (gnina-opt)].k1.raw,830,48,31.4,43.2
table_19[AutoDock Vina -> AutoDock (gnina-opt)].k1.opt,830,54,37.3,49.8
table_19[AutoDock Vina -> AutoDock (gnina-opt)].k1.raw_wins,830,60,21,19
table_19[AutoDock Vina -> AutoDock (gnina-opt)].k5.raw,830,70,50.8,56.4
table_19[AutoDock Vina -> AutoDock (gnina-opt)].k5.opt,830,76,62.0,67.3
table_19[AutoDock Vina -> AutoDock (gnina-opt)].k5.opt_wins,830,85,37,36
table_19[AutoDock Vina -> AutoDock (gnina-opt)].k10.raw,830,91,58.7,62.7
table_19[AutoDock Vina -> AutoDock (gnina-opt)].k10.opt,830,97,65.0,70.0
table_19[AutoDock Vina -> AutoDock (gnina-opt)].k10.opt_wins,830,106,22,25
table_19[AutoDock Vina -> AutoDock (gnina-opt)].k15.raw,830,112,61.1,65.3
table_19[AutoDock Vina -> AutoDock (gnina-opt)].k15.opt,830,118,66.3,71.3
table_19[AutoDock Vina -> AutoDock (gnina-opt)].k15.opt_wins,830,127,17,19
table_19[DiffDock (raw) -> DiffDock + smina].k1.raw,831,45,33.7,43.6
table_19[DiffDock (raw) -> DiffDock + smina].k1.opt,831,51,35.3,45.2
table_19[DiffDock (raw) -> DiffDock + smina].k1.raw_wins,831,57,1,5
table_19[DiffDock (raw) -> DiffDock + smina].k1.opt_wins,831,60,6,10
table_19[DiffDock (raw) -> DiffDock + smina].k5.raw,831,65,44.6,50.2
table_19[DiffDock (raw) -> DiffDock + smina].k5.opt,831,71,48.8,54.1
table_19[DiffDock (raw) -> DiffDock + smina].k5.opt_wins,831,80,18,17
table_19[DiffDock (raw) -> DiffDock + smina].k10.raw,831,86,48.2,52.1
table_19[DiffDock (raw) -> DiffDock + smina].k10.opt,831,92,53.5,57.8
table_19[DiffDock (raw) -> DiffDock + smina].k10.opt_wins,831,101,21,22
table_19[DiffDock (raw) -> DiffDock + smina].k15.raw,831,107,49.8,52.8
table_19[DiffDock (raw) -> DiffDock + smina].k15.opt,831,113,56.1,60.1
table_19[DiffDock (raw) -> DiffDock + smina].k15.opt_wins,831,122,24,27
table_19[DiffDock (raw) -> DiffDock (gnina-opt)].k1.raw,832,49,33.7,43.6
table_19[DiffDock (raw) -> DiffDock (gnina-opt)].k1.opt,832,55,35.6,45.5
table_19[DiffDock (raw) -> DiffDock (gnina-opt)].k1.raw_wins,832,61,2,6
table_19[DiffDock (raw) -> DiffDock (gnina-opt)].k1.opt_wins,832,64,8,12
table_19[DiffDock (raw) -> DiffDock (gnina-opt)].k5.raw,832,69,44.6,50.2
table_19[DiffDock (raw) -> DiffDock (gnina-opt)].k5.opt,832,75,49.2,54.1
table_19[DiffDock (raw) -> DiffDock (gnina-opt)].k5.opt_wins,832,84,19,17
table_19[DiffDock (raw) -> DiffDock (gnina-opt)].k10.raw,832,90,48.2,52.1
table_19[DiffDock (raw) -> DiffDock (gnina-opt)].k10.opt,832,96,52.8,57.1
table_19[DiffDock (raw) -> DiffDock (gnina-opt)].k10.raw_wins,832,102,6,5
table_19[DiffDock (raw) -> DiffDock (gnina-opt)].k15.raw,832,111,49.8,52.8
table_19[DiffDock (raw) -> DiffDock (gnina-opt)].k15.opt,832,117,56.1,59.4
table_19[DiffDock (raw) -> DiffDock (gnina-opt)].k15.raw_wins,832,123,6,5
table_19[EquiBind (raw) -> EquiBind (gnina-opt)].k1.opt,833,54,18.8,19.5
table_19[EquiBind (raw) -> EquiBind (gnina-opt)].k1.opt_wins,833,63,55,57
table_19[EquiBind (raw) -> EquiBind (gnina-opt)].k5.opt,833,74,25.1,26.1
table_19[EquiBind (raw) -> EquiBind (gnina-opt)].k5.opt_wins,833,83,69,72
table_19[EquiBind (raw) -> EquiBind (gnina-opt)].k10.opt,833,94,27.4,28.4
table_19[EquiBind (raw) -> EquiBind (gnina-opt)].k10.opt_wins,833,103,72,75
table_19[EquiBind (raw) -> EquiBind (gnina-opt)].k15.opt,833,114,27.4,28.4
table_19[EquiBind (raw) -> EquiBind (gnina-opt)].k15.opt_wins,833,123,66,69
table_6[autodock].complexes,865,27,199,214
table_6[autodock].cpu_core_s_per_near2,865,54,1752.8,1233.3
table_6[autodock].gpu_s_per_near2,865,79,118.9,83.7
table_6[autodock].poses_near2,865,99,311,442
table_6[diffdock].complexes,866,27,169,183
table_6[diffdock].cpu_core_s_per_near2,866,54,2.93,2.30
table_6[diffdock].gpu_s_per_near2,866,79,49.9,39.1
table_6[diffdock].poses_near2,866,99,1622,2068
table_6[equibind].complexes,867,27,80,83
table_6[equibind].cpu_core_s_per_near2,867,54,165.3,159.4
table_6[equibind].poses_near2,867,99,466,483
table_8[autodock_mgltools_exh18].d1,888,73,72,92
table_8[autodock_mgltools_exh18].d5,888,77,108,127
table_8[autodock_mgltools_exh18].d15,888,82,121,138
table_8[autodock_mgltools_exh18].d30,888,87,125,143
table_8[autodock_mgltools].d1,889,73,85,109
table_8[autodock_mgltools].d5,889,77,130,147
table_8[autodock_mgltools].d15,889,82,148,161
table_8[autodock_mgltools].d30,889,87,154,170
table_8[autodock_mgltools_exh64].d1,890,73,94,123
table_8[autodock_mgltools_exh64].d5,890,77,145,162
table_8[autodock_mgltools_exh64].d15,890,82,175,190
table_8[autodock_mgltools_exh64].d30,890,87,182,201
table_8[autodock_mgltools_exh92].d1,891,73,91,123
table_8[autodock_mgltools_exh92].d5,891,77,150,164
table_8[autodock_mgltools_exh92].d15,891,82,182,194
table_8[autodock_mgltools_exh92].d30,891,87,194,209
table_8[autodock_mgltools_exh128].d1,892,73,94,130
table_8[autodock_mgltools_exh128].d5,892,77,153,170
table_8[autodock_mgltools_exh128].d15,892,82,185,198
table_8[autodock_mgltools_exh128].d30,892,87,202,217
table_8[autodock_mgltools_gnina].d1,893,73,100,129
table_8[autodock_mgltools_gnina].d5,893,78,144,160
table_8[autodock_mgltools_gnina].d15,893,83,154,170
table_8[autodock_mgltools_gnina].d30,893,88,154,170
table_8[autodock_mgltools_exh64_gnina].d1,894,73,110,141
table_8[autodock_mgltools_exh64_gnina].d5,894,78,169,187
table_8[autodock_mgltools_exh64_gnina].d15,894,83,182,200
table_8[autodock_mgltools_exh64_gnina].d30,894,88,182,200
table_8[autodock_mgltools_exh128_gnina].d1,895,73,111,149
table_8[autodock_mgltools_exh128_gnina].d5,895,78,184,200
table_8[autodock_mgltools_exh128_gnina].d15,895,83,198,213
table_8[autodock_mgltools_exh128_gnina].d30,895,88,199,214
prose.refiners.equibind_near_top15.gnina,1011,39,83,86
prose.refiners.equibind_near_top15.smina,1011,50,61,64
prose.refiners.equibind_selection_top15.gnina,1012,39,55,57
prose.refiners.equibind_selection_top15.smina,1012,50,46,48
prose.refiners.equibind_selection_top15.mcnemar_p,1012,65,0.1078,0.1221
prose.refiners.diffdock_triple_top15.smina,1013,39,133,144
prose.refiners.diffdock_triple_top15.gnina,1013,51,132,143
prose.refiners.diffdock_double_top15.smina,1014,39,167,179
prose.refiners.diffdock_double_top15.gnina,1014,51,167,177
prose.refiners.diffdock_double_top15.mcnemar_p,1014,67,1.0,0.7
prose.refiners.diffdock_near_top15.smina,1015,39,170,182
prose.refiners.diffdock_near_top15.gnina,1015,51,170,180
prose.refiners.diffdock_near_top15.mcnemar_p,1015,67,1.0,0.7
prose[h9].diff_pp.k1,1029,17,2.6,5.6
prose[h9].diff_pp.k15,1029,28,10.2,11.2
prose[h9].diff_pp.k30,1029,34,9.9,10.2
prose[h9].ci95_lo.k1,1030,17,-4.2,-1.7
prose[h9].ci95_lo.k15,1030,28,2.8,3.9
prose[h9].ci95_lo.k30,1030,33,2.5,3.0
prose[h9].ci95_hi.k1,1031,17,9.4,12.8
prose[h9].ci95_hi.k15,1031,28,17.5,18.4
prose[h9].ci95_hi.k30,1031,34,17.1,17.3
prose[h9].mcnemar_p.k1,1032,17,0.5085,0.1587
prose[h9].mcnemar_p.k15,1032,34,0.0090,0.0036
prose[h9].mcnemar_p.k30,1032,42,0.0113,0.0075
prose[h9].both_recover,1034,21,51,76
prose[h9].neither_recovers,1035,25,140,98
prose[h9].discordant,1036,19,112,129
prose[h9].discordant_pct,1037,23,37.0,42.6
prose[h9].mde_pp,1038,15,9.8,10.5
prose[h9].observed_power,1039,23,0.12,0.32
prose[h9].n_needed,1040,17,4200,1100
prose[h9].mde_at_428,1041,19,8.2,8.8
prose[h9].ci90_lo.k1,1048,17,-3.1,-0.5
prose[h9].ci90_lo.k15,1048,28,4.0,5.1
prose[h9].ci90_lo.k30,1048,33,3.7,4.2
prose[h9].ci90_hi.k1,1049,17,8.3,11.7
prose[h9].ci90_hi.k15,1049,28,16.3,17.2
prose[h9].ci90_hi.k30,1049,34,16.0,16.2
prose[h9].smallest_margin.k1,1050,33,8.4,11.7
prose[h9].smallest_margin.k15,1050,44,16.4,17.3
prose[h9].smallest_margin.k30,1050,50,16.0,16.2
prose.fig39.autodock_spurious_rank1,1081,30,15.3,9.1
prose.fig39.diffdock_spurious_rank1,1082,30,14.1,7.8
prose.fig39.autodock_spurious_rank5,1083,30,17.6,13.5
prose.fig39.equibind_matched_rank1,1084,29,16.7,17.7
prose.fig39.equibind_missed_rank1,1085,28,18.9,17.8
prose.fig39.equibind_spurious_min,1086,28,12.0,11.2
prose.fig39.equibind_spurious_max,1087,28,12.6,11.6
prose.audit.median_rmsd,1106,18,7.57,5.01
prose.audit.within_2a_pct,1107,20,21.3,26.9
prose.audit.site_filtered_overlap[autodock],1110,39,0.683,0.676
prose.audit.site_filtered_overlap[diffdock],1110,56,0.714,0.706
prose.audit.site_filtered_overlap[equibind],1110,73,0.629,0.623
prose.audit.dropped_by_site_filter[autodock],1112,40,44,27
prose.audit.dropped_by_site_filter[diffdock],1112,54,60,38
prose.audit.dropped_by_site_filter[equibind],1112,68,111,100
