key,line,col,old,new,status
table_1[autodock_mgltools_exh128].form_poses,79,83,2848,2829,new value not printed
table_1[autodock_mgltools_exh128_gnina].form_poses,80,83,2836,2823,new value not printed
table_1[diffdock].near_poses,81,66,1683,2118,new value not printed
table_1[diffdock_smina].near_poses,82,66,1715,2169,new value not printed
table_1[diffdock_smina].form_poses,82,83,3903,3887,new value not printed
table_1[diffdock_smina].triple_poses,82,100,1227,1516,new value not printed
table_1[diffdock_gnina].near_poses,83,66,1716,2171,new value not printed
table_1[diffdock_gnina].form_poses,83,83,3873,3854,new value not printed
table_1[diffdock_gnina].triple_poses,83,100,1219,1513,new value not printed
table_1[equibind_unguided_raw].form_poses,84,83,2479,2487,new value not printed
table_1[equibind_unguided_smina].form_poses,85,83,2610,2617,new value not printed
table_1[equibind_fpocket_raw].form_poses,87,83,2449,2441,new value not printed
table_1[equibind_p2rank_raw].form_poses,88,83,2336,2339,new value not printed
table_4[EquiBind.precision].k4,170,40,0.476,0.507,new value not printed
table_4[EquiBind.f1].k1,172,19,0.471,0.498,new value not printed
table_27[AutoDock/5].pct_form_limited,390,98,15.5,16.6,new value not printed
table_24[near_native/DiffDock (raw)].poses,686,26,1683,2118,new value not printed
table_24[near_native/DiffDock + smina].poses,687,26,1715,2169,new value not printed
table_24[near_native/DiffDock + gnina].poses,688,26,1716,2171,new value not printed
table_21[AutoDock (gnina-opt) -> DiffDock (raw)].k5.p_holm,719,100,0.0001176,0.0001209,new value not printed
table_21[AutoDock (gnina-opt) -> DiffDock (raw)].k10.p_holm,719,133,0.0002199,0.0000647,new value not printed
table_21[AutoDock (gnina-opt) -> DiffDock (raw)].k15.base_wins,719,158,99,102,new value not printed
table_21[AutoDock (gnina-opt) -> DiffDock (raw)].k15.p_holm,719,166,0.0002897,0.0000384,new value not printed
table_21[AutoDock (gnina-opt) -> DiffDock (gnina-opt)].k1.p_holm,720,75,0.7093,0.2944,new value not printed
table_21[AutoDock (gnina-opt) -> DiffDock (gnina-opt)].k5.p_holm,720,105,0.00594,0.00418,new value not printed
table_21[AutoDock (gnina-opt) -> DiffDock (gnina-opt)].k10.p_holm,720,136,0.007955,0.004180,new value not printed
table_21[AutoDock (gnina-opt) -> DiffDock (gnina-opt)].k15.p_holm,720,168,0.02869,0.00711,new value not printed
table_21[DiffDock (gnina-opt) -> EquiBind (gnina-opt)].k1.p_holm,721,75,1.958e-07,2.513e-13,new value not printed
table_21[DiffDock (gnina-opt) -> EquiBind (gnina-opt)].k5.p_holm,721,108,3.564e-11,1.327e-13,new value not printed
table_21[DiffDock (gnina-opt) -> EquiBind (gnina-opt)].k10.p_holm,721,141,5.284e-12,5.256e-14,new value not printed
table_21[AutoDock (gnina-opt) -> EquiBind (gnina-opt)].k1.p_holm,722,75,4.818e-08,6.388e-16,new value not printed
table_6[autodock].cpu_core_s_per_near2,865,54,1752.8,1233.3,new value not printed
table_6[autodock].gpu_s_per_near2,865,79,118.9,83.7,new value not printed
table_6[diffdock].poses_near2,866,99,1622,2068,new value not printed
prose.refiners.equibind_selection_top15.mcnemar_p,1012,65,0.1078,0.1221,new value not printed
prose.refiners.diffdock_double_top15.gnina,1014,51,167,177,new value not printed
prose[h9].mcnemar_p.k1,1032,17,0.5085,0.1587,new value not printed
prose[h9].n_needed,1040,17,4200,1100,new value not printed
table_1[autodock_mgltools_exh128].near_complexes,79,61,202,217,old value still printed
table_1[autodock_mgltools_exh128].triple_complexes,79,95,164,178,old value still printed
table_1[autodock_mgltools_exh128].triple_pct,79,107,2.5,3.6,old value still printed
table_1[autodock_mgltools_exh128_gnina].near_complexes,80,61,202,217,old value still printed
table_1[autodock_mgltools_exh128_gnina].near_pct,80,73,3.6,5.0,old value still printed
table_1[autodock_mgltools_exh128_gnina].form_pct,80,89,31.6,31.5,old value still printed
table_1[autodock_mgltools_exh128_gnina].triple_complexes,80,95,160,175,old value still printed
table_1[autodock_mgltools_exh128_gnina].triple_pct,80,107,2.5,3.6,old value still printed
table_1[diffdock].near_complexes,81,61,152,161,old value still printed
table_1[diffdock].near_pct,81,72,18.7,23.5,old value still printed
table_1[diffdock].form_complexes,81,78,225,224,old value still printed
table_1[diffdock].form_pct,81,89,44.5,44.6,old value still printed
table_1[diffdock].triple_complexes,81,96,83,92,old value still printed
table_1[diffdock].triple_poses,81,101,722,869,old value still printed
table_1[diffdock_smina].near_complexes,82,61,173,186,old value still printed
table_1[diffdock_smina].near_pct,82,72,19.1,24.1,old value still printed
table_1[diffdock_smina].form_complexes,82,78,237,236,old value still printed
table_1[diffdock_smina].form_pct,82,89,43.4,43.2,old value still printed
table_1[diffdock_smina].triple_complexes,82,95,138,148,old value still printed
table_1[diffdock_gnina].near_pct,83,72,19.1,24.1,old value still printed
table_1[diffdock_gnina].triple_complexes,83,95,138,149,old value still printed
table_1[equibind_unguided_raw].form_complexes,84,78,185,186,old value still printed
table_1[equibind_unguided_smina].near_complexes,85,62,64,67,old value still printed
table_1[equibind_unguided_smina].near_pct,85,73,5.0,5.1,old value still printed
table_1[equibind_unguided_smina].form_complexes,85,78,191,192,old value still printed
table_1[equibind_unguided_smina].form_pct,85,89,28.7,28.8,old value still printed
table_1[equibind_unguided_smina].triple_complexes,85,96,48,50,old value still printed
table_1[equibind_unguided_smina].triple_poses,85,101,249,253,old value still printed
table_1[equibind_unguided_smina].triple_pct,85,107,2.7,2.8,old value still printed
table_1[equibind_unguided_gnina].near_complexes,86,62,83,86,old value still printed
table_1[equibind_unguided_gnina].near_pct,86,73,5.5,5.7,old value still printed
table_1[equibind_unguided_gnina].form_complexes,86,78,200,199,old value still printed
table_1[equibind_unguided_gnina].triple_complexes,86,96,55,57,old value still printed
table_1[equibind_unguided_gnina].triple_poses,86,101,282,289,old value still printed
table_1[equibind_fpocket_raw].form_complexes,87,78,180,179,old value still printed
table_1[equibind_p2rank_raw].near_complexes,88,63,0,1,old value still printed
table_1[equibind_p2rank_raw].near_poses,88,69,0,2,old value still printed
table_1[equibind_p2rank_raw].form_complexes,88,78,181,180,old value still printed
table_1[equibind_p2rank_raw].form_pct,88,89,27.4,27.5,old value still printed
table_2[AutoDock].rank1,105,16,111,149,old value still printed
table_2[AutoDock].top15,105,21,198,213,old value still printed
table_2[AutoDock].top30,105,26,199,214,old value still printed
table_2[DiffDock].rank1,106,16,103,132,old value still printed
table_2[DiffDock].top15,106,21,167,179,old value still printed
table_2[DiffDock].top30,106,26,169,183,old value still printed
table_2[EquiBind].rank1,107,16,55,57,old value still printed
table_2[EquiBind].top15,107,20,80,83,old value still printed
table_2[EquiBind].top30,107,24,80,83,old value still printed
table_4[AutoDock.precision].k4,160,40,0.497,0.615,old value still printed
table_4[AutoDock.recall].k1,161,19,0.572,0.741,old value still printed
table_4[AutoDock.recall].k2,161,26,0.548,0.695,old value still printed
table_4[AutoDock.f1].k2,162,26,0.546,0.689,old value still printed
table_4[DiffDock.precision].k3,165,33,0.520,0.658,old value still printed
table_4[DiffDock.precision].k4,165,40,0.497,0.645,old value still printed
table_4[DiffDock.f1].k3,167,33,0.503,0.639,old value still printed
table_4[EquiBind.precision].k4,170,40,0.476,0.507,old value still printed
table_4[EquiBind.recall].k1,171,19,0.459,0.486,old value still printed
table_4[EquiBind.f1].k3,172,33,0.463,0.490,old value still printed
table_20[DiffDock/near-native].1-10/gnina,249,49,0.7,0.6,old value still printed
table_20[DiffDock/near-native].11-20/smina,249,54,0.1,0.4,old value still printed
table_20[DiffDock/near-native].11-20/gnina,249,59,0.1,0.3,old value still printed
table_20[DiffDock/near-native].21-30/smina,249,64,0.5,0.8,old value still printed
table_20[DiffDock/near-native].21-30/gnina,249,69,0.4,1.0,old value still printed
table_20[DiffDock/near-native and PB-valid].1-10/smina,251,44,12.9,16.5,old value still printed
table_20[DiffDock/near-native and PB-valid].11-20/smina,251,56,7.7,10.5,old value still printed
table_20[DiffDock/near-native and PB-valid].11-20/gnina,251,61,7.6,10.3,old value still printed
table_20[DiffDock/near-native and PB-valid].21-30/smina,251,66,5.2,6.5,old value still printed
table_20[DiffDock/near-native and PB-valid].21-30/gnina,251,71,5.2,6.8,old value still printed
table_20[EquiBind/near-native].1-10/smina,252,44,4.4,4.5,old value still printed
table_20[EquiBind/near-native].1-10/gnina,252,49,4.6,4.7,old value still printed
table_20[EquiBind/near-native].11-20/smina,252,54,3.5,3.6,old value still printed
table_20[EquiBind/near-native].11-20/gnina,252,59,4.4,4.5,old value still printed
table_20[EquiBind/near-native].21-30/smina,252,64,3.7,3.9,old value still printed
table_20[EquiBind/near-native].21-30/gnina,252,69,4.1,4.4,old value still printed
table_20[EquiBind/near-native and PB-valid].1-10/smina,254,44,4.8,4.9,old value still printed
table_20[EquiBind/near-native and PB-valid].1-10/gnina,254,49,5.0,5.1,old value still printed
table_20[EquiBind/near-native and PB-valid].11-20/gnina,254,59,5.0,5.2,old value still printed
table_20[EquiBind/near-native and PB-valid].21-30/smina,254,64,4.2,4.3,old value still printed
table_20[EquiBind/near-native and PB-valid].21-30/gnina,254,69,4.7,5.0,old value still printed
table_25[AutoDock Vina + gnina].gained,313,31,88,65,old value still printed
table_25[AutoDock Vina + gnina].net,313,41,87,64,old value still printed
table_25[DiffDock + smina].gained,314,31,63,45,old value still printed
table_25[DiffDock + smina].stay_invalid,314,35,1,0,old value still printed
table_25[DiffDock + smina].net,314,41,64,47,old value still printed
table_25[EquiBind + gnina].gained,315,31,26,27,old value still printed
table_25[EquiBind + gnina].net,315,41,25,26,old value still printed
table_26[RMSD/AutoDock Vina + gnina].d1.t0.5,344,19,5.9,8.6,old value still printed
table_26[RMSD/AutoDock Vina + gnina].d1.t0.75,344,24,13.5,18.2,old value still printed
table_26[RMSD/AutoDock Vina + gnina].d1.t1,344,30,22.1,30.0,old value still printed
table_26[RMSD/AutoDock Vina + gnina].d1.t1.25,344,36,27.1,38.0,old value still printed
table_26[RMSD/AutoDock Vina + gnina].d1.t1.5,344,42,30.4,41.6,old value still printed
table_26[RMSD/AutoDock Vina + gnina].d1.t1.75,344,48,32.7,44.9,old value still printed
table_26[RMSD/AutoDock Vina + gnina].d1.t2,344,54,36.6,49.2,old value still printed
table_26[RMSD/AutoDock Vina + gnina].d1.t2.25,344,60,37.0,49.8,old value still printed
table_26[RMSD/AutoDock Vina + gnina].d1.t2.5,344,66,38.9,53.5,old value still printed
table_26[RMSD/AutoDock Vina + gnina].d15.t0.5,345,19,11.2,13.2,old value still printed
table_26[RMSD/AutoDock Vina + gnina].d15.t0.75,345,25,20.1,24.4,old value still printed
table_26[RMSD/AutoDock Vina + gnina].d15.t1.25,345,37,45.5,50.2,old value still printed
table_26[RMSD/AutoDock Vina + gnina].d15.t1.5,345,43,52.1,57.8,old value still printed
table_26[RMSD/AutoDock Vina + gnina].d15.t1.75,345,49,59.4,64.7,old value still printed
table_26[RMSD/AutoDock Vina + gnina].d15.t2,345,55,65.3,70.3,old value still printed
table_26[RMSD/AutoDock Vina + gnina].d15.t2.25,345,61,67.0,71.9,old value still printed
table_26[RMSD/AutoDock Vina + gnina].d30.t0.5,346,19,11.2,13.2,old value still printed
table_26[RMSD/AutoDock Vina + gnina].d30.t0.75,346,25,20.1,24.4,old value still printed
table_26[RMSD/AutoDock Vina + gnina].d30.t1.5,346,43,52.8,58.4,old value still printed
table_26[RMSD/AutoDock Vina + gnina].d30.t1.75,346,49,60.1,65.7,old value still printed
table_26[RMSD/AutoDock Vina + gnina].d30.t2,346,55,65.7,70.6,old value still printed
table_26[RMSD/AutoDock Vina + gnina].d30.t2.5,346,67,70.6,75.2,old value still printed
table_26[RMSD/DiffDock + smina].d1.t0.5,348,19,4.0,5.0,old value still printed
table_26[RMSD/DiffDock + smina].d1.t0.75,348,24,10.9,12.5,old value still printed
table_26[RMSD/DiffDock + smina].d1.t1,348,30,15.5,20.1,old value still printed
table_26[RMSD/DiffDock + smina].d1.t1.25,348,36,21.5,28.4,old value still printed
table_26[RMSD/DiffDock + smina].d1.t1.5,348,42,26.1,34.3,old value still printed
table_26[RMSD/DiffDock + smina].d1.t2,348,54,34.0,43.6,old value still printed
table_26[RMSD/DiffDock + smina].d1.t2.25,348,60,35.3,46.2,old value still printed
table_26[RMSD/DiffDock + smina].d15.t0.25,349,14,1.0,1.3,old value still printed
table_26[RMSD/DiffDock + smina].d15.t0.5,349,19,9.6,11.9,old value still printed
table_26[RMSD/DiffDock + smina].d15.t0.75,349,24,20.5,23.4,old value still printed
table_26[RMSD/DiffDock + smina].d15.t1,349,30,30.0,34.3,old value still printed
table_26[RMSD/DiffDock + smina].d15.t1.25,349,36,40.6,43.9,old value still printed
table_26[RMSD/DiffDock + smina].d15.t1.5,349,42,46.5,50.5,old value still printed
table_26[RMSD/DiffDock + smina].d15.t2,349,54,55.1,59.1,old value still printed
table_26[RMSD/DiffDock + smina].d15.t2.5,349,66,60.1,64.7,old value still printed
table_26[RMSD/DiffDock + smina].d30.t0.25,350,14,1.0,1.3,old value still printed
table_26[RMSD/DiffDock + smina].d30.t0.5,350,19,10.9,12.9,old value still printed
table_26[RMSD/DiffDock + smina].d30.t0.75,350,25,21.8,24.4,old value still printed
table_26[RMSD/DiffDock + smina].d30.t1.25,350,37,41.6,44.9,old value still printed
table_26[RMSD/DiffDock + smina].d30.t1.75,350,49,53.1,57.4,old value still printed
table_26[RMSD/DiffDock + smina].d30.t2,350,55,55.8,60.4,old value still printed
table_26[RMSD/DiffDock + smina].d30.t2.25,350,61,59.4,64.0,old value still printed
table_26[RMSD/EquiBind + gnina].d1.t1.25,352,34,9.6,10.2,old value still printed
table_26[RMSD/EquiBind + gnina].d1.t1.5,352,39,12.5,13.2,old value still printed
table_26[RMSD/EquiBind + gnina].d1.t1.75,352,45,15.5,16.2,old value still printed
table_26[RMSD/EquiBind + gnina].d1.t2,352,51,18.2,18.8,old value still printed
table_26[RMSD/EquiBind + gnina].d1.t2.25,352,57,19.5,20.1,old value still printed
table_26[RMSD/EquiBind + gnina].d1.t2.5,352,63,20.5,21.1,old value still printed
table_26[RMSD/EquiBind + gnina].d15.t0.25,353,14,0.3,0.7,old value still printed
table_26[RMSD/EquiBind + gnina].d15.t0.5,353,19,3.0,3.3,old value still printed
table_26[RMSD/EquiBind + gnina].d15.t0.75,353,24,6.3,6.6,old value still printed
table_26[RMSD/EquiBind + gnina].d15.t1,353,29,10.2,10.6,old value still printed
table_26[RMSD/EquiBind + gnina].d15.t1.5,353,41,17.8,18.5,old value still printed
table_26[RMSD/EquiBind + gnina].d15.t1.75,353,47,22.1,22.8,old value still printed
table_26[RMSD/EquiBind + gnina].d15.t2,353,53,26.4,27.4,old value still printed
table_26[RMSD/EquiBind + gnina].d15.t2.25,353,59,27.7,29.0,old value still printed
table_26[RMSD/EquiBind + gnina].d15.t2.5,353,65,29.4,30.7,old value still printed
table_26[RMSD/EquiBind + gnina].d30.t0.25,354,14,0.3,0.7,old value still printed
table_26[RMSD/EquiBind + gnina].d30.t0.5,354,19,3.0,3.3,old value still printed
table_26[RMSD/EquiBind + gnina].d30.t0.75,354,24,6.6,6.9,old value still printed
table_26[RMSD/EquiBind + gnina].d30.t1,354,29,10.6,10.9,old value still printed
table_26[RMSD/EquiBind + gnina].d30.t1.5,354,41,17.8,18.5,old value still printed
table_26[RMSD/EquiBind + gnina].d30.t1.75,354,47,22.4,23.1,old value still printed
table_26[RMSD/EquiBind + gnina].d30.t2,354,53,26.4,27.4,old value still printed
table_26[RMSD/EquiBind + gnina].d30.t2.25,354,59,27.7,29.0,old value still printed
table_26[RMSD/EquiBind + gnina].d30.t2.5,354,65,29.4,30.7,old value still printed
table_26[Kabsch RMSD/AutoDock Vina + gnina].d1.t0.25,357,14,10.2,10.6,old value still printed
table_26[Kabsch RMSD/AutoDock Vina + gnina].d1.t0.5,357,20,25.7,25.1,old value still printed
table_26[Kabsch RMSD/AutoDock Vina + gnina].d1.t1.25,357,38,61.1,60.7,old value still printed
table_26[Kabsch RMSD/AutoDock Vina + gnina].d1.t1.75,357,50,74.6,74.9,old value still printed
table_26[Kabsch RMSD/AutoDock Vina + gnina].d15.t0.25,358,14,17.8,18.5,old value still printed
table_26[Kabsch RMSD/AutoDock Vina + gnina].d15.t0.5,358,20,35.3,35.0,old value still printed
table_26[Kabsch RMSD/AutoDock Vina + gnina].d15.t1,358,32,71.9,71.6,old value still printed
table_26[Kabsch RMSD/AutoDock Vina + gnina].d30.t0.25,359,14,18.8,19.5,old value still printed
table_26[Kabsch RMSD/AutoDock Vina + gnina].d30.t0.5,359,20,37.0,36.6,old value still printed
table_26[Kabsch RMSD/DiffDock + smina].d1.t0.25,361,14,11.9,11.6,old value still printed
table_26[Kabsch RMSD/DiffDock + smina].d1.t0.5,361,20,25.1,24.4,old value still printed
table_26[Kabsch RMSD/DiffDock + smina].d1.t1.5,361,44,70.0,70.3,old value still printed
table_26[Kabsch RMSD/DiffDock + smina].d1.t1.75,361,50,76.2,75.9,old value still printed
table_26[Kabsch RMSD/DiffDock + smina].d1.t2,361,56,82.5,82.2,old value still printed
table_26[Kabsch RMSD/DiffDock + smina].d1.t2.5,361,68,88.1,88.4,old value still printed
table_26[Kabsch RMSD/DiffDock + smina].d15.t0.5,362,20,39.3,39.9,old value still printed
table_26[Kabsch RMSD/DiffDock + smina].d15.t1.25,362,38,80.2,80.9,old value still printed
table_26[Kabsch RMSD/DiffDock + smina].d30.t0.25,363,14,22.4,22.8,old value still printed
table_26[Kabsch RMSD/DiffDock + smina].d30.t0.5,363,20,42.6,41.9,old value still printed
table_26[Kabsch RMSD/DiffDock + smina].d30.t0.75,363,26,60.4,59.7,old value still printed
table_26[Kabsch RMSD/DiffDock + smina].d30.t1.5,363,44,92.7,93.1,old value still printed
table_26[Kabsch RMSD/EquiBind + gnina].d1.t0.5,365,19,15.5,15.2,old value still printed
table_26[Kabsch RMSD/EquiBind + gnina].d1.t1.75,365,49,53.1,53.5,old value still printed
table_26[Kabsch RMSD/EquiBind + gnina].d15.t0.25,366,14,15.2,14.9,old value still printed
table_26[Kabsch RMSD/EquiBind + gnina].d15.t0.5,366,20,27.7,27.4,old value still printed
table_26[Kabsch RMSD/EquiBind + gnina].d15.t0.75,366,26,40.3,39.9,old value still printed
table_26[Kabsch RMSD/EquiBind + gnina].d15.t1,366,32,51.2,51.5,old value still printed
table_26[Kabsch RMSD/EquiBind + gnina].d15.t1.25,366,38,62.0,62.4,old value still printed
table_26[Kabsch RMSD/EquiBind + gnina].d15.t1.75,366,50,75.9,76.2,old value still printed
table_26[Kabsch RMSD/EquiBind + gnina].d15.t2.25,366,62,82.5,82.8,old value still printed
table_26[Kabsch RMSD/EquiBind + gnina].d30.t0.25,367,14,17.2,16.8,old value still printed
table_26[Kabsch RMSD/EquiBind + gnina].d30.t0.75,367,26,43.9,43.6,old value still printed
table_26[Kabsch RMSD/EquiBind + gnina].d30.t1,367,32,54.1,53.8,old value still printed
table_27[AutoDock/1].n_poses,389,21,190,249,old value still printed
table_27[AutoDock/1].n_valid_complexes,389,26,190,249,old value still printed
table_27[AutoDock/1].coverage_pct,389,31,62.7,82.2,old value still printed
table_27[AutoDock/1].pct_mixed,389,92,25.3,25.7,old value still printed
table_27[AutoDock/1].pct_form_limited,389,98,26.8,27.7,old value still printed
table_27[AutoDock/5].n_valid_complexes,390,26,256,272,old value still printed
table_27[AutoDock/5].coverage_pct,390,31,84.5,89.8,old value still printed
table_27[AutoDock/5].form_q1,390,65,0.704,0.645,old value still printed
table_27[AutoDock/5].pct_mixed,390,92,19.4,19.6,old value still printed
table_27[AutoDock/5].pct_form_limited,390,98,15.5,16.6,old value still printed
table_27[AutoDock/15].n_valid_complexes,391,27,275,286,old value still printed
table_27[DiffDock/1].n_poses,392,21,164,224,old value still printed
table_27[DiffDock/1].n_valid_complexes,392,26,164,224,old value still printed
table_27[DiffDock/1].coverage_pct,392,31,54.1,73.9,old value still printed
table_27[DiffDock/1].pct_mixed,392,92,28.7,29.0,old value still printed
table_27[DiffDock/1].pct_form_limited,392,98,30.5,29.5,old value still printed
table_27[DiffDock/5].n_valid_complexes,393,26,235,256,old value still printed
table_27[DiffDock/5].pct_placement_limited,393,86,44.2,44.5,old value still printed
table_27[DiffDock/5].pct_form_limited,393,98,23.3,24.3,old value still printed
table_27[DiffDock/15].coverage_pct,394,32,85.5,88.8,old value still printed
table_27[EquiBind/1].n_poses,395,21,143,155,old value still printed
table_27[EquiBind/1].n_valid_complexes,395,26,143,155,old value still printed
table_27[EquiBind/1].coverage_pct,395,31,47.2,51.2,old value still printed
table_27[EquiBind/1].pct_placement_limited,395,86,59.4,60.6,old value still printed
table_27[EquiBind/5].n_poses,396,21,673,722,old value still printed
table_27[EquiBind/5].coverage_pct,396,31,51.5,55.1,old value still printed
table_27[EquiBind/5].pct_form_limited,396,98,14.9,15.0,old value still printed
table_27[EquiBind/15].coverage_pct,397,32,51.5,55.8,old value still printed
table_27[EquiBind/15].pct_placement_limited,397,87,70.2,70.5,old value still printed
table_27[EquiBind/15].pct_mixed,397,93,18.5,18.1,old value still printed
table_24[near_native/AutoDock (raw)].intra_pct,684,42,0.0,0.2,old value still printed
table_24[near_native/AutoDock (raw)].inter_pct,684,47,1.6,1.1,old value still printed
table_24[near_native/AutoDock (raw)].mindist_pct,684,52,1.6,1.1,old value still printed
table_24[near_native/AutoDock + gnina].inter_pct,685,47,1.6,1.1,old value still printed
table_24[near_native/AutoDock + gnina].mindist_pct,685,52,1.6,1.1,old value still printed
table_24[near_native/DiffDock + smina].intra_pct,687,43,0.1,0.0,old value still printed
table_24[near_native/DiffDock + gnina].intra_pct,688,43,0.2,0.1,old value still printed
table_24[near_native/DiffDock + gnina].inter_pct,688,48,5.3,4.5,old value still printed
table_24[near_native/DiffDock + gnina].mindist_pct,688,53,5.2,4.4,old value still printed
table_21[AutoDock (gnina-opt) -> DiffDock (raw)].k1.comp,719,55,33.7,43.6,old value still printed
table_21[AutoDock (gnina-opt) -> DiffDock (raw)].k1.base_wins,719,61,62,77,old value still printed
table_21[AutoDock (gnina-opt) -> DiffDock (raw)].k1.comp_wins,719,65,51,58,old value still printed
table_21[AutoDock (gnina-opt) -> DiffDock (raw)].k5.base,719,79,62.0,67.3,old value still printed
table_21[AutoDock (gnina-opt) -> DiffDock (raw)].k5.comp,719,85,44.6,50.2,old value still printed
table_21[AutoDock (gnina-opt) -> DiffDock (raw)].k5.base_wins,719,91,100,99,old value still printed
table_21[AutoDock (gnina-opt) -> DiffDock (raw)].k10.base,719,113,65.0,70.0,old value still printed
table_21[AutoDock (gnina-opt) -> DiffDock (raw)].k10.base_wins,719,125,99,100,old value still printed
table_21[AutoDock (gnina-opt) -> DiffDock (raw)].k10.comp_wins,719,129,48,46,old value still printed
table_21[AutoDock (gnina-opt) -> DiffDock (raw)].k15.comp,719,152,49.8,52.8,old value still printed
table_21[AutoDock (gnina-opt) -> DiffDock (raw)].k15.base_wins,719,158,99,102,old value still printed
table_21[AutoDock (gnina-opt) -> DiffDock (raw)].k15.comp_wins,719,162,49,46,old value still printed
table_21[AutoDock (gnina-opt) -> DiffDock (gnina-opt)].k1.base_wins,720,67,60,72,old value still printed
table_21[AutoDock (gnina-opt) -> DiffDock (gnina-opt)].k1.comp_wins,720,71,55,59,old value still printed
table_21[AutoDock (gnina-opt) -> DiffDock (gnina-opt)].k5.base,720,85,62.0,67.3,old value still printed
table_21[AutoDock (gnina-opt) -> DiffDock (gnina-opt)].k5.comp,720,91,49.2,54.1,old value still printed
table_21[AutoDock (gnina-opt) -> DiffDock (gnina-opt)].k5.comp_wins,720,101,50,49,old value still printed
table_21[AutoDock (gnina-opt) -> DiffDock (gnina-opt)].k10.base,720,116,65.0,70.0,old value still printed
table_21[AutoDock (gnina-opt) -> DiffDock (gnina-opt)].k10.comp,720,122,52.8,57.1,old value still printed
table_21[AutoDock (gnina-opt) -> DiffDock (gnina-opt)].k10.comp_wins,720,132,50,48,old value still printed
table_21[AutoDock (gnina-opt) -> DiffDock (gnina-opt)].k15.comp,720,154,56.1,59.4,old value still printed
table_21[AutoDock (gnina-opt) -> DiffDock (gnina-opt)].k15.base_wins,720,160,83,85,old value still printed
table_21[AutoDock (gnina-opt) -> DiffDock (gnina-opt)].k15.comp_wins,720,164,52,49,old value still printed
table_21[DiffDock (gnina-opt) -> EquiBind (gnina-opt)].k1.comp,721,61,18.8,19.5,old value still printed
table_21[DiffDock (gnina-opt) -> EquiBind (gnina-opt)].k1.base_wins,721,67,68,97,old value still printed
table_21[DiffDock (gnina-opt) -> EquiBind (gnina-opt)].k1.comp_wins,721,71,17,18,old value still printed
table_21[DiffDock (gnina-opt) -> EquiBind (gnina-opt)].k5.base,721,88,49.2,54.1,old value still printed
table_21[DiffDock (gnina-opt) -> EquiBind (gnina-opt)].k5.comp,721,94,25.1,26.1,old value still printed
table_21[DiffDock (gnina-opt) -> EquiBind (gnina-opt)].k5.base_wins,721,100,94,107,old value still printed
table_21[DiffDock (gnina-opt) -> EquiBind (gnina-opt)].k5.comp_wins,721,104,21,22,old value still printed
table_21[DiffDock (gnina-opt) -> EquiBind (gnina-opt)].k10.base,721,121,52.8,57.1,old value still printed
table_21[DiffDock (gnina-opt) -> EquiBind (gnina-opt)].k10.comp,721,127,27.4,28.4,old value still printed
table_21[DiffDock (gnina-opt) -> EquiBind (gnina-opt)].k10.base_wins,721,133,98,109,old value still printed
table_21[DiffDock (gnina-opt) -> EquiBind (gnina-opt)].k10.comp_wins,721,137,21,22,old value still printed
table_21[DiffDock (gnina-opt) -> EquiBind (gnina-opt)].k15.base,721,154,56.1,59.4,old value still printed
table_21[DiffDock (gnina-opt) -> EquiBind (gnina-opt)].k15.comp,721,160,27.4,28.4,old value still printed
table_21[DiffDock (gnina-opt) -> EquiBind (gnina-opt)].k15.comp_wins,721,171,17,18,old value still printed
table_21[AutoDock (gnina-opt) -> EquiBind (gnina-opt)].k1.comp,722,61,18.8,19.5,old value still printed
table_21[AutoDock (gnina-opt) -> EquiBind (gnina-opt)].k1.base_wins,722,67,75,111,old value still printed
table_21[AutoDock (gnina-opt) -> EquiBind (gnina-opt)].k5.base,722,88,62.0,67.3,old value still printed
table_21[AutoDock (gnina-opt) -> EquiBind (gnina-opt)].k5.comp,722,94,25.1,26.1,old value still printed
table_21[AutoDock (gnina-opt) -> EquiBind (gnina-opt)].k5.base_wins,722,100,128,141,old value still printed
table_21[AutoDock (gnina-opt) -> EquiBind (gnina-opt)].k10.base,722,122,65.0,70.0,old value still printed
table_21[AutoDock (gnina-opt) -> EquiBind (gnina-opt)].k10.comp,722,128,27.4,28.4,old value still printed
table_21[AutoDock (gnina-opt) -> EquiBind (gnina-opt)].k10.base_wins,722,134,129,141,old value still printed
table_21[AutoDock (gnina-opt) -> EquiBind (gnina-opt)].k15.comp,722,162,27.4,28.4,old value still printed
table_21[AutoDock (gnina-opt) -> EquiBind (gnina-opt)].k15.base_wins,722,168,132,144,old value still printed
table_18[AutoDock Vina].k5.near,806,38,50.8,56.4,old value still printed
table_18[AutoDock Vina].k5.valid,806,44,50.5,56.1,old value still printed
table_18[AutoDock Vina].k10.near,806,52,58.7,62.7,old value still printed
table_18[AutoDock Vina].k10.valid,806,58,58.7,62.7,old value still printed
table_18[AutoDock Vina].k15.near,806,66,61.1,65.3,old value still printed
table_18[AutoDock Vina].k15.valid,806,72,61.1,65.3,old value still printed
table_18[AutoDock (gnina-opt)].k1.valid,807,37,36.6,49.2,old value still printed
table_18[AutoDock (gnina-opt)].k5.near,807,45,62.0,67.3,old value still printed
table_18[AutoDock (gnina-opt)].k5.valid,807,51,60.7,66.0,old value still printed
table_18[AutoDock (gnina-opt)].k10.near,807,59,65.0,70.0,old value still printed
table_18[AutoDock (gnina-opt)].k10.valid,807,65,64.0,69.0,old value still printed
table_18[AutoDock (gnina-opt)].k15.valid,807,79,65.3,70.3,old value still printed
table_18[DiffDock (raw)].k1.near,808,25,33.7,43.6,old value still printed
table_18[DiffDock (raw)].k1.valid,808,31,18.2,22.1,old value still printed
table_18[DiffDock (raw)].k5.near,808,39,44.6,50.2,old value still printed
table_18[DiffDock (raw)].k10.valid,808,59,28.7,32.7,old value still printed
table_18[DiffDock (raw)].k15.near,808,67,49.8,52.8,old value still printed
table_18[DiffDock + smina].k1.near,809,27,35.3,45.2,old value still printed
table_18[DiffDock + smina].k1.valid,809,33,34.0,43.6,old value still printed
table_18[DiffDock + smina].k5.near,809,41,48.8,54.1,old value still printed
table_18[DiffDock + smina].k5.valid,809,47,47.5,52.8,old value still printed
table_18[DiffDock + smina].k10.near,809,55,53.5,57.8,old value still printed
table_18[DiffDock + smina].k10.valid,809,61,52.5,56.8,old value still printed
table_18[DiffDock + smina].k15.near,809,69,56.1,60.1,old value still printed
table_18[DiffDock + smina].k15.valid,809,75,55.1,59.1,old value still printed
table_18[DiffDock (gnina-opt)].k1.valid,810,37,34.3,44.2,old value still printed
table_18[DiffDock (gnina-opt)].k5.near,810,45,49.2,54.1,old value still printed
table_18[DiffDock (gnina-opt)].k10.near,810,59,52.8,57.1,old value still printed
table_18[DiffDock (gnina-opt)].k15.near,810,73,56.1,59.4,old value still printed
table_18[DiffDock (gnina-opt)].k15.valid,810,79,55.1,58.4,old value still printed
table_18[EquiBind (gnina-opt)].k1.near,812,31,18.8,19.5,old value still printed
table_18[EquiBind (gnina-opt)].k1.valid,812,37,18.2,18.8,old value still printed
table_18[EquiBind (gnina-opt)].k5.near,812,45,25.1,26.1,old value still printed
table_18[EquiBind (gnina-opt)].k5.valid,812,51,24.1,25.1,old value still printed
table_18[EquiBind (gnina-opt)].k10.near,812,59,27.4,28.4,old value still printed
table_18[EquiBind (gnina-opt)].k10.valid,812,65,26.4,27.4,old value still printed
table_18[EquiBind (gnina-opt)].k15.near,812,73,27.4,28.4,old value still printed
table_18[EquiBind (gnina-opt)].k15.valid,812,79,26.4,27.4,old value still printed
table_19[AutoDock Vina -> AutoDock (gnina-opt)].k1.raw_wins,830,60,21,19,old value still printed
table_19[AutoDock Vina -> AutoDock (gnina-opt)].k5.raw,830,70,50.8,56.4,old value still printed
table_19[AutoDock Vina -> AutoDock (gnina-opt)].k5.opt,830,76,62.0,67.3,old value still printed
table_19[AutoDock Vina -> AutoDock (gnina-opt)].k5.opt_wins,830,85,37,36,old value still printed
table_19[AutoDock Vina -> AutoDock (gnina-opt)].k10.raw,830,91,58.7,62.7,old value still printed
table_19[AutoDock Vina -> AutoDock (gnina-opt)].k10.opt,830,97,65.0,70.0,old value still printed
table_19[AutoDock Vina -> AutoDock (gnina-opt)].k10.opt_wins,830,106,22,25,old value still printed
table_19[AutoDock Vina -> AutoDock (gnina-opt)].k15.raw,830,112,61.1,65.3,old value still printed
table_19[AutoDock Vina -> AutoDock (gnina-opt)].k15.opt_wins,830,127,17,19,old value still printed
table_19[DiffDock (raw) -> DiffDock + smina].k1.raw,831,45,33.7,43.6,old value still printed
table_19[DiffDock (raw) -> DiffDock + smina].k1.opt,831,51,35.3,45.2,old value still printed
table_19[DiffDock (raw) -> DiffDock + smina].k1.raw_wins,831,57,1,5,old value still printed
table_19[DiffDock (raw) -> DiffDock + smina].k1.opt_wins,831,60,6,10,old value still printed
table_19[DiffDock (raw) -> DiffDock + smina].k5.raw,831,65,44.6,50.2,old value still printed
table_19[DiffDock (raw) -> DiffDock + smina].k5.opt,831,71,48.8,54.1,old value still printed
table_19[DiffDock (raw) -> DiffDock + smina].k5.opt_wins,831,80,18,17,old value still printed
table_19[DiffDock (raw) -> DiffDock + smina].k10.opt,831,92,53.5,57.8,old value still printed
table_19[DiffDock (raw) -> DiffDock + smina].k10.opt_wins,831,101,21,22,old value still printed
table_19[DiffDock (raw) -> DiffDock + smina].k15.raw,831,107,49.8,52.8,old value still printed
table_19[DiffDock (raw) -> DiffDock + smina].k15.opt,831,113,56.1,60.1,old value still printed
table_19[DiffDock (raw) -> DiffDock + smina].k15.opt_wins,831,122,24,27,old value still printed
table_19[DiffDock (raw) -> DiffDock (gnina-opt)].k1.raw,832,49,33.7,43.6,old value still printed
table_19[DiffDock (raw) -> DiffDock (gnina-opt)].k1.raw_wins,832,61,2,6,old value still printed
table_19[DiffDock (raw) -> DiffDock (gnina-opt)].k1.opt_wins,832,64,8,12,old value still printed
table_19[DiffDock (raw) -> DiffDock (gnina-opt)].k5.raw,832,69,44.6,50.2,old value still printed
table_19[DiffDock (raw) -> DiffDock (gnina-opt)].k5.opt,832,75,49.2,54.1,old value still printed
table_19[DiffDock (raw) -> DiffDock (gnina-opt)].k5.opt_wins,832,84,19,17,old value still printed
table_19[DiffDock (raw) -> DiffDock (gnina-opt)].k10.opt,832,96,52.8,57.1,old value still printed
table_19[DiffDock (raw) -> DiffDock (gnina-opt)].k10.raw_wins,832,102,6,5,old value still printed
table_19[DiffDock (raw) -> DiffDock (gnina-opt)].k15.raw,832,111,49.8,52.8,old value still printed
table_19[DiffDock (raw) -> DiffDock (gnina-opt)].k15.opt,832,117,56.1,59.4,old value still printed
table_19[DiffDock (raw) -> DiffDock (gnina-opt)].k15.raw_wins,832,123,6,5,old value still printed
table_19[EquiBind (raw) -> EquiBind (gnina-opt)].k1.opt,833,54,18.8,19.5,old value still printed
table_19[EquiBind (raw) -> EquiBind (gnina-opt)].k1.opt_wins,833,63,55,57,old value still printed
table_19[EquiBind (raw) -> EquiBind (gnina-opt)].k5.opt,833,74,25.1,26.1,old value still printed
table_19[EquiBind (raw) -> EquiBind (gnina-opt)].k5.opt_wins,833,83,69,72,old value still printed
table_19[EquiBind (raw) -> EquiBind (gnina-opt)].k10.opt,833,94,27.4,28.4,old value still printed
table_19[EquiBind (raw) -> EquiBind (gnina-opt)].k10.opt_wins,833,103,72,75,old value still printed
table_19[EquiBind (raw) -> EquiBind (gnina-opt)].k15.opt,833,114,27.4,28.4,old value still printed
table_19[EquiBind (raw) -> EquiBind (gnina-opt)].k15.opt_wins,833,123,66,69,old value still printed
table_6[autodock].complexes,865,27,199,214,old value still printed
table_6[diffdock].complexes,866,27,169,183,old value still printed
table_6[diffdock].cpu_core_s_per_near2,866,54,2.93,2.30,old value still printed
table_6[diffdock].gpu_s_per_near2,866,79,49.9,39.1,old value still printed
table_6[equibind].complexes,867,27,80,83,old value still printed
table_8[autodock_mgltools_exh18].d1,888,73,72,92,old value still printed
table_8[autodock_mgltools_exh18].d5,888,77,108,127,old value still printed
table_8[autodock_mgltools_exh18].d15,888,82,121,138,old value still printed
table_8[autodock_mgltools_exh18].d30,888,87,125,143,old value still printed
table_8[autodock_mgltools].d1,889,73,85,109,old value still printed
table_8[autodock_mgltools].d5,889,77,130,147,old value still printed
table_8[autodock_mgltools].d15,889,82,148,161,old value still printed
table_8[autodock_mgltools_exh64].d1,890,73,94,123,old value still printed
table_8[autodock_mgltools_exh64].d5,890,77,145,162,old value still printed
table_8[autodock_mgltools_exh64].d15,890,82,175,190,old value still printed
table_8[autodock_mgltools_exh64].d30,890,87,182,201,old value still printed
table_8[autodock_mgltools_exh92].d1,891,73,91,123,old value still printed
table_8[autodock_mgltools_exh92].d5,891,77,150,164,old value still printed
table_8[autodock_mgltools_exh92].d15,891,82,182,194,old value still printed
table_8[autodock_mgltools_exh92].d30,891,87,194,209,old value still printed
table_8[autodock_mgltools_exh128].d1,892,73,94,130,old value still printed
table_8[autodock_mgltools_exh128].d15,892,82,185,198,old value still printed
table_8[autodock_mgltools_exh128].d30,892,87,202,217,old value still printed
table_8[autodock_mgltools_gnina].d1,893,73,100,129,old value still printed
table_8[autodock_mgltools_gnina].d5,893,78,144,160,old value still printed
table_8[autodock_mgltools_exh64_gnina].d1,894,73,110,141,old value still printed
table_8[autodock_mgltools_exh64_gnina].d5,894,78,169,187,old value still printed
table_8[autodock_mgltools_exh64_gnina].d15,894,83,182,200,old value still printed
table_8[autodock_mgltools_exh64_gnina].d30,894,88,182,200,old value still printed
table_8[autodock_mgltools_exh128_gnina].d1,895,73,111,149,old value still printed
table_8[autodock_mgltools_exh128_gnina].d5,895,78,184,200,old value still printed
table_8[autodock_mgltools_exh128_gnina].d15,895,83,198,213,old value still printed
table_8[autodock_mgltools_exh128_gnina].d30,895,88,199,214,old value still printed
prose.refiners.equibind_near_top15.gnina,1011,39,83,86,old value still printed
prose.refiners.equibind_near_top15.smina,1011,50,61,64,old value still printed
prose.refiners.equibind_selection_top15.gnina,1012,39,55,57,old value still printed
prose.refiners.equibind_selection_top15.smina,1012,50,46,48,old value still printed
prose.refiners.diffdock_triple_top15.smina,1013,39,133,144,old value still printed
prose.refiners.diffdock_triple_top15.gnina,1013,51,132,143,old value still printed
prose.refiners.diffdock_double_top15.smina,1014,39,167,179,old value still printed
prose.refiners.diffdock_double_top15.gnina,1014,51,167,177,old value still printed
prose.refiners.diffdock_double_top15.mcnemar_p,1014,67,1.0,0.7,old value still printed
prose.refiners.diffdock_near_top15.smina,1015,39,170,182,old value still printed
prose.refiners.diffdock_near_top15.gnina,1015,51,170,180,old value still printed
prose.refiners.diffdock_near_top15.mcnemar_p,1015,67,1.0,0.7,old value still printed
prose[h9].diff_pp.k1,1029,17,2.6,5.6,old value still printed
prose[h9].diff_pp.k15,1029,28,10.2,11.2,old value still printed
prose[h9].diff_pp.k30,1029,34,9.9,10.2,old value still printed
prose[h9].ci95_lo.k1,1030,17,-4.2,-1.7,old value still printed
prose[h9].ci95_lo.k15,1030,28,2.8,3.9,old value still printed
prose[h9].ci95_lo.k30,1030,33,2.5,3.0,old value still printed
prose[h9].ci95_hi.k1,1031,17,9.4,12.8,old value still printed
prose[h9].ci95_hi.k15,1031,28,17.5,18.4,old value still printed
prose[h9].ci95_hi.k30,1031,34,17.1,17.3,old value still printed
prose[h9].both_recover,1034,21,51,76,old value still printed
prose[h9].neither_recovers,1035,25,140,98,old value still printed
prose[h9].discordant,1036,19,112,129,old value still printed
prose[h9].discordant_pct,1037,23,37.0,42.6,old value still printed
prose[h9].observed_power,1039,23,0.12,0.32,old value still printed
prose[h9].ci90_lo.k15,1048,28,4.0,5.1,old value still printed
prose[h9].ci90_lo.k30,1048,33,3.7,4.2,old value still printed
prose[h9].smallest_margin.k1,1050,33,8.4,11.7,old value still printed
prose[h9].smallest_margin.k15,1050,44,16.4,17.3,old value still printed
prose.fig39.equibind_matched_rank1,1084,29,16.7,17.7,old value still printed
prose.fig39.equibind_spurious_min,1086,28,12.0,11.2,old value still printed
prose.audit.dropped_by_site_filter[autodock],1112,40,44,27,old value still printed
prose.audit.dropped_by_site_filter[diffdock],1112,54,60,38,old value still printed
prose.audit.dropped_by_site_filter[equibind],1112,68,111,100,old value still printed
