Protein,Ligand,Diffdock,Total
Orai1WT-MDSnap-Fr300_cleaned,05J_ideal,11,11
Orai1WT-MDSnap-Fr300_cleaned,07J_ideal,11,11
Orai1WT-MDSnap-Fr300_cleaned,0LI_ideal,11,11
Orai1WT-MDSnap-Fr300_cleaned,11U_ideal,11,11
Orai1WT-MDSnap-Fr300_cleaned,128_ideal,11,11
Orai1WT-MDSnap-Fr300_cleaned,140_ideal,11,11
Orai1WT-MDSnap-Fr300_cleaned,146_ideal,11,11
Orai1WT-MDSnap-Fr300_cleaned,169_ideal,11,11
Orai1WT-MDSnap-Fr300_cleaned,17F_ideal,11,11
Orai1WT-MDSnap-Fr300_cleaned,1JY_ideal,11,11
Orai1WT-MDSnap-Fr300_cleaned,1L3_ideal,11,11
Orai1WT-MDSnap-Fr300_cleaned,1N1_ideal,11,11
Orai1WT-MDSnap-Fr300_cleaned,1VU_ideal,11,11
Orai1WT-MDSnap-Fr300_cleaned,1XJ_ideal,11,11
Orai1WT-MDSnap-Fr300_cleaned,21V_ideal,11,11
Orai1WT-MDSnap-Fr300_cleaned,243_ideal,11,11
Orai1WT-MDSnap-Fr300_cleaned,276_ideal,11,11
Orai1WT-MDSnap-Fr300_cleaned,27U_ideal,11,11
Orai1WT-MDSnap-Fr300_cleaned,2CA_ideal,11,11
Orai1WT-MDSnap-Fr300_cleaned,2CP_ideal,11,11
Orai1WT-MDSnap-Fr300_cleaned,2ED_ideal,11,11
Orai1WT-MDSnap-Fr300_cleaned,2I4_ideal,11,11
Orai1WT-MDSnap-Fr300_cleaned,2MC_ideal,11,11
Orai1WT-MDSnap-Fr300_cleaned,2RD_ideal,11,11
Orai1WT-MDSnap-Fr300_cleaned,2S8_ideal,11,11
Orai1WT-MDSnap-Fr300_cleaned,2TA_ideal,11,11
Orai1WT-MDSnap-Fr300_cleaned,2YB_ideal,11,11
Orai1WT-MDSnap-Fr300_cleaned,30B_ideal,11,11
Orai1WT-MDSnap-Fr300_cleaned,32U_ideal,11,11
Orai1WT-MDSnap-Fr300_cleaned,347_ideal,11,11
Orai1WT-MDSnap-Fr300_cleaned,34W_ideal,11,11
Orai1WT-MDSnap-Fr300_cleaned,385_ideal,11,11
Orai1WT-MDSnap-Fr300_cleaned,38P_ideal,11,11
Orai1WT-MDSnap-Fr300_cleaned,3B9_ideal,11,11
Orai1WT-MDSnap-Fr300_cleaned,3CB_ideal,11,11
Orai1WT-MDSnap-Fr300_cleaned,3H4_ideal,11,11
Orai1WT-MDSnap-Fr300_cleaned,3HC_ideal,11,11
Orai1WT-MDSnap-Fr300_cleaned,3IN_ideal,11,11
Orai1WT-MDSnap-Fr300_cleaned,3N6_ideal,11,11
Orai1WT-MDSnap-Fr300_cleaned,3ZC_ideal,11,11
Orai1WT-MDSnap-Fr300_cleaned,442_ideal,11,11
Orai1WT-MDSnap-Fr300_cleaned,46U_ideal,11,11
Orai1WT-MDSnap-Fr300_cleaned,4CA_ideal,11,11
Orai1WT-MDSnap-Fr300_cleaned,4CC_ideal,11,11
Orai1WT-MDSnap-Fr300_cleaned,4CO_ideal,11,11
Orai1WT-MDSnap-Fr300_cleaned,4EA_ideal,11,11
Orai1WT-MDSnap-Fr300_cleaned,4HD_ideal,11,11
Orai1WT-MDSnap-Fr300_cleaned,4IF_ideal,11,11
Orai1WT-MDSnap-Fr300_cleaned,4UH_ideal,11,11
Orai1WT-MDSnap-Fr300_cleaned,50U_ideal,11,11
Orai1WT-MDSnap-Fr300_cleaned,54J_ideal,11,11
Orai1WT-MDSnap-Fr300_cleaned,570_ideal,11,11
Orai1WT-MDSnap-Fr300_cleaned,587_ideal,11,11
Orai1WT-MDSnap-Fr300_cleaned,59U_ideal,11,11
Orai1WT-MDSnap-Fr300_cleaned,5CB_ideal,11,11
Orai1WT-MDSnap-Fr300_cleaned,5D5_ideal,11,11
Orai1WT-MDSnap-Fr300_cleaned,5FA_ideal,11,11
Orai1WT-MDSnap-Fr300_cleaned,5MV_ideal,11,11
Orai1WT-MDSnap-Fr300_cleaned,5PI_ideal,11,11
Orai1WT-MDSnap-Fr300_cleaned,5X6_ideal,11,11
Orai1WT-MDSnap-Fr300_cleaned,5YM_ideal,11,11
Orai1WT-MDSnap-Fr300_cleaned,626_ideal,11,11
Orai1WT-MDSnap-Fr300_cleaned,63J_ideal,11,11
Orai1WT-MDSnap-Fr300_cleaned,63K_ideal,11,11
Orai1WT-MDSnap-Fr300_cleaned,65C_ideal,11,11
Orai1WT-MDSnap-Fr300_cleaned,66T_ideal,11,11
Orai1WT-MDSnap-Fr300_cleaned,6E2_ideal,11,11
Orai1WT-MDSnap-Fr300_cleaned,6EJ_ideal,11,11
Orai1WT-MDSnap-Fr300_cleaned,6FA_ideal,11,11
Orai1WT-MDSnap-Fr300_cleaned,6GY_ideal,11,11
Orai1WT-MDSnap-Fr300_cleaned,6K9_ideal,11,11
Orai1WT-MDSnap-Fr300_cleaned,6SA_ideal,11,11
Orai1WT-MDSnap-Fr300_cleaned,6ZV_ideal,11,11
Orai1WT-MDSnap-Fr300_cleaned,710_ideal,11,11
Orai1WT-MDSnap-Fr300_cleaned,711_ideal,11,11
Orai1WT-MDSnap-Fr300_cleaned,740_ideal,11,11
Orai1WT-MDSnap-Fr300_cleaned,742_ideal,11,11
Orai1WT-MDSnap-Fr300_cleaned,7AK_ideal,11,11
Orai1WT-MDSnap-Fr300_cleaned,7I4_ideal,11,11
Orai1WT-MDSnap-Fr300_cleaned,7IX_ideal,11,11
Orai1WT-MDSnap-Fr300_cleaned,7RU_ideal,11,11
Orai1WT-MDSnap-Fr300_cleaned,7T1_ideal,11,11
Orai1WT-MDSnap-Fr300_cleaned,7TB_ideal,11,11
Orai1WT-MDSnap-Fr300_cleaned,7X1_ideal,11,11
Orai1WT-MDSnap-Fr300_cleaned,7Y5_ideal,11,11
Orai1WT-MDSnap-Fr300_cleaned,80I_ideal,11,11
Orai1WT-MDSnap-Fr300_cleaned,8I2_ideal,11,11
Orai1WT-MDSnap-Fr300_cleaned,8JC_ideal,11,11
Orai1WT-MDSnap-Fr300_cleaned,8PP_ideal,11,11
Orai1WT-MDSnap-Fr300_cleaned,8QW_ideal,11,11
Orai1WT-MDSnap-Fr300_cleaned,8RC_ideal,11,11
Orai1WT-MDSnap-Fr300_cleaned,8VP_ideal,11,11
Orai1WT-MDSnap-Fr300_cleaned,8X7_ideal,11,11
Orai1WT-MDSnap-Fr300_cleaned,8XJ_ideal,11,11
Orai1WT-MDSnap-Fr300_cleaned,919_ideal,11,11
Orai1WT-MDSnap-Fr300_cleaned,964_ideal,11,11
Orai1WT-MDSnap-Fr300_cleaned,96Q_ideal,11,11
Orai1WT-MDSnap-Fr300_cleaned,9AJ_ideal,11,11
Orai1WT-MDSnap-Fr300_cleaned,9B0_ideal,11,11
Orai1WT-MDSnap-Fr300_cleaned,9HO_ideal,11,11
Orai1WT-MDSnap-Fr300_cleaned,9IN_ideal,11,11
Orai1WT-MDSnap-Fr300_cleaned,9N6_ideal,11,11
Orai1WT-MDSnap-Fr300_cleaned,9SC_ideal,11,11
Orai1WT-MDSnap-Fr300_cleaned,9TP_ideal,11,11
Orai1WT-MDSnap-Fr300_cleaned,A00_ideal,11,11
Orai1WT-MDSnap-Fr300_cleaned,A1AAC_ideal,11,11
Orai1WT-MDSnap-Fr300_cleaned,A1AF4_ideal,11,11
Orai1WT-MDSnap-Fr300_cleaned,A1APA_ideal,11,11
Orai1WT-MDSnap-Fr300_cleaned,A1AZ7_ideal,11,11
Orai1WT-MDSnap-Fr300_cleaned,A1BLM_ideal,11,11
Orai1WT-MDSnap-Fr300_cleaned,A1BPC_ideal,11,11
Orai1WT-MDSnap-Fr300_cleaned,A1C3G_ideal,11,11
Orai1WT-MDSnap-Fr300_cleaned,A1CB7_ideal,11,11
Orai1WT-MDSnap-Fr300_cleaned,A1CEA_ideal,11,11
Orai1WT-MDSnap-Fr300_cleaned,A1D8M_ideal,11,11
Orai1WT-MDSnap-Fr300_cleaned,A1D8Y_ideal,11,11
Orai1WT-MDSnap-Fr300_cleaned,A1E_ideal,11,11
Orai1WT-MDSnap-Fr300_cleaned,A1H3T_ideal,11,11
Orai1WT-MDSnap-Fr300_cleaned,A1JMR_ideal,11,11
Orai1WT-MDSnap-Fr300_cleaned,A1JS8_ideal,11,11
Orai1WT-MDSnap-Fr300_cleaned,A1JSR_ideal,11,11
Orai1WT-MDSnap-Fr300_cleaned,A1JTY_ideal,11,11
Orai1WT-MDSnap-Fr300_cleaned,A1L66_ideal,11,11
Orai1WT-MDSnap-Fr300_cleaned,A1LXP_ideal,11,11
Orai1WT-MDSnap-Fr300_cleaned,A2E_ideal,11,11
Orai1WT-MDSnap-Fr300_cleaned,A3D_ideal,11,11
Orai1WT-MDSnap-Fr300_cleaned,A4I_ideal,11,11
Orai1WT-MDSnap-Fr300_cleaned,A4P_ideal,11,11
Orai1WT-MDSnap-Fr300_cleaned,A6L_ideal,11,11
Orai1WT-MDSnap-Fr300_cleaned,A86_ideal,11,11
Orai1WT-MDSnap-Fr300_cleaned,A8B_ideal,11,11
Orai1WT-MDSnap-Fr300_cleaned,AA2_ideal,11,11
Orai1WT-MDSnap-Fr300_cleaned,AAF_ideal,11,11
Orai1WT-MDSnap-Fr300_cleaned,AAO_ideal,11,11
Orai1WT-MDSnap-Fr300_cleaned,ABC_ideal,11,11
Orai1WT-MDSnap-Fr300_cleaned,ACG_ideal,11,11
Orai1WT-MDSnap-Fr300_cleaned,ACQ_ideal,11,11
Orai1WT-MDSnap-Fr300_cleaned,ADV_ideal,11,11
Orai1WT-MDSnap-Fr300_cleaned,AGA_ideal,11,11
Orai1WT-MDSnap-Fr300_cleaned,AH4_ideal,11,11
Orai1WT-MDSnap-Fr300_cleaned,AHZ_ideal,11,11
Orai1WT-MDSnap-Fr300_cleaned,AIK_ideal,11,11
Orai1WT-MDSnap-Fr300_cleaned,AK1_ideal,11,11
Orai1WT-MDSnap-Fr300_cleaned,AK2_ideal,11,11
Orai1WT-MDSnap-Fr300_cleaned,AK3_ideal,11,11
Orai1WT-MDSnap-Fr300_cleaned,AKA_ideal,11,11
Orai1WT-MDSnap-Fr300_cleaned,AOE_ideal,11,11
Orai1WT-MDSnap-Fr300_cleaned,AP5_ideal,11,11
Orai1WT-MDSnap-Fr300_cleaned,AP8_ideal,11,11
Orai1WT-MDSnap-Fr300_cleaned,APX_ideal,11,11
Orai1WT-MDSnap-Fr300_cleaned,ARC_ideal,11,11
Orai1WT-MDSnap-Fr300_cleaned,ARE_ideal,11,11
Orai1WT-MDSnap-Fr300_cleaned,ARR_ideal,11,11
Orai1WT-MDSnap-Fr300_cleaned,AUR_ideal,11,11
Orai1WT-MDSnap-Fr300_cleaned,B18_ideal,11,11
Orai1WT-MDSnap-Fr300_cleaned,B1M_ideal,11,11
Orai1WT-MDSnap-Fr300_cleaned,B32_ideal,11,11
Orai1WT-MDSnap-Fr300_cleaned,B3N_ideal,11,11
Orai1WT-MDSnap-Fr300_cleaned,B8L_ideal,11,11
Orai1WT-MDSnap-Fr300_cleaned,B96_ideal,11,11
Orai1WT-MDSnap-Fr300_cleaned,BA3_ideal,11,11
Orai1WT-MDSnap-Fr300_cleaned,BBZ_ideal,11,11
Orai1WT-MDSnap-Fr300_cleaned,BFF_ideal,11,11
Orai1WT-MDSnap-Fr300_cleaned,BH7_ideal,11,11
Orai1WT-MDSnap-Fr300_cleaned,BL5_ideal,11,11
Orai1WT-MDSnap-Fr300_cleaned,BLI_ideal,11,11
Orai1WT-MDSnap-Fr300_cleaned,BLM_ideal,11,11
Orai1WT-MDSnap-Fr300_cleaned,BN2_ideal,11,11
Orai1WT-MDSnap-Fr300_cleaned,BN3_ideal,11,11
Orai1WT-MDSnap-Fr300_cleaned,BN4_ideal,11,11
Orai1WT-MDSnap-Fr300_cleaned,BN5_ideal,11,11
Orai1WT-MDSnap-Fr300_cleaned,BO9_ideal,11,11
Orai1WT-MDSnap-Fr300_cleaned,BR4_ideal,11,11
Orai1WT-MDSnap-Fr300_cleaned,BTX_ideal,11,11
Orai1WT-MDSnap-Fr300_cleaned,BUI_ideal,11,11
Orai1WT-MDSnap-Fr300_cleaned,BV1_ideal,11,11
Orai1WT-MDSnap-Fr300_cleaned,BV2_ideal,11,11
Orai1WT-MDSnap-Fr300_cleaned,BV3_ideal,11,11
Orai1WT-MDSnap-Fr300_cleaned,C11_ideal,11,11
Orai1WT-MDSnap-Fr300_cleaned,C1D_ideal,11,11
Orai1WT-MDSnap-Fr300_cleaned,C1N_ideal,11,11
Orai1WT-MDSnap-Fr300_cleaned,C3S_ideal,11,11
Orai1WT-MDSnap-Fr300_cleaned,C41_ideal,11,11
Orai1WT-MDSnap-Fr300_cleaned,C87_ideal,11,11
Orai1WT-MDSnap-Fr300_cleaned,C8E_ideal,11,11
Orai1WT-MDSnap-Fr300_cleaned,C90_ideal,11,11
Orai1WT-MDSnap-Fr300_cleaned,CA3_ideal,11,11
Orai1WT-MDSnap-Fr300_cleaned,CA5_ideal,11,11
Orai1WT-MDSnap-Fr300_cleaned,CAA_ideal,11,11
Orai1WT-MDSnap-Fr300_cleaned,CAI_ideal,11,11
Orai1WT-MDSnap-Fr300_cleaned,CAO_ideal,11,11
Orai1WT-MDSnap-Fr300_cleaned,CBN_ideal,11,11
Orai1WT-MDSnap-Fr300_cleaned,CBO_ideal,11,11
Orai1WT-MDSnap-Fr300_cleaned,CC0_ideal,11,11
Orai1WT-MDSnap-Fr300_cleaned,CCQ_ideal,11,11
Orai1WT-MDSnap-Fr300_cleaned,CDA_ideal,11,11
Orai1WT-MDSnap-Fr300_cleaned,CDB_ideal,11,11
Orai1WT-MDSnap-Fr300_cleaned,CDD_ideal,11,11
Orai1WT-MDSnap-Fr300_cleaned,CDU_ideal,11,11
Orai1WT-MDSnap-Fr300_cleaned,CG2_ideal,11,11
Orai1WT-MDSnap-Fr300_cleaned,CIS_ideal,11,11
Orai1WT-MDSnap-Fr300_cleaned,CLL_ideal,11,11
Orai1WT-MDSnap-Fr300_cleaned,CM1_ideal,11,11
Orai1WT-MDSnap-Fr300_cleaned,CM2_ideal,11,11
Orai1WT-MDSnap-Fr300_cleaned,CM5_ideal,11,11
Orai1WT-MDSnap-Fr300_cleaned,CNA_ideal,11,11
Orai1WT-MDSnap-Fr300_cleaned,CND_ideal,11,11
Orai1WT-MDSnap-Fr300_cleaned,CNS_ideal,11,11
Orai1WT-MDSnap-Fr300_cleaned,CO8_ideal,11,11
Orai1WT-MDSnap-Fr300_cleaned,COA_ideal,11,11
Orai1WT-MDSnap-Fr300_cleaned,COD_ideal,11,11
Orai1WT-MDSnap-Fr300_cleaned,COF_ideal,11,11
Orai1WT-MDSnap-Fr300_cleaned,COS_ideal,11,11
Orai1WT-MDSnap-Fr300_cleaned,COT_ideal,11,11
Orai1WT-MDSnap-Fr300_cleaned,CP0_ideal,11,11
Orai1WT-MDSnap-Fr300_cleaned,CP4_ideal,11,11
Orai1WT-MDSnap-Fr300_cleaned,CPJ_ideal,11,11
Orai1WT-MDSnap-Fr300_cleaned,CPQ_ideal,11,11
Orai1WT-MDSnap-Fr300_cleaned,CYU_ideal,11,11
Orai1WT-MDSnap-Fr300_cleaned,D9G_ideal,11,11
Orai1WT-MDSnap-Fr300_cleaned,DAK_ideal,11,11
Orai1WT-MDSnap-Fr300_cleaned,DB8_ideal,11,11
Orai1WT-MDSnap-Fr300_cleaned,DCA_ideal,11,11
Orai1WT-MDSnap-Fr300_cleaned,DCC_ideal,11,11
Orai1WT-MDSnap-Fr300_cleaned,DDF_ideal,11,11
Orai1WT-MDSnap-Fr300_cleaned,DEO_ideal,11,11
Orai1WT-MDSnap-Fr300_cleaned,DEQ_ideal,11,11
Orai1WT-MDSnap-Fr300_cleaned,DGB_ideal,11,11
Orai1WT-MDSnap-Fr300_cleaned,DGD_ideal,11,11
Orai1WT-MDSnap-Fr300_cleaned,DGG_ideal,11,11
Orai1WT-MDSnap-Fr300_cleaned,DHG_ideal,11,11
Orai1WT-MDSnap-Fr300_cleaned,DI4_ideal,11,11
Orai1WT-MDSnap-Fr300_cleaned,DID_ideal,11,11
Orai1WT-MDSnap-Fr300_cleaned,DKK_ideal,11,11
Orai1WT-MDSnap-Fr300_cleaned,DKT_ideal,11,11
Orai1WT-MDSnap-Fr300_cleaned,DMY_ideal,11,11
Orai1WT-MDSnap-Fr300_cleaned,DN0_ideal,11,11
Orai1WT-MDSnap-Fr300_cleaned,DND_ideal,11,11
Orai1WT-MDSnap-Fr300_cleaned,DOL_ideal,11,11
Orai1WT-MDSnap-Fr300_cleaned,DR7_ideal,11,11
Orai1WT-MDSnap-Fr300_cleaned,DR9_ideal,11,11
Orai1WT-MDSnap-Fr300_cleaned,DRA_ideal,11,11
Orai1WT-MDSnap-Fr300_cleaned,DVP_ideal,11,11
Orai1WT-MDSnap-Fr300_cleaned,ED9_ideal,11,11
Orai1WT-MDSnap-Fr300_cleaned,EG3_ideal,11,11
Orai1WT-MDSnap-Fr300_cleaned,EHA_ideal,11,11
Orai1WT-MDSnap-Fr300_cleaned,ELA_ideal,11,11
Orai1WT-MDSnap-Fr300_cleaned,ELD_ideal,11,11
Orai1WT-MDSnap-Fr300_cleaned,EM1_ideal,11,11
Orai1WT-MDSnap-Fr300_cleaned,EMH_ideal,11,11
Orai1WT-MDSnap-Fr300_cleaned,ENA_ideal,11,11
Orai1WT-MDSnap-Fr300_cleaned,ENB_ideal,11,11
Orai1WT-MDSnap-Fr300_cleaned,ENP_ideal,11,11
Orai1WT-MDSnap-Fr300_cleaned,EP6_ideal,11,11
Orai1WT-MDSnap-Fr300_cleaned,EPA_ideal,11,11
Orai1WT-MDSnap-Fr300_cleaned,EPH_ideal,11,11
Orai1WT-MDSnap-Fr300_cleaned,F23_ideal,11,11
Orai1WT-MDSnap-Fr300_cleaned,F42_ideal,11,11
Orai1WT-MDSnap-Fr300_cleaned,F6M_ideal,11,11
Orai1WT-MDSnap-Fr300_cleaned,F6O_ideal,11,11
Orai1WT-MDSnap-Fr300_cleaned,F9R_ideal,11,11
Orai1WT-MDSnap-Fr300_cleaned,FAB_ideal,11,11
Orai1WT-MDSnap-Fr300_cleaned,FAD_ideal,11,11
Orai1WT-MDSnap-Fr300_cleaned,FAE_ideal,11,11
Orai1WT-MDSnap-Fr300_cleaned,FCX_ideal,11,11
Orai1WT-MDSnap-Fr300_cleaned,FE1_ideal,11,11
Orai1WT-MDSnap-Fr300_cleaned,FEP_ideal,11,11
Orai1WT-MDSnap-Fr300_cleaned,FI8_ideal,11,11
Orai1WT-MDSnap-Fr300_cleaned,FJ0_ideal,11,11
Orai1WT-MDSnap-Fr300_cleaned,FMM_ideal,11,11
Orai1WT-MDSnap-Fr300_cleaned,FR1_ideal,11,11
Orai1WT-MDSnap-Fr300_cleaned,FRB_ideal,11,11
Orai1WT-MDSnap-Fr300_cleaned,FRE_ideal,11,11
Orai1WT-MDSnap-Fr300_cleaned,FRH_ideal,11,11
Orai1WT-MDSnap-Fr300_cleaned,FRI_ideal,11,11
Orai1WT-MDSnap-Fr300_cleaned,FUG_ideal,11,11
Orai1WT-MDSnap-Fr300_cleaned,FXG_ideal,11,11
Orai1WT-MDSnap-Fr300_cleaned,G65_ideal,11,11
Orai1WT-MDSnap-Fr300_cleaned,GCG_ideal,11,11
Orai1WT-MDSnap-Fr300_cleaned,GEL_ideal,11,11
Orai1WT-MDSnap-Fr300_cleaned,GL8_ideal,11,11
Orai1WT-MDSnap-Fr300_cleaned,GLE_ideal,11,11
Orai1WT-MDSnap-Fr300_cleaned,GNF_ideal,11,11
Orai1WT-MDSnap-Fr300_cleaned,GP3_ideal,11,11
Orai1WT-MDSnap-Fr300_cleaned,GTA_ideal,11,11
Orai1WT-MDSnap-Fr300_cleaned,GTG_ideal,11,11
Orai1WT-MDSnap-Fr300_cleaned,GTY_ideal,11,11
Orai1WT-MDSnap-Fr300_cleaned,GV0_ideal,11,11
Orai1WT-MDSnap-Fr300_cleaned,H4M_ideal,11,11
Orai1WT-MDSnap-Fr300_cleaned,HAL_ideal,11,11
Orai1WT-MDSnap-Fr300_cleaned,HAZ_ideal,11,11
Orai1WT-MDSnap-Fr300_cleaned,HDC_ideal,11,11
Orai1WT-MDSnap-Fr300_cleaned,HDS_ideal,11,11
Orai1WT-MDSnap-Fr300_cleaned,HDY_ideal,11,11
Orai1WT-MDSnap-Fr300_cleaned,HG9_ideal,11,11
Orai1WT-MDSnap-Fr300_cleaned,HMG_ideal,11,11
Orai1WT-MDSnap-Fr300_cleaned,HOP_ideal,11,11
Orai1WT-MDSnap-Fr300_cleaned,HSF_ideal,11,11
Orai1WT-MDSnap-Fr300_cleaned,HXA_ideal,11,11
Orai1WT-MDSnap-Fr300_cleaned,HXC_ideal,11,11
Orai1WT-MDSnap-Fr300_cleaned,HYC_ideal,11,11
Orai1WT-MDSnap-Fr300_cleaned,I12_ideal,11,11
Orai1WT-MDSnap-Fr300_cleaned,I50_ideal,11,11
Orai1WT-MDSnap-Fr300_cleaned,I52_ideal,11,11
Orai1WT-MDSnap-Fr300_cleaned,I6H_ideal,11,11
Orai1WT-MDSnap-Fr300_cleaned,IBI_ideal,11,11
Orai1WT-MDSnap-Fr300_cleaned,IDB_ideal,11,11
Orai1WT-MDSnap-Fr300_cleaned,IH4_ideal,11,11
Orai1WT-MDSnap-Fr300_cleaned,IK7_ideal,11,11
Orai1WT-MDSnap-Fr300_cleaned,INA_ideal,11,11
Orai1WT-MDSnap-Fr300_cleaned,INB_ideal,11,11
Orai1WT-MDSnap-Fr300_cleaned,J15_ideal,11,11
Orai1WT-MDSnap-Fr300_cleaned,J78_ideal,11,11
Orai1WT-MDSnap-Fr300_cleaned,J80_ideal,11,11
Orai1WT-MDSnap-Fr300_cleaned,J8C_ideal,11,11
Orai1WT-MDSnap-Fr300_cleaned,JAS_ideal,11,11
Orai1WT-MDSnap-Fr300_cleaned,JE2_ideal,11,11
Orai1WT-MDSnap-Fr300_cleaned,JER_ideal,11,11
Orai1WT-MDSnap-Fr300_cleaned,JEU_ideal,11,11
Orai1WT-MDSnap-Fr300_cleaned,JHN_ideal,11,11
Orai1WT-MDSnap-Fr300_cleaned,JJH_ideal,11,11
Orai1WT-MDSnap-Fr300_cleaned,JNK_ideal,11,11
Orai1WT-MDSnap-Fr300_cleaned,JPR_ideal,11,11
Orai1WT-MDSnap-Fr300_cleaned,K3R_ideal,11,11
Orai1WT-MDSnap-Fr300_cleaned,K5O_ideal,11,11
Orai1WT-MDSnap-Fr300_cleaned,KAB_ideal,11,11
Orai1WT-MDSnap-Fr300_cleaned,KHF_ideal,11,11
Orai1WT-MDSnap-Fr300_cleaned,KLN_ideal,11,11
Orai1WT-MDSnap-Fr300_cleaned,KNT_ideal,11,11
Orai1WT-MDSnap-Fr300_cleaned,KOS_ideal,11,11
Orai1WT-MDSnap-Fr300_cleaned,KTY_ideal,11,11
Orai1WT-MDSnap-Fr300_cleaned,L17_ideal,11,11
Orai1WT-MDSnap-Fr300_cleaned,L1P_ideal,11,11
Orai1WT-MDSnap-Fr300_cleaned,L24_ideal,11,11
Orai1WT-MDSnap-Fr300_cleaned,L3P_ideal,11,11
Orai1WT-MDSnap-Fr300_cleaned,L41_ideal,11,11
Orai1WT-MDSnap-Fr300_cleaned,L75_ideal,11,11
Orai1WT-MDSnap-Fr300_cleaned,LDM_ideal,11,11
Orai1WT-MDSnap-Fr300_cleaned,LEH_ideal,11,11
Orai1WT-MDSnap-Fr300_cleaned,LHG_ideal,11,11
Orai1WT-MDSnap-Fr300_cleaned,LIL_ideal,11,11
Orai1WT-MDSnap-Fr300_cleaned,LIM_ideal,11,11
Orai1WT-MDSnap-Fr300_cleaned,LK2_ideal,11,11
Orai1WT-MDSnap-Fr300_cleaned,LK3_ideal,11,11
Orai1WT-MDSnap-Fr300_cleaned,LMU_ideal,11,11
Orai1WT-MDSnap-Fr300_cleaned,LPS_ideal,11,11
Orai1WT-MDSnap-Fr300_cleaned,LTD_ideal,11,11
Orai1WT-MDSnap-Fr300_cleaned,LTX_ideal,11,11
Orai1WT-MDSnap-Fr300_cleaned,LVO_ideal,11,11
Orai1WT-MDSnap-Fr300_cleaned,LYB_ideal,11,11
Orai1WT-MDSnap-Fr300_cleaned,MA4_ideal,11,11
Orai1WT-MDSnap-Fr300_cleaned,MAY_ideal,11,11
Orai1WT-MDSnap-Fr300_cleaned,MCA_ideal,11,11
Orai1WT-MDSnap-Fr300_cleaned,MCN_ideal,11,11
Orai1WT-MDSnap-Fr300_cleaned,MDE_ideal,11,11
Orai1WT-MDSnap-Fr300_cleaned,MGE_ideal,11,11
Orai1WT-MDSnap-Fr300_cleaned,MGM_ideal,11,11
Orai1WT-MDSnap-Fr300_cleaned,MIM_ideal,11,11
Orai1WT-MDSnap-Fr300_cleaned,MJV_ideal,11,11
Orai1WT-MDSnap-Fr300_cleaned,MK1_ideal,11,11
Orai1WT-MDSnap-Fr300_cleaned,MK6_ideal,11,11
Orai1WT-MDSnap-Fr300_cleaned,MLC_ideal,11,11
Orai1WT-MDSnap-Fr300_cleaned,MLD_ideal,11,11
Orai1WT-MDSnap-Fr300_cleaned,MMI_ideal,11,11
Orai1WT-MDSnap-Fr300_cleaned,MPG_ideal,11,11
Orai1WT-MDSnap-Fr300_cleaned,MPZ_ideal,11,11
Orai1WT-MDSnap-Fr300_cleaned,MQ7_ideal,11,11
Orai1WT-MDSnap-Fr300_cleaned,MRC_ideal,11,11
Orai1WT-MDSnap-Fr300_cleaned,MS3_ideal,11,11
Orai1WT-MDSnap-Fr300_cleaned,MWV_ideal,11,11
Orai1WT-MDSnap-Fr300_cleaned,MXP_ideal,11,11
Orai1WT-MDSnap-Fr300_cleaned,MYA_ideal,11,11
Orai1WT-MDSnap-Fr300_cleaned,MYP_ideal,11,11
Orai1WT-MDSnap-Fr300_cleaned,MYX_ideal,11,11
Orai1WT-MDSnap-Fr300_cleaned,N7R_ideal,11,11
Orai1WT-MDSnap-Fr300_cleaned,N8E_ideal,11,11
Orai1WT-MDSnap-Fr300_cleaned,NAD_ideal,11,11
Orai1WT-MDSnap-Fr300_cleaned,NAE_ideal,11,11
Orai1WT-MDSnap-Fr300_cleaned,NAI_ideal,11,11
Orai1WT-MDSnap-Fr300_cleaned,NAJ_ideal,11,11
Orai1WT-MDSnap-Fr300_cleaned,NAP_ideal,11,11
Orai1WT-MDSnap-Fr300_cleaned,NAQ_ideal,11,11
Orai1WT-MDSnap-Fr300_cleaned,NBC_ideal,11,11
Orai1WT-MDSnap-Fr300_cleaned,NBP_ideal,11,11
Orai1WT-MDSnap-Fr300_cleaned,NDA_ideal,11,11
Orai1WT-MDSnap-Fr300_cleaned,NDC_ideal,11,11
Orai1WT-MDSnap-Fr300_cleaned,NDP_ideal,11,11
Orai1WT-MDSnap-Fr300_cleaned,NE6_ideal,11,11
Orai1WT-MDSnap-Fr300_cleaned,NHO_ideal,11,11
Orai1WT-MDSnap-Fr300_cleaned,NMX_ideal,11,11
Orai1WT-MDSnap-Fr300_cleaned,NOV_ideal,11,11
Orai1WT-MDSnap-Fr300_cleaned,NTU_ideal,11,11
Orai1WT-MDSnap-Fr300_cleaned,NXX_ideal,11,11
Orai1WT-MDSnap-Fr300_cleaned,NZQ_ideal,11,11
Orai1WT-MDSnap-Fr300_cleaned,O8N_ideal,11,11
Orai1WT-MDSnap-Fr300_cleaned,ODD_ideal,11,11
Orai1WT-MDSnap-Fr300_cleaned,ODT_ideal,11,11
Orai1WT-MDSnap-Fr300_cleaned,OFF_ideal,11,11
Orai1WT-MDSnap-Fr300_cleaned,OHH_ideal,11,11
Orai1WT-MDSnap-Fr300_cleaned,OHM_ideal,11,11
Orai1WT-MDSnap-Fr300_cleaned,OHN_ideal,11,11
Orai1WT-MDSnap-Fr300_cleaned,OKA_ideal,11,11
Orai1WT-MDSnap-Fr300_cleaned,P1L_ideal,11,11
Orai1WT-MDSnap-Fr300_cleaned,P30_ideal,11,11
Orai1WT-MDSnap-Fr300_cleaned,P40_ideal,11,11
Orai1WT-MDSnap-Fr300_cleaned,P48_ideal,11,11
Orai1WT-MDSnap-Fr300_cleaned,P5B_ideal,11,11
Orai1WT-MDSnap-Fr300_cleaned,P5S_ideal,11,11
Orai1WT-MDSnap-Fr300_cleaned,P89_ideal,11,11
Orai1WT-MDSnap-Fr300_cleaned,PAD_ideal,11,11
Orai1WT-MDSnap-Fr300_cleaned,PCM_ideal,11,11
Orai1WT-MDSnap-Fr300_cleaned,PD7_ideal,11,11
Orai1WT-MDSnap-Fr300_cleaned,PE5_ideal,11,11
Orai1WT-MDSnap-Fr300_cleaned,PE7_ideal,11,11
Orai1WT-MDSnap-Fr300_cleaned,PGM_ideal,11,11
Orai1WT-MDSnap-Fr300_cleaned,PIE_ideal,11,11
Orai1WT-MDSnap-Fr300_cleaned,PKF_ideal,11,11
Orai1WT-MDSnap-Fr300_cleaned,PL3_ideal,11,11
Orai1WT-MDSnap-Fr300_cleaned,PLM_ideal,11,11
Orai1WT-MDSnap-Fr300_cleaned,PM4_ideal,11,11
Orai1WT-MDSnap-Fr300_cleaned,PM5_ideal,11,11
Orai1WT-MDSnap-Fr300_cleaned,PNF_ideal,11,11
Orai1WT-MDSnap-Fr300_cleaned,PNT_ideal,11,11
Orai1WT-MDSnap-Fr300_cleaned,PPX_ideal,11,11
Orai1WT-MDSnap-Fr300_cleaned,PQN_ideal,11,11
Orai1WT-MDSnap-Fr300_cleaned,PRT_ideal,11,11
Orai1WT-MDSnap-Fr300_cleaned,PSI_ideal,11,11
Orai1WT-MDSnap-Fr300_cleaned,PTG_ideal,11,11
Orai1WT-MDSnap-Fr300_cleaned,PUA_ideal,11,11
Orai1WT-MDSnap-Fr300_cleaned,PVC_ideal,11,11
Orai1WT-MDSnap-Fr300_cleaned,Q8U_ideal,11,11
Orai1WT-MDSnap-Fr300_cleaned,QCM_ideal,11,11
Orai1WT-MDSnap-Fr300_cleaned,QDH_ideal,11,11
Orai1WT-MDSnap-Fr300_cleaned,QFC_ideal,11,11
Orai1WT-MDSnap-Fr300_cleaned,QO4_ideal,11,11
Orai1WT-MDSnap-Fr300_cleaned,QWP_ideal,11,11
Orai1WT-MDSnap-Fr300_cleaned,R03_ideal,11,11
Orai1WT-MDSnap-Fr300_cleaned,R0Z_ideal,11,11
Orai1WT-MDSnap-Fr300_cleaned,R19_ideal,11,11
Orai1WT-MDSnap-Fr300_cleaned,R1H_ideal,11,11
Orai1WT-MDSnap-Fr300_cleaned,R1L_ideal,11,11
Orai1WT-MDSnap-Fr300_cleaned,R64_ideal,11,11
Orai1WT-MDSnap-Fr300_cleaned,R71_ideal,11,11
Orai1WT-MDSnap-Fr300_cleaned,R78_ideal,11,11
Orai1WT-MDSnap-Fr300_cleaned,R79_ideal,11,11
Orai1WT-MDSnap-Fr300_cleaned,RA4_ideal,11,11
Orai1WT-MDSnap-Fr300_cleaned,RA8_ideal,11,11
Orai1WT-MDSnap-Fr300_cleaned,RAP_ideal,11,11
Orai1WT-MDSnap-Fr300_cleaned,RCL_ideal,11,11
Orai1WT-MDSnap-Fr300_cleaned,RD8_ideal,11,11
Orai1WT-MDSnap-Fr300_cleaned,RFL_ideal,11,11
Orai1WT-MDSnap-Fr300_cleaned,RGA_ideal,11,11
Orai1WT-MDSnap-Fr300_cleaned,RGC_ideal,11,11
Orai1WT-MDSnap-Fr300_cleaned,RIT_ideal,11,11
Orai1WT-MDSnap-Fr300_cleaned,ROC_ideal,11,11
Orai1WT-MDSnap-Fr300_cleaned,RRX_ideal,11,11
Orai1WT-MDSnap-Fr300_cleaned,RX5_ideal,11,11
Orai1WT-MDSnap-Fr300_cleaned,RXD_ideal,11,11
Orai1WT-MDSnap-Fr300_cleaned,RYO_ideal,11,11
Orai1WT-MDSnap-Fr300_cleaned,RYW_ideal,11,11
Orai1WT-MDSnap-Fr300_cleaned,S1H_ideal,11,11
Orai1WT-MDSnap-Fr300_cleaned,S4R_ideal,11,11
Orai1WT-MDSnap-Fr300_cleaned,SAE_ideal,11,11
Orai1WT-MDSnap-Fr300_cleaned,SCA_ideal,11,11
Orai1WT-MDSnap-Fr300_cleaned,SCO_ideal,11,11
Orai1WT-MDSnap-Fr300_cleaned,SDZ_ideal,11,11
Orai1WT-MDSnap-Fr300_cleaned,SEI_ideal,11,11
Orai1WT-MDSnap-Fr300_cleaned,SFA_ideal,11,11
Orai1WT-MDSnap-Fr300_cleaned,SNA_ideal,11,11
Orai1WT-MDSnap-Fr300_cleaned,SND_ideal,11,11
Orai1WT-MDSnap-Fr300_cleaned,SPF_ideal,11,11
Orai1WT-MDSnap-Fr300_cleaned,SPR_ideal,11,11
Orai1WT-MDSnap-Fr300_cleaned,SPX_ideal,11,11
Orai1WT-MDSnap-Fr300_cleaned,SQL_ideal,11,11
Orai1WT-MDSnap-Fr300_cleaned,SQS_ideal,11,11
Orai1WT-MDSnap-Fr300_cleaned,SS4_ideal,11,11
Orai1WT-MDSnap-Fr300_cleaned,STE_ideal,11,11
Orai1WT-MDSnap-Fr300_cleaned,STI_ideal,11,11
Orai1WT-MDSnap-Fr300_cleaned,SUD_ideal,11,11
Orai1WT-MDSnap-Fr300_cleaned,SXH_ideal,11,11
Orai1WT-MDSnap-Fr300_cleaned,SXO_ideal,11,11
Orai1WT-MDSnap-Fr300_cleaned,T3X_ideal,11,11
Orai1WT-MDSnap-Fr300_cleaned,T4T_ideal,11,11
Orai1WT-MDSnap-Fr300_cleaned,T57_ideal,11,11
Orai1WT-MDSnap-Fr300_cleaned,T5A_ideal,11,11
Orai1WT-MDSnap-Fr300_cleaned,T87_ideal,11,11
Orai1WT-MDSnap-Fr300_cleaned,TAP_ideal,11,11
Orai1WT-MDSnap-Fr300_cleaned,TCH_ideal,11,11
Orai1WT-MDSnap-Fr300_cleaned,TD2_ideal,11,11
Orai1WT-MDSnap-Fr300_cleaned,TEL_ideal,11,11
Orai1WT-MDSnap-Fr300_cleaned,TF3_ideal,11,11
Orai1WT-MDSnap-Fr300_cleaned,TGF_ideal,11,11
Orai1WT-MDSnap-Fr300_cleaned,THT_ideal,11,11
Orai1WT-MDSnap-Fr300_cleaned,TR1_ideal,11,11
Orai1WT-MDSnap-Fr300_cleaned,TS4_ideal,11,11
Orai1WT-MDSnap-Fr300_cleaned,TS5_ideal,11,11
Orai1WT-MDSnap-Fr300_cleaned,TUD_ideal,11,11
Orai1WT-MDSnap-Fr300_cleaned,TUI_ideal,11,11
Orai1WT-MDSnap-Fr300_cleaned,TUX_ideal,11,11
Orai1WT-MDSnap-Fr300_cleaned,TYK_ideal,11,11
Orai1WT-MDSnap-Fr300_cleaned,TZ4_ideal,11,11
Orai1WT-MDSnap-Fr300_cleaned,TZ5_ideal,11,11
Orai1WT-MDSnap-Fr300_cleaned,U04_ideal,11,11
Orai1WT-MDSnap-Fr300_cleaned,UAG_ideal,11,11
Orai1WT-MDSnap-Fr300_cleaned,UDH_ideal,11,11
Orai1WT-MDSnap-Fr300_cleaned,UK4_ideal,11,11
Orai1WT-MDSnap-Fr300_cleaned,UKA_ideal,11,11
Orai1WT-MDSnap-Fr300_cleaned,ULA_ideal,11,11
Orai1WT-MDSnap-Fr300_cleaned,UMA_ideal,11,11
Orai1WT-MDSnap-Fr300_cleaned,UMG_ideal,11,11
Orai1WT-MDSnap-Fr300_cleaned,UMQ_ideal,11,11
Orai1WT-MDSnap-Fr300_cleaned,UP5_ideal,11,11
Orai1WT-MDSnap-Fr300_cleaned,UR2_ideal,11,11
Orai1WT-MDSnap-Fr300_cleaned,V6G_ideal,11,11
Orai1WT-MDSnap-Fr300_cleaned,VCA_ideal,11,11
Orai1WT-MDSnap-Fr300_cleaned,VIV_ideal,11,11
Orai1WT-MDSnap-Fr300_cleaned,VS2_ideal,11,11
Orai1WT-MDSnap-Fr300_cleaned,VTQ_ideal,11,11
Orai1WT-MDSnap-Fr300_cleaned,VXI_ideal,11,11
Orai1WT-MDSnap-Fr300_cleaned,W35_ideal,11,11
Orai1WT-MDSnap-Fr300_cleaned,W42_ideal,11,11
Orai1WT-MDSnap-Fr300_cleaned,W43_ideal,11,11
Orai1WT-MDSnap-Fr300_cleaned,W56_ideal,11,11
Orai1WT-MDSnap-Fr300_cleaned,W59_ideal,11,11
Orai1WT-MDSnap-Fr300_cleaned,W71_ideal,11,11
Orai1WT-MDSnap-Fr300_cleaned,W8R_ideal,11,11
Orai1WT-MDSnap-Fr300_cleaned,WVN_ideal,11,11
Orai1WT-MDSnap-Fr300_cleaned,X2N_ideal,11,11
Orai1WT-MDSnap-Fr300_cleaned,X4U_ideal,11,11
Orai1WT-MDSnap-Fr300_cleaned,XAT_ideal,11,11
Orai1WT-MDSnap-Fr300_cleaned,XB7_ideal,11,11
Orai1WT-MDSnap-Fr300_cleaned,XC9_ideal,11,11
Orai1WT-MDSnap-Fr300_cleaned,XIN_ideal,11,11
Orai1WT-MDSnap-Fr300_cleaned,XMJ_ideal,11,11
Orai1WT-MDSnap-Fr300_cleaned,XNH_ideal,11,11
Orai1WT-MDSnap-Fr300_cleaned,XR1_ideal,11,11
Orai1WT-MDSnap-Fr300_cleaned,Y9J_ideal,11,11
Orai1WT-MDSnap-Fr300_cleaned,YG7_ideal,11,11
Orai1WT-MDSnap-Fr300_cleaned,YHR_ideal,11,11
Orai1WT-MDSnap-Fr300_cleaned,YKQ_ideal,11,11
Orai1WT-MDSnap-Fr300_cleaned,Z6V_ideal,11,11
Orai1WT-MDSnap-Fr300_cleaned,Z90_ideal,11,11
Orai1WT-MDSnap-Fr300_cleaned,ZIY_ideal,11,11
Orai1WT-MDSnap-Fr400_cleaned,05J_ideal,11,11
Orai1WT-MDSnap-Fr400_cleaned,07J_ideal,11,11
Orai1WT-MDSnap-Fr400_cleaned,0LI_ideal,11,11
Orai1WT-MDSnap-Fr400_cleaned,11U_ideal,11,11
Orai1WT-MDSnap-Fr400_cleaned,128_ideal,11,11
Orai1WT-MDSnap-Fr400_cleaned,140_ideal,11,11
Orai1WT-MDSnap-Fr400_cleaned,146_ideal,11,11
Orai1WT-MDSnap-Fr400_cleaned,169_ideal,11,11
Orai1WT-MDSnap-Fr400_cleaned,17F_ideal,11,11
Orai1WT-MDSnap-Fr400_cleaned,1JY_ideal,11,11
Orai1WT-MDSnap-Fr400_cleaned,1L3_ideal,11,11
Orai1WT-MDSnap-Fr400_cleaned,1N1_ideal,11,11
Orai1WT-MDSnap-Fr400_cleaned,1VU_ideal,11,11
Orai1WT-MDSnap-Fr400_cleaned,1XJ_ideal,11,11
Orai1WT-MDSnap-Fr400_cleaned,21V_ideal,11,11
Orai1WT-MDSnap-Fr400_cleaned,243_ideal,11,11
Orai1WT-MDSnap-Fr400_cleaned,276_ideal,11,11
Orai1WT-MDSnap-Fr400_cleaned,27U_ideal,11,11
Orai1WT-MDSnap-Fr400_cleaned,2CA_ideal,11,11
Orai1WT-MDSnap-Fr400_cleaned,2CP_ideal,11,11
Orai1WT-MDSnap-Fr400_cleaned,2I4_ideal,11,11
Orai1WT-MDSnap-Fr400_cleaned,2MC_ideal,11,11
Orai1WT-MDSnap-Fr400_cleaned,2RD_ideal,11,11
Orai1WT-MDSnap-Fr400_cleaned,2S8_ideal,11,11
Orai1WT-MDSnap-Fr400_cleaned,2TA_ideal,11,11
Orai1WT-MDSnap-Fr400_cleaned,2YB_ideal,11,11
Orai1WT-MDSnap-Fr400_cleaned,30B_ideal,11,11
Orai1WT-MDSnap-Fr400_cleaned,32U_ideal,11,11
Orai1WT-MDSnap-Fr400_cleaned,347_ideal,11,11
Orai1WT-MDSnap-Fr400_cleaned,34W_ideal,11,11
Orai1WT-MDSnap-Fr400_cleaned,38P_ideal,11,11
Orai1WT-MDSnap-Fr400_cleaned,3B9_ideal,11,11
Orai1WT-MDSnap-Fr400_cleaned,3CB_ideal,11,11
Orai1WT-MDSnap-Fr400_cleaned,3H4_ideal,11,11
Orai1WT-MDSnap-Fr400_cleaned,3HC_ideal,11,11
Orai1WT-MDSnap-Fr400_cleaned,3IN_ideal,11,11
Orai1WT-MDSnap-Fr400_cleaned,3N6_ideal,11,11
Orai1WT-MDSnap-Fr400_cleaned,3ZC_ideal,11,11
Orai1WT-MDSnap-Fr400_cleaned,442_ideal,11,11
Orai1WT-MDSnap-Fr400_cleaned,46U_ideal,11,11
Orai1WT-MDSnap-Fr400_cleaned,4CA_ideal,11,11
Orai1WT-MDSnap-Fr400_cleaned,4CC_ideal,11,11
Orai1WT-MDSnap-Fr400_cleaned,4CO_ideal,11,11
Orai1WT-MDSnap-Fr400_cleaned,4EA_ideal,11,11
Orai1WT-MDSnap-Fr400_cleaned,4HD_ideal,11,11
Orai1WT-MDSnap-Fr400_cleaned,4IF_ideal,11,11
Orai1WT-MDSnap-Fr400_cleaned,4UH_ideal,11,11
Orai1WT-MDSnap-Fr400_cleaned,50U_ideal,11,11
Orai1WT-MDSnap-Fr400_cleaned,54J_ideal,11,11
Orai1WT-MDSnap-Fr400_cleaned,570_ideal,11,11
Orai1WT-MDSnap-Fr400_cleaned,587_ideal,11,11
Orai1WT-MDSnap-Fr400_cleaned,59U_ideal,11,11
Orai1WT-MDSnap-Fr400_cleaned,5CB_ideal,11,11
Orai1WT-MDSnap-Fr400_cleaned,5D5_ideal,11,11
Orai1WT-MDSnap-Fr400_cleaned,5FA_ideal,11,11
Orai1WT-MDSnap-Fr400_cleaned,5MV_ideal,11,11
Orai1WT-MDSnap-Fr400_cleaned,5PI_ideal,11,11
Orai1WT-MDSnap-Fr400_cleaned,5X6_ideal,11,11
Orai1WT-MDSnap-Fr400_cleaned,5YM_ideal,11,11
Orai1WT-MDSnap-Fr400_cleaned,626_ideal,11,11
Orai1WT-MDSnap-Fr400_cleaned,63J_ideal,11,11
Orai1WT-MDSnap-Fr400_cleaned,63K_ideal,11,11
Orai1WT-MDSnap-Fr400_cleaned,65C_ideal,11,11
Orai1WT-MDSnap-Fr400_cleaned,66T_ideal,11,11
Orai1WT-MDSnap-Fr400_cleaned,6E2_ideal,11,11
Orai1WT-MDSnap-Fr400_cleaned,6EJ_ideal,11,11
Orai1WT-MDSnap-Fr400_cleaned,6FA_ideal,11,11
Orai1WT-MDSnap-Fr400_cleaned,6GY_ideal,11,11
Orai1WT-MDSnap-Fr400_cleaned,6K9_ideal,11,11
Orai1WT-MDSnap-Fr400_cleaned,6SA_ideal,11,11
Orai1WT-MDSnap-Fr400_cleaned,6ZV_ideal,11,11
Orai1WT-MDSnap-Fr400_cleaned,710_ideal,11,11
Orai1WT-MDSnap-Fr400_cleaned,711_ideal,11,11
Orai1WT-MDSnap-Fr400_cleaned,740_ideal,11,11
Orai1WT-MDSnap-Fr400_cleaned,742_ideal,11,11
Orai1WT-MDSnap-Fr400_cleaned,74T_ideal,11,11
Orai1WT-MDSnap-Fr400_cleaned,7I4_ideal,11,11
Orai1WT-MDSnap-Fr400_cleaned,7IX_ideal,11,11
Orai1WT-MDSnap-Fr400_cleaned,7RU_ideal,11,11
Orai1WT-MDSnap-Fr400_cleaned,7T1_ideal,11,11
Orai1WT-MDSnap-Fr400_cleaned,7TB_ideal,11,11
Orai1WT-MDSnap-Fr400_cleaned,7X1_ideal,11,11
Orai1WT-MDSnap-Fr400_cleaned,7Y5_ideal,11,11
Orai1WT-MDSnap-Fr400_cleaned,80I_ideal,11,11
Orai1WT-MDSnap-Fr400_cleaned,8DZ_ideal,11,11
Orai1WT-MDSnap-Fr400_cleaned,8I2_ideal,11,11
Orai1WT-MDSnap-Fr400_cleaned,8JC_ideal,11,11
Orai1WT-MDSnap-Fr400_cleaned,8PP_ideal,11,11
Orai1WT-MDSnap-Fr400_cleaned,8QW_ideal,11,11
Orai1WT-MDSnap-Fr400_cleaned,8RC_ideal,11,11
Orai1WT-MDSnap-Fr400_cleaned,8VP_ideal,11,11
Orai1WT-MDSnap-Fr400_cleaned,8X7_ideal,11,11
Orai1WT-MDSnap-Fr400_cleaned,8XJ_ideal,11,11
Orai1WT-MDSnap-Fr400_cleaned,919_ideal,11,11
Orai1WT-MDSnap-Fr400_cleaned,964_ideal,11,11
Orai1WT-MDSnap-Fr400_cleaned,96Q_ideal,11,11
Orai1WT-MDSnap-Fr400_cleaned,9AJ_ideal,11,11
Orai1WT-MDSnap-Fr400_cleaned,9B0_ideal,11,11
Orai1WT-MDSnap-Fr400_cleaned,9HO_ideal,11,11
Orai1WT-MDSnap-Fr400_cleaned,9IN_ideal,11,11
Orai1WT-MDSnap-Fr400_cleaned,9N6_ideal,11,11
Orai1WT-MDSnap-Fr400_cleaned,9SC_ideal,11,11
Orai1WT-MDSnap-Fr400_cleaned,9TP_ideal,11,11
Orai1WT-MDSnap-Fr400_cleaned,A1AAC_ideal,11,11
Orai1WT-MDSnap-Fr400_cleaned,A1AF4_ideal,11,11
Orai1WT-MDSnap-Fr400_cleaned,A1APA_ideal,11,11
Orai1WT-MDSnap-Fr400_cleaned,A1AZ7_ideal,11,11
Orai1WT-MDSnap-Fr400_cleaned,A1BLM_ideal,11,11
Orai1WT-MDSnap-Fr400_cleaned,A1BPC_ideal,11,11
Orai1WT-MDSnap-Fr400_cleaned,A1C3G_ideal,11,11
Orai1WT-MDSnap-Fr400_cleaned,A1CEA_ideal,11,11
Orai1WT-MDSnap-Fr400_cleaned,A1D8M_ideal,11,11
Orai1WT-MDSnap-Fr400_cleaned,A1D8Y_ideal,11,11
Orai1WT-MDSnap-Fr400_cleaned,A1E_ideal,11,11
Orai1WT-MDSnap-Fr400_cleaned,A1H3T_ideal,11,11
Orai1WT-MDSnap-Fr400_cleaned,A1JMR_ideal,11,11
Orai1WT-MDSnap-Fr400_cleaned,A1JS8_ideal,11,11
Orai1WT-MDSnap-Fr400_cleaned,A1JSO_ideal,11,11
Orai1WT-MDSnap-Fr400_cleaned,A1JTY_ideal,11,11
Orai1WT-MDSnap-Fr400_cleaned,A1L66_ideal,11,11
Orai1WT-MDSnap-Fr400_cleaned,A1LXP_ideal,11,11
Orai1WT-MDSnap-Fr400_cleaned,A2E_ideal,11,11
Orai1WT-MDSnap-Fr400_cleaned,A3D_ideal,11,11
Orai1WT-MDSnap-Fr400_cleaned,A4I_ideal,11,11
Orai1WT-MDSnap-Fr400_cleaned,A4P_ideal,11,11
Orai1WT-MDSnap-Fr400_cleaned,A6L_ideal,11,11
Orai1WT-MDSnap-Fr400_cleaned,A86_ideal,11,11
Orai1WT-MDSnap-Fr400_cleaned,A8B_ideal,11,11
Orai1WT-MDSnap-Fr400_cleaned,AA2_ideal,11,11
Orai1WT-MDSnap-Fr400_cleaned,AAF_ideal,11,11
Orai1WT-MDSnap-Fr400_cleaned,AAO_ideal,11,11
Orai1WT-MDSnap-Fr400_cleaned,ABC_ideal,11,11
Orai1WT-MDSnap-Fr400_cleaned,ACG_ideal,11,11
Orai1WT-MDSnap-Fr400_cleaned,ACQ_ideal,11,11
Orai1WT-MDSnap-Fr400_cleaned,ADV_ideal,11,11
Orai1WT-MDSnap-Fr400_cleaned,AGA_ideal,11,11
Orai1WT-MDSnap-Fr400_cleaned,AH4_ideal,11,11
Orai1WT-MDSnap-Fr400_cleaned,AHZ_ideal,11,11
Orai1WT-MDSnap-Fr400_cleaned,AIK_ideal,11,11
Orai1WT-MDSnap-Fr400_cleaned,AK1_ideal,11,11
Orai1WT-MDSnap-Fr400_cleaned,AK2_ideal,11,11
Orai1WT-MDSnap-Fr400_cleaned,AK3_ideal,11,11
Orai1WT-MDSnap-Fr400_cleaned,AKA_ideal,11,11
Orai1WT-MDSnap-Fr400_cleaned,AOE_ideal,11,11
Orai1WT-MDSnap-Fr400_cleaned,AP5_ideal,11,11
Orai1WT-MDSnap-Fr400_cleaned,AP8_ideal,11,11
Orai1WT-MDSnap-Fr400_cleaned,APX_ideal,11,11
Orai1WT-MDSnap-Fr400_cleaned,ARC_ideal,11,11
Orai1WT-MDSnap-Fr400_cleaned,ARE_ideal,11,11
Orai1WT-MDSnap-Fr400_cleaned,ARR_ideal,11,11
Orai1WT-MDSnap-Fr400_cleaned,AUR_ideal,11,11
Orai1WT-MDSnap-Fr400_cleaned,B18_ideal,11,11
Orai1WT-MDSnap-Fr400_cleaned,B1M_ideal,11,11
Orai1WT-MDSnap-Fr400_cleaned,B32_ideal,11,11
Orai1WT-MDSnap-Fr400_cleaned,B3N_ideal,11,11
Orai1WT-MDSnap-Fr400_cleaned,B8L_ideal,11,11
Orai1WT-MDSnap-Fr400_cleaned,B96_ideal,11,11
Orai1WT-MDSnap-Fr400_cleaned,BA3_ideal,11,11
Orai1WT-MDSnap-Fr400_cleaned,BBZ_ideal,11,11
Orai1WT-MDSnap-Fr400_cleaned,BFF_ideal,11,11
Orai1WT-MDSnap-Fr400_cleaned,BH7_ideal,11,11
Orai1WT-MDSnap-Fr400_cleaned,BL5_ideal,11,11
Orai1WT-MDSnap-Fr400_cleaned,BLI_ideal,11,11
Orai1WT-MDSnap-Fr400_cleaned,BN2_ideal,11,11
Orai1WT-MDSnap-Fr400_cleaned,BN3_ideal,11,11
Orai1WT-MDSnap-Fr400_cleaned,BN4_ideal,11,11
Orai1WT-MDSnap-Fr400_cleaned,BN5_ideal,11,11
Orai1WT-MDSnap-Fr400_cleaned,BO9_ideal,11,11
Orai1WT-MDSnap-Fr400_cleaned,BR4_ideal,11,11
Orai1WT-MDSnap-Fr400_cleaned,BTX_ideal,11,11
Orai1WT-MDSnap-Fr400_cleaned,BUI_ideal,11,11
Orai1WT-MDSnap-Fr400_cleaned,BV1_ideal,11,11
Orai1WT-MDSnap-Fr400_cleaned,BV2_ideal,11,11
Orai1WT-MDSnap-Fr400_cleaned,C11_ideal,11,11
Orai1WT-MDSnap-Fr400_cleaned,C1D_ideal,11,11
Orai1WT-MDSnap-Fr400_cleaned,C1N_ideal,11,11
Orai1WT-MDSnap-Fr400_cleaned,C3S_ideal,11,11
Orai1WT-MDSnap-Fr400_cleaned,C41_ideal,11,11
Orai1WT-MDSnap-Fr400_cleaned,C87_ideal,11,11
Orai1WT-MDSnap-Fr400_cleaned,C8E_ideal,11,11
Orai1WT-MDSnap-Fr400_cleaned,C90_ideal,11,11
Orai1WT-MDSnap-Fr400_cleaned,CA3_ideal,11,11
Orai1WT-MDSnap-Fr400_cleaned,CA5_ideal,11,11
Orai1WT-MDSnap-Fr400_cleaned,CAA_ideal,11,11
Orai1WT-MDSnap-Fr400_cleaned,CAI_ideal,11,11
Orai1WT-MDSnap-Fr400_cleaned,CAO_ideal,11,11
Orai1WT-MDSnap-Fr400_cleaned,CBN_ideal,11,11
Orai1WT-MDSnap-Fr400_cleaned,CBO_ideal,11,11
Orai1WT-MDSnap-Fr400_cleaned,CC0_ideal,11,11
Orai1WT-MDSnap-Fr400_cleaned,CCQ_ideal,11,11
Orai1WT-MDSnap-Fr400_cleaned,CDA_ideal,11,11
Orai1WT-MDSnap-Fr400_cleaned,CDB_ideal,11,11
Orai1WT-MDSnap-Fr400_cleaned,CDD_ideal,11,11
Orai1WT-MDSnap-Fr400_cleaned,CDU_ideal,11,11
Orai1WT-MDSnap-Fr400_cleaned,CG2_ideal,11,11
Orai1WT-MDSnap-Fr400_cleaned,CLL_ideal,11,11
Orai1WT-MDSnap-Fr400_cleaned,CM1_ideal,11,11
Orai1WT-MDSnap-Fr400_cleaned,CM2_ideal,11,11
Orai1WT-MDSnap-Fr400_cleaned,CM5_ideal,11,11
Orai1WT-MDSnap-Fr400_cleaned,CNA_ideal,11,11
Orai1WT-MDSnap-Fr400_cleaned,CND_ideal,11,11
Orai1WT-MDSnap-Fr400_cleaned,CNS_ideal,11,11
Orai1WT-MDSnap-Fr400_cleaned,CO8_ideal,11,11
Orai1WT-MDSnap-Fr400_cleaned,COA_ideal,11,11
Orai1WT-MDSnap-Fr400_cleaned,COD_ideal,11,11
Orai1WT-MDSnap-Fr400_cleaned,COF_ideal,11,11
Orai1WT-MDSnap-Fr400_cleaned,COS_ideal,11,11
Orai1WT-MDSnap-Fr400_cleaned,COT_ideal,11,11
Orai1WT-MDSnap-Fr400_cleaned,CP0_ideal,11,11
Orai1WT-MDSnap-Fr400_cleaned,CP4_ideal,11,11
Orai1WT-MDSnap-Fr400_cleaned,CPJ_ideal,11,11
Orai1WT-MDSnap-Fr400_cleaned,CPQ_ideal,11,11
Orai1WT-MDSnap-Fr400_cleaned,CYU_ideal,11,11
Orai1WT-MDSnap-Fr400_cleaned,D9G_ideal,11,11
Orai1WT-MDSnap-Fr400_cleaned,DAK_ideal,11,11
Orai1WT-MDSnap-Fr400_cleaned,DB8_ideal,11,11
Orai1WT-MDSnap-Fr400_cleaned,DCA_ideal,11,11
Orai1WT-MDSnap-Fr400_cleaned,DCC_ideal,11,11
Orai1WT-MDSnap-Fr400_cleaned,DDF_ideal,11,11
Orai1WT-MDSnap-Fr400_cleaned,DEQ_ideal,11,11
Orai1WT-MDSnap-Fr400_cleaned,DGB_ideal,11,11
Orai1WT-MDSnap-Fr400_cleaned,DGG_ideal,11,11
Orai1WT-MDSnap-Fr400_cleaned,DHG_ideal,11,11
Orai1WT-MDSnap-Fr400_cleaned,DI4_ideal,11,11
Orai1WT-MDSnap-Fr400_cleaned,DID_ideal,11,11
Orai1WT-MDSnap-Fr400_cleaned,DKK_ideal,11,11
Orai1WT-MDSnap-Fr400_cleaned,DKT_ideal,11,11
Orai1WT-MDSnap-Fr400_cleaned,DMY_ideal,11,11
Orai1WT-MDSnap-Fr400_cleaned,DN0_ideal,11,11
Orai1WT-MDSnap-Fr400_cleaned,DND_ideal,11,11
Orai1WT-MDSnap-Fr400_cleaned,DOL_ideal,11,11
Orai1WT-MDSnap-Fr400_cleaned,DR6_ideal,11,11
Orai1WT-MDSnap-Fr400_cleaned,DR7_ideal,11,11
Orai1WT-MDSnap-Fr400_cleaned,DR9_ideal,11,11
Orai1WT-MDSnap-Fr400_cleaned,DRA_ideal,11,11
Orai1WT-MDSnap-Fr400_cleaned,ELA_ideal,11,11
Orai1WT-MDSnap-Fr400_cleaned,ELD_ideal,11,11
Orai1WT-MDSnap-Fr400_cleaned,EM1_ideal,11,11
Orai1WT-MDSnap-Fr400_cleaned,EMH_ideal,11,11
Orai1WT-MDSnap-Fr400_cleaned,ENA_ideal,11,11
Orai1WT-MDSnap-Fr400_cleaned,ENB_ideal,11,11
Orai1WT-MDSnap-Fr400_cleaned,ENP_ideal,11,11
Orai1WT-MDSnap-Fr400_cleaned,EP6_ideal,11,11
Orai1WT-MDSnap-Fr400_cleaned,EPA_ideal,11,11
Orai1WT-MDSnap-Fr400_cleaned,EPH_ideal,11,11
Orai1WT-MDSnap-Fr400_cleaned,F23_ideal,11,11
Orai1WT-MDSnap-Fr400_cleaned,F42_ideal,11,11
Orai1WT-MDSnap-Fr400_cleaned,F6M_ideal,11,11
Orai1WT-MDSnap-Fr400_cleaned,F6O_ideal,11,11
Orai1WT-MDSnap-Fr400_cleaned,F9R_ideal,11,11
Orai1WT-MDSnap-Fr400_cleaned,FAB_ideal,11,11
Orai1WT-MDSnap-Fr400_cleaned,FAD_ideal,11,11
Orai1WT-MDSnap-Fr400_cleaned,FAE_ideal,11,11
Orai1WT-MDSnap-Fr400_cleaned,FCX_ideal,11,11
Orai1WT-MDSnap-Fr400_cleaned,FE1_ideal,11,11
Orai1WT-MDSnap-Fr400_cleaned,FEP_ideal,11,11
Orai1WT-MDSnap-Fr400_cleaned,FI8_ideal,11,11
Orai1WT-MDSnap-Fr400_cleaned,FJ0_ideal,11,11
Orai1WT-MDSnap-Fr400_cleaned,FMM_ideal,11,11
Orai1WT-MDSnap-Fr400_cleaned,FR1_ideal,11,11
Orai1WT-MDSnap-Fr400_cleaned,FRB_ideal,11,11
Orai1WT-MDSnap-Fr400_cleaned,FRE_ideal,11,11
Orai1WT-MDSnap-Fr400_cleaned,FRH_ideal,11,11
Orai1WT-MDSnap-Fr400_cleaned,FRI_ideal,11,11
Orai1WT-MDSnap-Fr400_cleaned,FUG_ideal,11,11
Orai1WT-MDSnap-Fr400_cleaned,FXG_ideal,11,11
Orai1WT-MDSnap-Fr400_cleaned,G65_ideal,11,11
Orai1WT-MDSnap-Fr400_cleaned,GBM_ideal,11,11
Orai1WT-MDSnap-Fr400_cleaned,GCG_ideal,11,11
Orai1WT-MDSnap-Fr400_cleaned,GEL_ideal,11,11
Orai1WT-MDSnap-Fr400_cleaned,GL8_ideal,11,11
Orai1WT-MDSnap-Fr400_cleaned,GLE_ideal,11,11
Orai1WT-MDSnap-Fr400_cleaned,GNF_ideal,11,11
Orai1WT-MDSnap-Fr400_cleaned,GP3_ideal,11,11
Orai1WT-MDSnap-Fr400_cleaned,GTA_ideal,11,11
Orai1WT-MDSnap-Fr400_cleaned,GTG_ideal,11,11
Orai1WT-MDSnap-Fr400_cleaned,GTY_ideal,11,11
Orai1WT-MDSnap-Fr400_cleaned,GV0_ideal,11,11
Orai1WT-MDSnap-Fr400_cleaned,H4M_ideal,11,11
Orai1WT-MDSnap-Fr400_cleaned,HAL_ideal,11,11
Orai1WT-MDSnap-Fr400_cleaned,HAZ_ideal,11,11
Orai1WT-MDSnap-Fr400_cleaned,HDC_ideal,11,11
Orai1WT-MDSnap-Fr400_cleaned,HDS_ideal,11,11
Orai1WT-MDSnap-Fr400_cleaned,HDY_ideal,11,11
Orai1WT-MDSnap-Fr400_cleaned,HMG_ideal,11,11
Orai1WT-MDSnap-Fr400_cleaned,HOP_ideal,11,11
Orai1WT-MDSnap-Fr400_cleaned,HSF_ideal,11,11
Orai1WT-MDSnap-Fr400_cleaned,HXA_ideal,11,11
Orai1WT-MDSnap-Fr400_cleaned,HXC_ideal,11,11
Orai1WT-MDSnap-Fr400_cleaned,HYC_ideal,11,11
Orai1WT-MDSnap-Fr400_cleaned,I12_ideal,11,11
Orai1WT-MDSnap-Fr400_cleaned,I50_ideal,11,11
Orai1WT-MDSnap-Fr400_cleaned,I6H_ideal,11,11
Orai1WT-MDSnap-Fr400_cleaned,IBI_ideal,11,11
Orai1WT-MDSnap-Fr400_cleaned,IDB_ideal,11,11
Orai1WT-MDSnap-Fr400_cleaned,IH4_ideal,11,11
Orai1WT-MDSnap-Fr400_cleaned,IK7_ideal,11,11
Orai1WT-MDSnap-Fr400_cleaned,INA_ideal,11,11
Orai1WT-MDSnap-Fr400_cleaned,INB_ideal,11,11
Orai1WT-MDSnap-Fr400_cleaned,J12_ideal,11,11
Orai1WT-MDSnap-Fr400_cleaned,J15_ideal,11,11
Orai1WT-MDSnap-Fr400_cleaned,J78_ideal,11,11
Orai1WT-MDSnap-Fr400_cleaned,J80_ideal,11,11
Orai1WT-MDSnap-Fr400_cleaned,J8C_ideal,11,11
Orai1WT-MDSnap-Fr400_cleaned,JAS_ideal,11,11
Orai1WT-MDSnap-Fr400_cleaned,JE2_ideal,11,11
Orai1WT-MDSnap-Fr400_cleaned,JER_ideal,11,11
Orai1WT-MDSnap-Fr400_cleaned,JEU_ideal,11,11
Orai1WT-MDSnap-Fr400_cleaned,JHN_ideal,11,11
Orai1WT-MDSnap-Fr400_cleaned,JJH_ideal,11,11
Orai1WT-MDSnap-Fr400_cleaned,JNK_ideal,11,11
Orai1WT-MDSnap-Fr400_cleaned,JPR_ideal,11,11
Orai1WT-MDSnap-Fr400_cleaned,K3R_ideal,11,11
Orai1WT-MDSnap-Fr400_cleaned,K5O_ideal,11,11
Orai1WT-MDSnap-Fr400_cleaned,KAB_ideal,11,11
Orai1WT-MDSnap-Fr400_cleaned,KHF_ideal,11,11
Orai1WT-MDSnap-Fr400_cleaned,KLN_ideal,11,11
Orai1WT-MDSnap-Fr400_cleaned,KNT_ideal,11,11
Orai1WT-MDSnap-Fr400_cleaned,KOS_ideal,11,11
Orai1WT-MDSnap-Fr400_cleaned,KTY_ideal,11,11
Orai1WT-MDSnap-Fr400_cleaned,L17_ideal,11,11
Orai1WT-MDSnap-Fr400_cleaned,L1P_ideal,11,11
Orai1WT-MDSnap-Fr400_cleaned,L24_ideal,11,11
Orai1WT-MDSnap-Fr400_cleaned,L3P_ideal,11,11
Orai1WT-MDSnap-Fr400_cleaned,L41_ideal,11,11
Orai1WT-MDSnap-Fr400_cleaned,L75_ideal,11,11
Orai1WT-MDSnap-Fr400_cleaned,LDM_ideal,11,11
Orai1WT-MDSnap-Fr400_cleaned,LEH_ideal,11,11
Orai1WT-MDSnap-Fr400_cleaned,LHG_ideal,11,11
Orai1WT-MDSnap-Fr400_cleaned,LIL_ideal,11,11
Orai1WT-MDSnap-Fr400_cleaned,LIM_ideal,11,11
Orai1WT-MDSnap-Fr400_cleaned,LK2_ideal,11,11
Orai1WT-MDSnap-Fr400_cleaned,LK3_ideal,11,11
Orai1WT-MDSnap-Fr400_cleaned,LMU_ideal,11,11
Orai1WT-MDSnap-Fr400_cleaned,LPS_ideal,11,11
Orai1WT-MDSnap-Fr400_cleaned,LTD_ideal,11,11
Orai1WT-MDSnap-Fr400_cleaned,LTX_ideal,11,11
Orai1WT-MDSnap-Fr400_cleaned,LVO_ideal,11,11
Orai1WT-MDSnap-Fr400_cleaned,LYB_ideal,11,11
Orai1WT-MDSnap-Fr400_cleaned,MA4_ideal,11,11
Orai1WT-MDSnap-Fr400_cleaned,MAY_ideal,11,11
Orai1WT-MDSnap-Fr400_cleaned,MCA_ideal,11,11
Orai1WT-MDSnap-Fr400_cleaned,MCN_ideal,11,11
Orai1WT-MDSnap-Fr400_cleaned,MDE_ideal,11,11
Orai1WT-MDSnap-Fr400_cleaned,MGE_ideal,11,11
Orai1WT-MDSnap-Fr400_cleaned,MGM_ideal,11,11
Orai1WT-MDSnap-Fr400_cleaned,MIM_ideal,11,11
Orai1WT-MDSnap-Fr400_cleaned,MJV_ideal,11,11
Orai1WT-MDSnap-Fr400_cleaned,MK1_ideal,11,11
Orai1WT-MDSnap-Fr400_cleaned,MK6_ideal,11,11
Orai1WT-MDSnap-Fr400_cleaned,MLC_ideal,11,11
Orai1WT-MDSnap-Fr400_cleaned,MLD_ideal,11,11
Orai1WT-MDSnap-Fr400_cleaned,MMI_ideal,11,11
Orai1WT-MDSnap-Fr400_cleaned,MPG_ideal,11,11
Orai1WT-MDSnap-Fr400_cleaned,MPZ_ideal,11,11
Orai1WT-MDSnap-Fr400_cleaned,MQ7_ideal,11,11
Orai1WT-MDSnap-Fr400_cleaned,MRC_ideal,11,11
Orai1WT-MDSnap-Fr400_cleaned,MS1_ideal,11,11
Orai1WT-MDSnap-Fr400_cleaned,MS3_ideal,11,11
Orai1WT-MDSnap-Fr400_cleaned,MWV_ideal,11,11
Orai1WT-MDSnap-Fr400_cleaned,MXP_ideal,11,11
Orai1WT-MDSnap-Fr400_cleaned,MYP_ideal,11,11
Orai1WT-MDSnap-Fr400_cleaned,MYX_ideal,11,11
Orai1WT-MDSnap-Fr400_cleaned,N7R_ideal,11,11
Orai1WT-MDSnap-Fr400_cleaned,N8E_ideal,11,11
Orai1WT-MDSnap-Fr400_cleaned,NAD_ideal,11,11
Orai1WT-MDSnap-Fr400_cleaned,NAE_ideal,11,11
Orai1WT-MDSnap-Fr400_cleaned,NAI_ideal,11,11
Orai1WT-MDSnap-Fr400_cleaned,NAJ_ideal,11,11
Orai1WT-MDSnap-Fr400_cleaned,NAP_ideal,11,11
Orai1WT-MDSnap-Fr400_cleaned,NAQ_ideal,11,11
Orai1WT-MDSnap-Fr400_cleaned,NBC_ideal,11,11
Orai1WT-MDSnap-Fr400_cleaned,NBP_ideal,11,11
Orai1WT-MDSnap-Fr400_cleaned,NDA_ideal,11,11
Orai1WT-MDSnap-Fr400_cleaned,NDC_ideal,11,11
Orai1WT-MDSnap-Fr400_cleaned,NDP_ideal,11,11
Orai1WT-MDSnap-Fr400_cleaned,NE6_ideal,11,11
Orai1WT-MDSnap-Fr400_cleaned,NHM_ideal,11,11
Orai1WT-MDSnap-Fr400_cleaned,NHO_ideal,11,11
Orai1WT-MDSnap-Fr400_cleaned,NMX_ideal,11,11
Orai1WT-MDSnap-Fr400_cleaned,NOV_ideal,11,11
Orai1WT-MDSnap-Fr400_cleaned,NTU_ideal,11,11
Orai1WT-MDSnap-Fr400_cleaned,NXX_ideal,11,11
Orai1WT-MDSnap-Fr400_cleaned,NZQ_ideal,11,11
Orai1WT-MDSnap-Fr400_cleaned,O8N_ideal,11,11
Orai1WT-MDSnap-Fr400_cleaned,ODD_ideal,11,11
Orai1WT-MDSnap-Fr400_cleaned,ODT_ideal,11,11
Orai1WT-MDSnap-Fr400_cleaned,OFF_ideal,11,11
Orai1WT-MDSnap-Fr400_cleaned,OHH_ideal,11,11
Orai1WT-MDSnap-Fr400_cleaned,OHM_ideal,11,11
Orai1WT-MDSnap-Fr400_cleaned,OHN_ideal,11,11
Orai1WT-MDSnap-Fr400_cleaned,OKA_ideal,11,11
Orai1WT-MDSnap-Fr400_cleaned,P1L_ideal,11,11
Orai1WT-MDSnap-Fr400_cleaned,P30_ideal,11,11
Orai1WT-MDSnap-Fr400_cleaned,P40_ideal,11,11
Orai1WT-MDSnap-Fr400_cleaned,P48_ideal,11,11
Orai1WT-MDSnap-Fr400_cleaned,P5B_ideal,11,11
Orai1WT-MDSnap-Fr400_cleaned,P5S_ideal,11,11
Orai1WT-MDSnap-Fr400_cleaned,P89_ideal,11,11
Orai1WT-MDSnap-Fr400_cleaned,PAD_ideal,11,11
Orai1WT-MDSnap-Fr400_cleaned,PCM_ideal,11,11
Orai1WT-MDSnap-Fr400_cleaned,PD7_ideal,11,11
Orai1WT-MDSnap-Fr400_cleaned,PE5_ideal,11,11
Orai1WT-MDSnap-Fr400_cleaned,PE7_ideal,11,11
Orai1WT-MDSnap-Fr400_cleaned,PGM_ideal,11,11
Orai1WT-MDSnap-Fr400_cleaned,PIE_ideal,11,11
Orai1WT-MDSnap-Fr400_cleaned,PKF_ideal,11,11
Orai1WT-MDSnap-Fr400_cleaned,PL3_ideal,11,11
Orai1WT-MDSnap-Fr400_cleaned,PLM_ideal,11,11
Orai1WT-MDSnap-Fr400_cleaned,PM4_ideal,11,11
Orai1WT-MDSnap-Fr400_cleaned,PM5_ideal,11,11
Orai1WT-MDSnap-Fr400_cleaned,PNF_ideal,11,11
Orai1WT-MDSnap-Fr400_cleaned,PNT_ideal,11,11
Orai1WT-MDSnap-Fr400_cleaned,PPX_ideal,11,11
Orai1WT-MDSnap-Fr400_cleaned,PQN_ideal,11,11
Orai1WT-MDSnap-Fr400_cleaned,PRT_ideal,11,11
Orai1WT-MDSnap-Fr400_cleaned,PSI_ideal,11,11
Orai1WT-MDSnap-Fr400_cleaned,PTG_ideal,11,11
Orai1WT-MDSnap-Fr400_cleaned,PUA_ideal,11,11
Orai1WT-MDSnap-Fr400_cleaned,PVC_ideal,11,11
Orai1WT-MDSnap-Fr400_cleaned,Q8U_ideal,11,11
Orai1WT-MDSnap-Fr400_cleaned,QCM_ideal,11,11
Orai1WT-MDSnap-Fr400_cleaned,QDH_ideal,11,11
Orai1WT-MDSnap-Fr400_cleaned,QFC_ideal,11,11
Orai1WT-MDSnap-Fr400_cleaned,QO4_ideal,11,11
Orai1WT-MDSnap-Fr400_cleaned,R03_ideal,11,11
Orai1WT-MDSnap-Fr400_cleaned,R0Z_ideal,11,11
Orai1WT-MDSnap-Fr400_cleaned,R19_ideal,11,11
Orai1WT-MDSnap-Fr400_cleaned,R1H_ideal,11,11
Orai1WT-MDSnap-Fr400_cleaned,R1L_ideal,11,11
Orai1WT-MDSnap-Fr400_cleaned,R64_ideal,11,11
Orai1WT-MDSnap-Fr400_cleaned,R71_ideal,11,11
Orai1WT-MDSnap-Fr400_cleaned,R78_ideal,11,11
Orai1WT-MDSnap-Fr400_cleaned,R79_ideal,11,11
Orai1WT-MDSnap-Fr400_cleaned,RA4_ideal,11,11
Orai1WT-MDSnap-Fr400_cleaned,RA8_ideal,11,11
Orai1WT-MDSnap-Fr400_cleaned,RAP_ideal,11,11
Orai1WT-MDSnap-Fr400_cleaned,RCL_ideal,11,11
Orai1WT-MDSnap-Fr400_cleaned,RD8_ideal,11,11
Orai1WT-MDSnap-Fr400_cleaned,RFL_ideal,11,11
Orai1WT-MDSnap-Fr400_cleaned,RGA_ideal,11,11
Orai1WT-MDSnap-Fr400_cleaned,RGC_ideal,11,11
Orai1WT-MDSnap-Fr400_cleaned,RIT_ideal,11,11
Orai1WT-MDSnap-Fr400_cleaned,ROC_ideal,11,11
Orai1WT-MDSnap-Fr400_cleaned,RRX_ideal,11,11
Orai1WT-MDSnap-Fr400_cleaned,RX5_ideal,11,11
Orai1WT-MDSnap-Fr400_cleaned,RXD_ideal,11,11
Orai1WT-MDSnap-Fr400_cleaned,RYO_ideal,11,11
Orai1WT-MDSnap-Fr400_cleaned,RYW_ideal,11,11
Orai1WT-MDSnap-Fr400_cleaned,S1H_ideal,11,11
Orai1WT-MDSnap-Fr400_cleaned,S4R_ideal,11,11
Orai1WT-MDSnap-Fr400_cleaned,SAE_ideal,11,11
Orai1WT-MDSnap-Fr400_cleaned,SCA_ideal,11,11
Orai1WT-MDSnap-Fr400_cleaned,SCO_ideal,11,11
Orai1WT-MDSnap-Fr400_cleaned,SDZ_ideal,11,11
Orai1WT-MDSnap-Fr400_cleaned,SEI_ideal,11,11
Orai1WT-MDSnap-Fr400_cleaned,SFA_ideal,11,11
Orai1WT-MDSnap-Fr400_cleaned,SNA_ideal,11,11
Orai1WT-MDSnap-Fr400_cleaned,SND_ideal,11,11
Orai1WT-MDSnap-Fr400_cleaned,SPF_ideal,11,11
Orai1WT-MDSnap-Fr400_cleaned,SPR_ideal,11,11
Orai1WT-MDSnap-Fr400_cleaned,SPX_ideal,11,11
Orai1WT-MDSnap-Fr400_cleaned,SQL_ideal,11,11
Orai1WT-MDSnap-Fr400_cleaned,SQS_ideal,11,11
Orai1WT-MDSnap-Fr400_cleaned,SS4_ideal,11,11
Orai1WT-MDSnap-Fr400_cleaned,STE_ideal,11,11
Orai1WT-MDSnap-Fr400_cleaned,STI_ideal,11,11
Orai1WT-MDSnap-Fr400_cleaned,SUD_ideal,11,11
Orai1WT-MDSnap-Fr400_cleaned,SXH_ideal,11,11
Orai1WT-MDSnap-Fr400_cleaned,SXO_ideal,11,11
Orai1WT-MDSnap-Fr400_cleaned,T3X_ideal,11,11
Orai1WT-MDSnap-Fr400_cleaned,T4T_ideal,11,11
Orai1WT-MDSnap-Fr400_cleaned,T57_ideal,11,11
Orai1WT-MDSnap-Fr400_cleaned,T5A_ideal,11,11
Orai1WT-MDSnap-Fr400_cleaned,T87_ideal,11,11
Orai1WT-MDSnap-Fr400_cleaned,TAP_ideal,11,11
Orai1WT-MDSnap-Fr400_cleaned,TCH_ideal,11,11
Orai1WT-MDSnap-Fr400_cleaned,TD2_ideal,11,11
Orai1WT-MDSnap-Fr400_cleaned,TDT_ideal,11,11
Orai1WT-MDSnap-Fr400_cleaned,TEL_ideal,11,11
Orai1WT-MDSnap-Fr400_cleaned,TF3_ideal,11,11
Orai1WT-MDSnap-Fr400_cleaned,THT_ideal,11,11
Orai1WT-MDSnap-Fr400_cleaned,TR1_ideal,11,11
Orai1WT-MDSnap-Fr400_cleaned,TS4_ideal,11,11
Orai1WT-MDSnap-Fr400_cleaned,TS5_ideal,11,11
Orai1WT-MDSnap-Fr400_cleaned,TUD_ideal,11,11
Orai1WT-MDSnap-Fr400_cleaned,TUI_ideal,11,11
Orai1WT-MDSnap-Fr400_cleaned,TUX_ideal,11,11
Orai1WT-MDSnap-Fr400_cleaned,TYK_ideal,11,11
Orai1WT-MDSnap-Fr400_cleaned,TZ4_ideal,11,11
Orai1WT-MDSnap-Fr400_cleaned,TZ5_ideal,11,11
Orai1WT-MDSnap-Fr400_cleaned,U04_ideal,11,11
Orai1WT-MDSnap-Fr400_cleaned,UAG_ideal,11,11
Orai1WT-MDSnap-Fr400_cleaned,UDH_ideal,11,11
Orai1WT-MDSnap-Fr400_cleaned,UK4_ideal,11,11
Orai1WT-MDSnap-Fr400_cleaned,UKA_ideal,11,11
Orai1WT-MDSnap-Fr400_cleaned,ULA_ideal,11,11
Orai1WT-MDSnap-Fr400_cleaned,UMA_ideal,11,11
Orai1WT-MDSnap-Fr400_cleaned,UMG_ideal,11,11
Orai1WT-MDSnap-Fr400_cleaned,UMQ_ideal,11,11
Orai1WT-MDSnap-Fr400_cleaned,UP5_ideal,11,11
Orai1WT-MDSnap-Fr400_cleaned,UR2_ideal,11,11
Orai1WT-MDSnap-Fr400_cleaned,V6G_ideal,11,11
Orai1WT-MDSnap-Fr400_cleaned,VCA_ideal,11,11
Orai1WT-MDSnap-Fr400_cleaned,VIV_ideal,11,11
Orai1WT-MDSnap-Fr400_cleaned,VS2_ideal,11,11
Orai1WT-MDSnap-Fr400_cleaned,VTQ_ideal,11,11
Orai1WT-MDSnap-Fr400_cleaned,VXI_ideal,11,11
Orai1WT-MDSnap-Fr400_cleaned,W35_ideal,11,11
Orai1WT-MDSnap-Fr400_cleaned,W42_ideal,11,11
Orai1WT-MDSnap-Fr400_cleaned,W43_ideal,11,11
Orai1WT-MDSnap-Fr400_cleaned,W56_ideal,11,11
Orai1WT-MDSnap-Fr400_cleaned,W59_ideal,11,11
Orai1WT-MDSnap-Fr400_cleaned,W71_ideal,11,11
Orai1WT-MDSnap-Fr400_cleaned,W8R_ideal,11,11
Orai1WT-MDSnap-Fr400_cleaned,WVN_ideal,11,11
Orai1WT-MDSnap-Fr400_cleaned,X2N_ideal,11,11
Orai1WT-MDSnap-Fr400_cleaned,X4U_ideal,11,11
Orai1WT-MDSnap-Fr400_cleaned,XAT_ideal,11,11
Orai1WT-MDSnap-Fr400_cleaned,XB7_ideal,11,11
Orai1WT-MDSnap-Fr400_cleaned,XIN_ideal,11,11
Orai1WT-MDSnap-Fr400_cleaned,XMJ_ideal,11,11
Orai1WT-MDSnap-Fr400_cleaned,XNH_ideal,11,11
Orai1WT-MDSnap-Fr400_cleaned,XR1_ideal,11,11
Orai1WT-MDSnap-Fr400_cleaned,Y9J_ideal,11,11
Orai1WT-MDSnap-Fr400_cleaned,YG7_ideal,11,11
Orai1WT-MDSnap-Fr400_cleaned,YHR_ideal,11,11
Orai1WT-MDSnap-Fr400_cleaned,YKQ_ideal,11,11
Orai1WT-MDSnap-Fr400_cleaned,Z6V_ideal,11,11
Orai1WT-MDSnap-Fr400_cleaned,ZIY_ideal,11,11
Orai1WT-MDSnap-Fr499_cleaned,05J_ideal,11,11
Orai1WT-MDSnap-Fr499_cleaned,07J_ideal,11,11
Orai1WT-MDSnap-Fr499_cleaned,0LI_ideal,11,11
Orai1WT-MDSnap-Fr499_cleaned,11U_ideal,11,11
Orai1WT-MDSnap-Fr499_cleaned,128_ideal,11,11
Orai1WT-MDSnap-Fr499_cleaned,140_ideal,11,11
Orai1WT-MDSnap-Fr499_cleaned,146_ideal,11,11
Orai1WT-MDSnap-Fr499_cleaned,169_ideal,11,11
Orai1WT-MDSnap-Fr499_cleaned,17F_ideal,11,11
Orai1WT-MDSnap-Fr499_cleaned,1JY_ideal,11,11
Orai1WT-MDSnap-Fr499_cleaned,1L3_ideal,11,11
Orai1WT-MDSnap-Fr499_cleaned,1N1_ideal,11,11
Orai1WT-MDSnap-Fr499_cleaned,1VU_ideal,11,11
Orai1WT-MDSnap-Fr499_cleaned,21V_ideal,11,11
Orai1WT-MDSnap-Fr499_cleaned,243_ideal,11,11
Orai1WT-MDSnap-Fr499_cleaned,276_ideal,11,11
Orai1WT-MDSnap-Fr499_cleaned,27U_ideal,11,11
Orai1WT-MDSnap-Fr499_cleaned,2CA_ideal,11,11
Orai1WT-MDSnap-Fr499_cleaned,2CP_ideal,11,11
Orai1WT-MDSnap-Fr499_cleaned,2ED_ideal,11,11
Orai1WT-MDSnap-Fr499_cleaned,2I4_ideal,11,11
Orai1WT-MDSnap-Fr499_cleaned,2MC_ideal,11,11
Orai1WT-MDSnap-Fr499_cleaned,2RD_ideal,11,11
Orai1WT-MDSnap-Fr499_cleaned,2S8_ideal,11,11
Orai1WT-MDSnap-Fr499_cleaned,2TA_ideal,11,11
Orai1WT-MDSnap-Fr499_cleaned,2YB_ideal,11,11
Orai1WT-MDSnap-Fr499_cleaned,30B_ideal,11,11
Orai1WT-MDSnap-Fr499_cleaned,32U_ideal,11,11
Orai1WT-MDSnap-Fr499_cleaned,347_ideal,11,11
Orai1WT-MDSnap-Fr499_cleaned,34W_ideal,11,11
Orai1WT-MDSnap-Fr499_cleaned,385_ideal,11,11
Orai1WT-MDSnap-Fr499_cleaned,38P_ideal,11,11
Orai1WT-MDSnap-Fr499_cleaned,3B9_ideal,11,11
Orai1WT-MDSnap-Fr499_cleaned,3CB_ideal,11,11
Orai1WT-MDSnap-Fr499_cleaned,3H4_ideal,11,11
Orai1WT-MDSnap-Fr499_cleaned,3HC_ideal,11,11
Orai1WT-MDSnap-Fr499_cleaned,3IN_ideal,11,11
Orai1WT-MDSnap-Fr499_cleaned,3N6_ideal,11,11
Orai1WT-MDSnap-Fr499_cleaned,3ZC_ideal,11,11
Orai1WT-MDSnap-Fr499_cleaned,442_ideal,11,11
Orai1WT-MDSnap-Fr499_cleaned,46U_ideal,11,11
Orai1WT-MDSnap-Fr499_cleaned,4CA_ideal,11,11
Orai1WT-MDSnap-Fr499_cleaned,4CC_ideal,11,11
Orai1WT-MDSnap-Fr499_cleaned,4CO_ideal,11,11
Orai1WT-MDSnap-Fr499_cleaned,4EA_ideal,11,11
Orai1WT-MDSnap-Fr499_cleaned,4HD_ideal,11,11
Orai1WT-MDSnap-Fr499_cleaned,4IF_ideal,11,11
Orai1WT-MDSnap-Fr499_cleaned,4UH_ideal,11,11
Orai1WT-MDSnap-Fr499_cleaned,50U_ideal,11,11
Orai1WT-MDSnap-Fr499_cleaned,54J_ideal,11,11
Orai1WT-MDSnap-Fr499_cleaned,570_ideal,11,11
Orai1WT-MDSnap-Fr499_cleaned,587_ideal,11,11
Orai1WT-MDSnap-Fr499_cleaned,59U_ideal,11,11
Orai1WT-MDSnap-Fr499_cleaned,5CB_ideal,11,11
Orai1WT-MDSnap-Fr499_cleaned,5D5_ideal,11,11
Orai1WT-MDSnap-Fr499_cleaned,5FA_ideal,11,11
Orai1WT-MDSnap-Fr499_cleaned,5MV_ideal,11,11
Orai1WT-MDSnap-Fr499_cleaned,5PI_ideal,11,11
Orai1WT-MDSnap-Fr499_cleaned,5X6_ideal,11,11
Orai1WT-MDSnap-Fr499_cleaned,5YM_ideal,11,11
Orai1WT-MDSnap-Fr499_cleaned,626_ideal,11,11
Orai1WT-MDSnap-Fr499_cleaned,63J_ideal,11,11
Orai1WT-MDSnap-Fr499_cleaned,63K_ideal,11,11
Orai1WT-MDSnap-Fr499_cleaned,65C_ideal,11,11
Orai1WT-MDSnap-Fr499_cleaned,66T_ideal,11,11
Orai1WT-MDSnap-Fr499_cleaned,6E2_ideal,11,11
Orai1WT-MDSnap-Fr499_cleaned,6EJ_ideal,11,11
Orai1WT-MDSnap-Fr499_cleaned,6FA_ideal,11,11
Orai1WT-MDSnap-Fr499_cleaned,6GY_ideal,11,11
Orai1WT-MDSnap-Fr499_cleaned,6K9_ideal,11,11
Orai1WT-MDSnap-Fr499_cleaned,6SA_ideal,11,11
Orai1WT-MDSnap-Fr499_cleaned,6ZV_ideal,11,11
Orai1WT-MDSnap-Fr499_cleaned,710_ideal,11,11
Orai1WT-MDSnap-Fr499_cleaned,711_ideal,11,11
Orai1WT-MDSnap-Fr499_cleaned,740_ideal,11,11
Orai1WT-MDSnap-Fr499_cleaned,742_ideal,11,11
Orai1WT-MDSnap-Fr499_cleaned,74T_ideal,11,11
Orai1WT-MDSnap-Fr499_cleaned,7AK_ideal,11,11
Orai1WT-MDSnap-Fr499_cleaned,7I4_ideal,11,11
Orai1WT-MDSnap-Fr499_cleaned,7IX_ideal,11,11
Orai1WT-MDSnap-Fr499_cleaned,7RU_ideal,11,11
Orai1WT-MDSnap-Fr499_cleaned,7T1_ideal,11,11
Orai1WT-MDSnap-Fr499_cleaned,7TB_ideal,11,11
Orai1WT-MDSnap-Fr499_cleaned,7X1_ideal,11,11
Orai1WT-MDSnap-Fr499_cleaned,7Y5_ideal,11,11
Orai1WT-MDSnap-Fr499_cleaned,80I_ideal,11,11
Orai1WT-MDSnap-Fr499_cleaned,8I2_ideal,11,11
Orai1WT-MDSnap-Fr499_cleaned,8JC_ideal,11,11
Orai1WT-MDSnap-Fr499_cleaned,8PP_ideal,11,11
Orai1WT-MDSnap-Fr499_cleaned,8QW_ideal,11,11
Orai1WT-MDSnap-Fr499_cleaned,8RC_ideal,11,11
Orai1WT-MDSnap-Fr499_cleaned,8VP_ideal,11,11
Orai1WT-MDSnap-Fr499_cleaned,8X7_ideal,11,11
Orai1WT-MDSnap-Fr499_cleaned,8XJ_ideal,11,11
Orai1WT-MDSnap-Fr499_cleaned,919_ideal,11,11
Orai1WT-MDSnap-Fr499_cleaned,964_ideal,11,11
Orai1WT-MDSnap-Fr499_cleaned,96Q_ideal,11,11
Orai1WT-MDSnap-Fr499_cleaned,9AJ_ideal,11,11
Orai1WT-MDSnap-Fr499_cleaned,9B0_ideal,11,11
Orai1WT-MDSnap-Fr499_cleaned,9HO_ideal,11,11
Orai1WT-MDSnap-Fr499_cleaned,9IN_ideal,11,11
Orai1WT-MDSnap-Fr499_cleaned,9N6_ideal,11,11
Orai1WT-MDSnap-Fr499_cleaned,9SC_ideal,11,11
Orai1WT-MDSnap-Fr499_cleaned,9TP_ideal,11,11
Orai1WT-MDSnap-Fr499_cleaned,A1AAC_ideal,11,11
Orai1WT-MDSnap-Fr499_cleaned,A1AF4_ideal,11,11
Orai1WT-MDSnap-Fr499_cleaned,A1APA_ideal,11,11
Orai1WT-MDSnap-Fr499_cleaned,A1AZ7_ideal,11,11
Orai1WT-MDSnap-Fr499_cleaned,A1BLM_ideal,11,11
Orai1WT-MDSnap-Fr499_cleaned,A1BPC_ideal,11,11
Orai1WT-MDSnap-Fr499_cleaned,A1CB7_ideal,11,11
Orai1WT-MDSnap-Fr499_cleaned,A1CEA_ideal,11,11
Orai1WT-MDSnap-Fr499_cleaned,A1D8M_ideal,11,11
Orai1WT-MDSnap-Fr499_cleaned,A1D8Y_ideal,11,11
Orai1WT-MDSnap-Fr499_cleaned,A1E_ideal,11,11
Orai1WT-MDSnap-Fr499_cleaned,A1H3T_ideal,11,11
Orai1WT-MDSnap-Fr499_cleaned,A1JMR_ideal,11,11
Orai1WT-MDSnap-Fr499_cleaned,A1JS8_ideal,11,11
Orai1WT-MDSnap-Fr499_cleaned,A1JSO_ideal,11,11
Orai1WT-MDSnap-Fr499_cleaned,A1JTY_ideal,11,11
Orai1WT-MDSnap-Fr499_cleaned,A1L66_ideal,11,11
Orai1WT-MDSnap-Fr499_cleaned,A1LXP_ideal,11,11
Orai1WT-MDSnap-Fr499_cleaned,A1LY1_ideal,11,11
Orai1WT-MDSnap-Fr499_cleaned,A2E_ideal,11,11
Orai1WT-MDSnap-Fr499_cleaned,A3D_ideal,11,11
Orai1WT-MDSnap-Fr499_cleaned,A4I_ideal,11,11
Orai1WT-MDSnap-Fr499_cleaned,A4P_ideal,11,11
Orai1WT-MDSnap-Fr499_cleaned,A6L_ideal,11,11
Orai1WT-MDSnap-Fr499_cleaned,A86_ideal,11,11
Orai1WT-MDSnap-Fr499_cleaned,A8B_ideal,11,11
Orai1WT-MDSnap-Fr499_cleaned,AA2_ideal,11,11
Orai1WT-MDSnap-Fr499_cleaned,AAF_ideal,11,11
Orai1WT-MDSnap-Fr499_cleaned,AAO_ideal,11,11
Orai1WT-MDSnap-Fr499_cleaned,ABC_ideal,11,11
Orai1WT-MDSnap-Fr499_cleaned,ACG_ideal,11,11
Orai1WT-MDSnap-Fr499_cleaned,ACQ_ideal,11,11
Orai1WT-MDSnap-Fr499_cleaned,ADV_ideal,11,11
Orai1WT-MDSnap-Fr499_cleaned,AGA_ideal,11,11
Orai1WT-MDSnap-Fr499_cleaned,AH4_ideal,11,11
Orai1WT-MDSnap-Fr499_cleaned,AHZ_ideal,11,11
Orai1WT-MDSnap-Fr499_cleaned,AIK_ideal,11,11
Orai1WT-MDSnap-Fr499_cleaned,AK1_ideal,11,11
Orai1WT-MDSnap-Fr499_cleaned,AK2_ideal,11,11
Orai1WT-MDSnap-Fr499_cleaned,AK3_ideal,11,11
Orai1WT-MDSnap-Fr499_cleaned,AKA_ideal,11,11
Orai1WT-MDSnap-Fr499_cleaned,AOE_ideal,11,11
Orai1WT-MDSnap-Fr499_cleaned,AP5_ideal,11,11
Orai1WT-MDSnap-Fr499_cleaned,AP8_ideal,11,11
Orai1WT-MDSnap-Fr499_cleaned,APX_ideal,11,11
Orai1WT-MDSnap-Fr499_cleaned,ARC_ideal,11,11
Orai1WT-MDSnap-Fr499_cleaned,ARE_ideal,11,11
Orai1WT-MDSnap-Fr499_cleaned,ARR_ideal,11,11
Orai1WT-MDSnap-Fr499_cleaned,AUR_ideal,11,11
Orai1WT-MDSnap-Fr499_cleaned,B18_ideal,11,11
Orai1WT-MDSnap-Fr499_cleaned,B1M_ideal,11,11
Orai1WT-MDSnap-Fr499_cleaned,B32_ideal,11,11
Orai1WT-MDSnap-Fr499_cleaned,B3N_ideal,11,11
Orai1WT-MDSnap-Fr499_cleaned,B8L_ideal,11,11
Orai1WT-MDSnap-Fr499_cleaned,B96_ideal,11,11
Orai1WT-MDSnap-Fr499_cleaned,BA3_ideal,11,11
Orai1WT-MDSnap-Fr499_cleaned,BBZ_ideal,11,11
Orai1WT-MDSnap-Fr499_cleaned,BFF_ideal,11,11
Orai1WT-MDSnap-Fr499_cleaned,BH7_ideal,11,11
Orai1WT-MDSnap-Fr499_cleaned,BL5_ideal,11,11
Orai1WT-MDSnap-Fr499_cleaned,BLI_ideal,11,11
Orai1WT-MDSnap-Fr499_cleaned,BLM_ideal,11,11
Orai1WT-MDSnap-Fr499_cleaned,BN2_ideal,11,11
Orai1WT-MDSnap-Fr499_cleaned,BN3_ideal,11,11
Orai1WT-MDSnap-Fr499_cleaned,BN4_ideal,11,11
Orai1WT-MDSnap-Fr499_cleaned,BN5_ideal,11,11
Orai1WT-MDSnap-Fr499_cleaned,BO9_ideal,11,11
Orai1WT-MDSnap-Fr499_cleaned,BR4_ideal,11,11
Orai1WT-MDSnap-Fr499_cleaned,BTX_ideal,11,11
Orai1WT-MDSnap-Fr499_cleaned,BUI_ideal,11,11
Orai1WT-MDSnap-Fr499_cleaned,BV1_ideal,11,11
Orai1WT-MDSnap-Fr499_cleaned,BV2_ideal,11,11
Orai1WT-MDSnap-Fr499_cleaned,BV4_ideal,11,11
Orai1WT-MDSnap-Fr499_cleaned,C11_ideal,11,11
Orai1WT-MDSnap-Fr499_cleaned,C1D_ideal,11,11
Orai1WT-MDSnap-Fr499_cleaned,C1N_ideal,11,11
Orai1WT-MDSnap-Fr499_cleaned,C3S_ideal,11,11
Orai1WT-MDSnap-Fr499_cleaned,C41_ideal,11,11
Orai1WT-MDSnap-Fr499_cleaned,C87_ideal,11,11
Orai1WT-MDSnap-Fr499_cleaned,C8E_ideal,11,11
Orai1WT-MDSnap-Fr499_cleaned,C90_ideal,11,11
Orai1WT-MDSnap-Fr499_cleaned,CA3_ideal,11,11
Orai1WT-MDSnap-Fr499_cleaned,CA5_ideal,11,11
Orai1WT-MDSnap-Fr499_cleaned,CAA_ideal,11,11
Orai1WT-MDSnap-Fr499_cleaned,CAI_ideal,11,11
Orai1WT-MDSnap-Fr499_cleaned,CAO_ideal,11,11
Orai1WT-MDSnap-Fr499_cleaned,CBN_ideal,11,11
Orai1WT-MDSnap-Fr499_cleaned,CBO_ideal,11,11
Orai1WT-MDSnap-Fr499_cleaned,CC0_ideal,11,11
Orai1WT-MDSnap-Fr499_cleaned,CCQ_ideal,11,11
Orai1WT-MDSnap-Fr499_cleaned,CDA_ideal,11,11
Orai1WT-MDSnap-Fr499_cleaned,CDB_ideal,11,11
Orai1WT-MDSnap-Fr499_cleaned,CDD_ideal,11,11
Orai1WT-MDSnap-Fr499_cleaned,CDU_ideal,11,11
Orai1WT-MDSnap-Fr499_cleaned,CG2_ideal,11,11
Orai1WT-MDSnap-Fr499_cleaned,CLL_ideal,11,11
Orai1WT-MDSnap-Fr499_cleaned,CM1_ideal,11,11
Orai1WT-MDSnap-Fr499_cleaned,CM2_ideal,11,11
Orai1WT-MDSnap-Fr499_cleaned,CM5_ideal,11,11
Orai1WT-MDSnap-Fr499_cleaned,CNA_ideal,11,11
Orai1WT-MDSnap-Fr499_cleaned,CND_ideal,11,11
Orai1WT-MDSnap-Fr499_cleaned,CNS_ideal,11,11
Orai1WT-MDSnap-Fr499_cleaned,CO8_ideal,11,11
Orai1WT-MDSnap-Fr499_cleaned,COA_ideal,11,11
Orai1WT-MDSnap-Fr499_cleaned,COD_ideal,11,11
Orai1WT-MDSnap-Fr499_cleaned,COF_ideal,11,11
Orai1WT-MDSnap-Fr499_cleaned,COS_ideal,11,11
Orai1WT-MDSnap-Fr499_cleaned,COT_ideal,11,11
Orai1WT-MDSnap-Fr499_cleaned,CP0_ideal,11,11
Orai1WT-MDSnap-Fr499_cleaned,CP4_ideal,11,11
Orai1WT-MDSnap-Fr499_cleaned,CPJ_ideal,11,11
Orai1WT-MDSnap-Fr499_cleaned,CPQ_ideal,11,11
Orai1WT-MDSnap-Fr499_cleaned,CYU_ideal,11,11
Orai1WT-MDSnap-Fr499_cleaned,D9G_ideal,11,11
Orai1WT-MDSnap-Fr499_cleaned,DAK_ideal,11,11
Orai1WT-MDSnap-Fr499_cleaned,DB8_ideal,11,11
Orai1WT-MDSnap-Fr499_cleaned,DCA_ideal,11,11
Orai1WT-MDSnap-Fr499_cleaned,DCC_ideal,11,11
Orai1WT-MDSnap-Fr499_cleaned,DDF_ideal,11,11
Orai1WT-MDSnap-Fr499_cleaned,DEO_ideal,11,11
Orai1WT-MDSnap-Fr499_cleaned,DEQ_ideal,11,11
Orai1WT-MDSnap-Fr499_cleaned,DGB_ideal,11,11
Orai1WT-MDSnap-Fr499_cleaned,DGD_ideal,11,11
Orai1WT-MDSnap-Fr499_cleaned,DGG_ideal,11,11
Orai1WT-MDSnap-Fr499_cleaned,DHG_ideal,11,11
Orai1WT-MDSnap-Fr499_cleaned,DI4_ideal,11,11
Orai1WT-MDSnap-Fr499_cleaned,DID_ideal,11,11
Orai1WT-MDSnap-Fr499_cleaned,DKK_ideal,11,11
Orai1WT-MDSnap-Fr499_cleaned,DKT_ideal,11,11
Orai1WT-MDSnap-Fr499_cleaned,DMY_ideal,11,11
Orai1WT-MDSnap-Fr499_cleaned,DN0_ideal,11,11
Orai1WT-MDSnap-Fr499_cleaned,DND_ideal,11,11
Orai1WT-MDSnap-Fr499_cleaned,DOL_ideal,11,11
Orai1WT-MDSnap-Fr499_cleaned,DR7_ideal,11,11
Orai1WT-MDSnap-Fr499_cleaned,DR9_ideal,11,11
Orai1WT-MDSnap-Fr499_cleaned,DRA_ideal,11,11
Orai1WT-MDSnap-Fr499_cleaned,E55_ideal,11,11
Orai1WT-MDSnap-Fr499_cleaned,ED9_ideal,11,11
Orai1WT-MDSnap-Fr499_cleaned,EG3_ideal,11,11
Orai1WT-MDSnap-Fr499_cleaned,EHA_ideal,11,11
Orai1WT-MDSnap-Fr499_cleaned,ELA_ideal,11,11
Orai1WT-MDSnap-Fr499_cleaned,ELD_ideal,11,11
Orai1WT-MDSnap-Fr499_cleaned,EM1_ideal,11,11
Orai1WT-MDSnap-Fr499_cleaned,EMH_ideal,11,11
Orai1WT-MDSnap-Fr499_cleaned,ENA_ideal,11,11
Orai1WT-MDSnap-Fr499_cleaned,ENB_ideal,11,11
Orai1WT-MDSnap-Fr499_cleaned,ENP_ideal,11,11
Orai1WT-MDSnap-Fr499_cleaned,EP6_ideal,11,11
Orai1WT-MDSnap-Fr499_cleaned,EPA_ideal,11,11
Orai1WT-MDSnap-Fr499_cleaned,EPH_ideal,11,11
Orai1WT-MDSnap-Fr499_cleaned,F23_ideal,11,11
Orai1WT-MDSnap-Fr499_cleaned,F42_ideal,11,11
Orai1WT-MDSnap-Fr499_cleaned,F6M_ideal,11,11
Orai1WT-MDSnap-Fr499_cleaned,F6O_ideal,11,11
Orai1WT-MDSnap-Fr499_cleaned,F9R_ideal,11,11
Orai1WT-MDSnap-Fr499_cleaned,FAB_ideal,11,11
Orai1WT-MDSnap-Fr499_cleaned,FAD_ideal,11,11
Orai1WT-MDSnap-Fr499_cleaned,FAE_ideal,11,11
Orai1WT-MDSnap-Fr499_cleaned,FCX_ideal,11,11
Orai1WT-MDSnap-Fr499_cleaned,FE1_ideal,11,11
Orai1WT-MDSnap-Fr499_cleaned,FEP_ideal,11,11
Orai1WT-MDSnap-Fr499_cleaned,FI8_ideal,11,11
Orai1WT-MDSnap-Fr499_cleaned,FJ0_ideal,11,11
Orai1WT-MDSnap-Fr499_cleaned,FR1_ideal,11,11
Orai1WT-MDSnap-Fr499_cleaned,FRB_ideal,11,11
Orai1WT-MDSnap-Fr499_cleaned,FRE_ideal,11,11
Orai1WT-MDSnap-Fr499_cleaned,FRH_ideal,11,11
Orai1WT-MDSnap-Fr499_cleaned,FRI_ideal,11,11
Orai1WT-MDSnap-Fr499_cleaned,FUG_ideal,11,11
Orai1WT-MDSnap-Fr499_cleaned,FXG_ideal,11,11
Orai1WT-MDSnap-Fr499_cleaned,G65_ideal,11,11
Orai1WT-MDSnap-Fr499_cleaned,GAH_ideal,11,11
Orai1WT-MDSnap-Fr499_cleaned,GCG_ideal,11,11
Orai1WT-MDSnap-Fr499_cleaned,GEL_ideal,11,11
Orai1WT-MDSnap-Fr499_cleaned,GL8_ideal,11,11
Orai1WT-MDSnap-Fr499_cleaned,GLE_ideal,11,11
Orai1WT-MDSnap-Fr499_cleaned,GNF_ideal,11,11
Orai1WT-MDSnap-Fr499_cleaned,GP3_ideal,11,11
Orai1WT-MDSnap-Fr499_cleaned,GTA_ideal,11,11
Orai1WT-MDSnap-Fr499_cleaned,GTG_ideal,11,11
Orai1WT-MDSnap-Fr499_cleaned,GTY_ideal,11,11
Orai1WT-MDSnap-Fr499_cleaned,H4M_ideal,11,11
Orai1WT-MDSnap-Fr499_cleaned,HAL_ideal,11,11
Orai1WT-MDSnap-Fr499_cleaned,HAZ_ideal,11,11
Orai1WT-MDSnap-Fr499_cleaned,HDC_ideal,11,11
Orai1WT-MDSnap-Fr499_cleaned,HDS_ideal,11,11
Orai1WT-MDSnap-Fr499_cleaned,HDY_ideal,11,11
Orai1WT-MDSnap-Fr499_cleaned,HMG_ideal,11,11
Orai1WT-MDSnap-Fr499_cleaned,HOP_ideal,11,11
Orai1WT-MDSnap-Fr499_cleaned,HSF_ideal,11,11
Orai1WT-MDSnap-Fr499_cleaned,HXA_ideal,11,11
Orai1WT-MDSnap-Fr499_cleaned,HXC_ideal,11,11
Orai1WT-MDSnap-Fr499_cleaned,HYC_ideal,11,11
Orai1WT-MDSnap-Fr499_cleaned,I12_ideal,11,11
Orai1WT-MDSnap-Fr499_cleaned,I50_ideal,11,11
Orai1WT-MDSnap-Fr499_cleaned,I6H_ideal,11,11
Orai1WT-MDSnap-Fr499_cleaned,IBI_ideal,11,11
Orai1WT-MDSnap-Fr499_cleaned,IDB_ideal,11,11
Orai1WT-MDSnap-Fr499_cleaned,IH4_ideal,11,11
Orai1WT-MDSnap-Fr499_cleaned,IK7_ideal,11,11
Orai1WT-MDSnap-Fr499_cleaned,INA_ideal,11,11
Orai1WT-MDSnap-Fr499_cleaned,INB_ideal,11,11
Orai1WT-MDSnap-Fr499_cleaned,J15_ideal,11,11
Orai1WT-MDSnap-Fr499_cleaned,J78_ideal,11,11
Orai1WT-MDSnap-Fr499_cleaned,J80_ideal,11,11
Orai1WT-MDSnap-Fr499_cleaned,J8C_ideal,11,11
Orai1WT-MDSnap-Fr499_cleaned,JAS_ideal,11,11
Orai1WT-MDSnap-Fr499_cleaned,JE2_ideal,11,11
Orai1WT-MDSnap-Fr499_cleaned,JEU_ideal,11,11
Orai1WT-MDSnap-Fr499_cleaned,JHN_ideal,11,11
Orai1WT-MDSnap-Fr499_cleaned,JJH_ideal,11,11
Orai1WT-MDSnap-Fr499_cleaned,JNK_ideal,11,11
Orai1WT-MDSnap-Fr499_cleaned,JPR_ideal,11,11
Orai1WT-MDSnap-Fr499_cleaned,K3R_ideal,11,11
Orai1WT-MDSnap-Fr499_cleaned,K5O_ideal,11,11
Orai1WT-MDSnap-Fr499_cleaned,KAB_ideal,11,11
Orai1WT-MDSnap-Fr499_cleaned,KHF_ideal,11,11
Orai1WT-MDSnap-Fr499_cleaned,KLN_ideal,11,11
Orai1WT-MDSnap-Fr499_cleaned,KNT_ideal,11,11
Orai1WT-MDSnap-Fr499_cleaned,KOS_ideal,11,11
Orai1WT-MDSnap-Fr499_cleaned,L17_ideal,11,11
Orai1WT-MDSnap-Fr499_cleaned,L1P_ideal,11,11
Orai1WT-MDSnap-Fr499_cleaned,L24_ideal,11,11
Orai1WT-MDSnap-Fr499_cleaned,L2P_ideal,11,11
Orai1WT-MDSnap-Fr499_cleaned,L3P_ideal,11,11
Orai1WT-MDSnap-Fr499_cleaned,L41_ideal,11,11
Orai1WT-MDSnap-Fr499_cleaned,L75_ideal,11,11
Orai1WT-MDSnap-Fr499_cleaned,LBM_ideal,11,11
Orai1WT-MDSnap-Fr499_cleaned,LDM_ideal,11,11
Orai1WT-MDSnap-Fr499_cleaned,LEH_ideal,11,11
Orai1WT-MDSnap-Fr499_cleaned,LHG_ideal,11,11
Orai1WT-MDSnap-Fr499_cleaned,LIL_ideal,11,11
Orai1WT-MDSnap-Fr499_cleaned,LIM_ideal,11,11
Orai1WT-MDSnap-Fr499_cleaned,LK2_ideal,11,11
Orai1WT-MDSnap-Fr499_cleaned,LK3_ideal,11,11
Orai1WT-MDSnap-Fr499_cleaned,LMU_ideal,11,11
Orai1WT-MDSnap-Fr499_cleaned,LPS_ideal,11,11
Orai1WT-MDSnap-Fr499_cleaned,LTD_ideal,11,11
Orai1WT-MDSnap-Fr499_cleaned,LTX_ideal,11,11
Orai1WT-MDSnap-Fr499_cleaned,LYB_ideal,11,11
Orai1WT-MDSnap-Fr499_cleaned,MA4_ideal,11,11
Orai1WT-MDSnap-Fr499_cleaned,MAY_ideal,11,11
Orai1WT-MDSnap-Fr499_cleaned,MCA_ideal,11,11
Orai1WT-MDSnap-Fr499_cleaned,MCN_ideal,11,11
Orai1WT-MDSnap-Fr499_cleaned,MDE_ideal,11,11
Orai1WT-MDSnap-Fr499_cleaned,MGM_ideal,11,11
Orai1WT-MDSnap-Fr499_cleaned,MIM_ideal,11,11
Orai1WT-MDSnap-Fr499_cleaned,MJV_ideal,11,11
Orai1WT-MDSnap-Fr499_cleaned,MK1_ideal,11,11
Orai1WT-MDSnap-Fr499_cleaned,MK6_ideal,11,11
Orai1WT-MDSnap-Fr499_cleaned,MLC_ideal,11,11
Orai1WT-MDSnap-Fr499_cleaned,MLD_ideal,11,11
Orai1WT-MDSnap-Fr499_cleaned,MMI_ideal,11,11
Orai1WT-MDSnap-Fr499_cleaned,MPG_ideal,11,11
Orai1WT-MDSnap-Fr499_cleaned,MPZ_ideal,11,11
Orai1WT-MDSnap-Fr499_cleaned,MQ7_ideal,11,11
Orai1WT-MDSnap-Fr499_cleaned,MRC_ideal,11,11
Orai1WT-MDSnap-Fr499_cleaned,MS3_ideal,11,11
Orai1WT-MDSnap-Fr499_cleaned,MWV_ideal,11,11
Orai1WT-MDSnap-Fr499_cleaned,MXP_ideal,11,11
Orai1WT-MDSnap-Fr499_cleaned,MYP_ideal,11,11
Orai1WT-MDSnap-Fr499_cleaned,MYX_ideal,11,11
Orai1WT-MDSnap-Fr499_cleaned,N7R_ideal,11,11
Orai1WT-MDSnap-Fr499_cleaned,N8E_ideal,11,11
Orai1WT-MDSnap-Fr499_cleaned,NAD_ideal,11,11
Orai1WT-MDSnap-Fr499_cleaned,NAE_ideal,11,11
Orai1WT-MDSnap-Fr499_cleaned,NAI_ideal,11,11
Orai1WT-MDSnap-Fr499_cleaned,NAJ_ideal,11,11
Orai1WT-MDSnap-Fr499_cleaned,NAP_ideal,11,11
Orai1WT-MDSnap-Fr499_cleaned,NAQ_ideal,11,11
Orai1WT-MDSnap-Fr499_cleaned,NBC_ideal,11,11
Orai1WT-MDSnap-Fr499_cleaned,NBP_ideal,11,11
Orai1WT-MDSnap-Fr499_cleaned,NDA_ideal,11,11
Orai1WT-MDSnap-Fr499_cleaned,NDC_ideal,11,11
Orai1WT-MDSnap-Fr499_cleaned,NDP_ideal,11,11
Orai1WT-MDSnap-Fr499_cleaned,NE6_ideal,11,11
Orai1WT-MDSnap-Fr499_cleaned,NHO_ideal,11,11
Orai1WT-MDSnap-Fr499_cleaned,NMX_ideal,11,11
Orai1WT-MDSnap-Fr499_cleaned,NOV_ideal,11,11
Orai1WT-MDSnap-Fr499_cleaned,NTU_ideal,11,11
Orai1WT-MDSnap-Fr499_cleaned,NXX_ideal,11,11
Orai1WT-MDSnap-Fr499_cleaned,NZQ_ideal,11,11
Orai1WT-MDSnap-Fr499_cleaned,O8N_ideal,11,11
Orai1WT-MDSnap-Fr499_cleaned,ODD_ideal,11,11
Orai1WT-MDSnap-Fr499_cleaned,ODT_ideal,11,11
Orai1WT-MDSnap-Fr499_cleaned,OFF_ideal,11,11
Orai1WT-MDSnap-Fr499_cleaned,OHM_ideal,11,11
Orai1WT-MDSnap-Fr499_cleaned,OHN_ideal,11,11
Orai1WT-MDSnap-Fr499_cleaned,OKA_ideal,11,11
Orai1WT-MDSnap-Fr499_cleaned,P1L_ideal,11,11
Orai1WT-MDSnap-Fr499_cleaned,P30_ideal,11,11
Orai1WT-MDSnap-Fr499_cleaned,P40_ideal,11,11
Orai1WT-MDSnap-Fr499_cleaned,P48_ideal,11,11
Orai1WT-MDSnap-Fr499_cleaned,P5S_ideal,11,11
Orai1WT-MDSnap-Fr499_cleaned,P89_ideal,11,11
Orai1WT-MDSnap-Fr499_cleaned,PAD_ideal,11,11
Orai1WT-MDSnap-Fr499_cleaned,PCM_ideal,11,11
Orai1WT-MDSnap-Fr499_cleaned,PD7_ideal,11,11
Orai1WT-MDSnap-Fr499_cleaned,PE5_ideal,11,11
Orai1WT-MDSnap-Fr499_cleaned,PE7_ideal,11,11
Orai1WT-MDSnap-Fr499_cleaned,PGM_ideal,11,11
Orai1WT-MDSnap-Fr499_cleaned,PKF_ideal,11,11
Orai1WT-MDSnap-Fr499_cleaned,PL3_ideal,11,11
Orai1WT-MDSnap-Fr499_cleaned,PLM_ideal,11,11
Orai1WT-MDSnap-Fr499_cleaned,PM4_ideal,11,11
Orai1WT-MDSnap-Fr499_cleaned,PM5_ideal,11,11
Orai1WT-MDSnap-Fr499_cleaned,PNF_ideal,11,11
Orai1WT-MDSnap-Fr499_cleaned,PNT_ideal,11,11
Orai1WT-MDSnap-Fr499_cleaned,PPX_ideal,11,11
Orai1WT-MDSnap-Fr499_cleaned,PQN_ideal,11,11
Orai1WT-MDSnap-Fr499_cleaned,PRT_ideal,11,11
Orai1WT-MDSnap-Fr499_cleaned,PSI_ideal,11,11
Orai1WT-MDSnap-Fr499_cleaned,PTG_ideal,11,11
Orai1WT-MDSnap-Fr499_cleaned,PUA_ideal,11,11
Orai1WT-MDSnap-Fr499_cleaned,PVC_ideal,11,11
Orai1WT-MDSnap-Fr499_cleaned,Q8U_ideal,11,11
Orai1WT-MDSnap-Fr499_cleaned,QCM_ideal,11,11
Orai1WT-MDSnap-Fr499_cleaned,QDH_ideal,11,11
Orai1WT-MDSnap-Fr499_cleaned,QFC_ideal,11,11
Orai1WT-MDSnap-Fr499_cleaned,QO4_ideal,11,11
Orai1WT-MDSnap-Fr499_cleaned,R03_ideal,11,11
Orai1WT-MDSnap-Fr499_cleaned,R0Z_ideal,11,11
Orai1WT-MDSnap-Fr499_cleaned,R19_ideal,11,11
Orai1WT-MDSnap-Fr499_cleaned,R1L_ideal,11,11
Orai1WT-MDSnap-Fr499_cleaned,R64_ideal,11,11
Orai1WT-MDSnap-Fr499_cleaned,R71_ideal,11,11
Orai1WT-MDSnap-Fr499_cleaned,R78_ideal,11,11
Orai1WT-MDSnap-Fr499_cleaned,R79_ideal,11,11
Orai1WT-MDSnap-Fr499_cleaned,RA4_ideal,11,11
Orai1WT-MDSnap-Fr499_cleaned,RA8_ideal,11,11
Orai1WT-MDSnap-Fr499_cleaned,RAP_ideal,11,11
Orai1WT-MDSnap-Fr499_cleaned,RCL_ideal,11,11
Orai1WT-MDSnap-Fr499_cleaned,RD8_ideal,11,11
Orai1WT-MDSnap-Fr499_cleaned,RFL_ideal,11,11
Orai1WT-MDSnap-Fr499_cleaned,RGA_ideal,11,11
Orai1WT-MDSnap-Fr499_cleaned,RGC_ideal,11,11
Orai1WT-MDSnap-Fr499_cleaned,RIF_ideal,11,11
Orai1WT-MDSnap-Fr499_cleaned,RIT_ideal,11,11
Orai1WT-MDSnap-Fr499_cleaned,ROC_ideal,11,11
Orai1WT-MDSnap-Fr499_cleaned,RR6_ideal,11,11
Orai1WT-MDSnap-Fr499_cleaned,RRX_ideal,11,11
Orai1WT-MDSnap-Fr499_cleaned,RX5_ideal,11,11
Orai1WT-MDSnap-Fr499_cleaned,RXD_ideal,11,11
Orai1WT-MDSnap-Fr499_cleaned,RYO_ideal,11,11
Orai1WT-MDSnap-Fr499_cleaned,RYW_ideal,11,11
Orai1WT-MDSnap-Fr499_cleaned,S1H_ideal,11,11
Orai1WT-MDSnap-Fr499_cleaned,S4R_ideal,11,11
Orai1WT-MDSnap-Fr499_cleaned,SAE_ideal,11,11
Orai1WT-MDSnap-Fr499_cleaned,SCA_ideal,11,11
Orai1WT-MDSnap-Fr499_cleaned,SCO_ideal,11,11
Orai1WT-MDSnap-Fr499_cleaned,SDZ_ideal,11,11
Orai1WT-MDSnap-Fr499_cleaned,SEI_ideal,11,11
Orai1WT-MDSnap-Fr499_cleaned,SFA_ideal,11,11
Orai1WT-MDSnap-Fr499_cleaned,SNA_ideal,11,11
Orai1WT-MDSnap-Fr499_cleaned,SND_ideal,11,11
Orai1WT-MDSnap-Fr499_cleaned,SPF_ideal,11,11
Orai1WT-MDSnap-Fr499_cleaned,SPR_ideal,11,11
Orai1WT-MDSnap-Fr499_cleaned,SPX_ideal,11,11
Orai1WT-MDSnap-Fr499_cleaned,SQL_ideal,11,11
Orai1WT-MDSnap-Fr499_cleaned,SQS_ideal,11,11
Orai1WT-MDSnap-Fr499_cleaned,SS4_ideal,11,11
Orai1WT-MDSnap-Fr499_cleaned,STE_ideal,11,11
Orai1WT-MDSnap-Fr499_cleaned,STI_ideal,11,11
Orai1WT-MDSnap-Fr499_cleaned,SUD_ideal,11,11
Orai1WT-MDSnap-Fr499_cleaned,SVR_ideal,11,11
Orai1WT-MDSnap-Fr499_cleaned,SXH_ideal,11,11
Orai1WT-MDSnap-Fr499_cleaned,SXO_ideal,11,11
Orai1WT-MDSnap-Fr499_cleaned,T3X_ideal,11,11
Orai1WT-MDSnap-Fr499_cleaned,T4T_ideal,11,11
Orai1WT-MDSnap-Fr499_cleaned,T57_ideal,11,11
Orai1WT-MDSnap-Fr499_cleaned,T5A_ideal,11,11
Orai1WT-MDSnap-Fr499_cleaned,T87_ideal,11,11
Orai1WT-MDSnap-Fr499_cleaned,TAP_ideal,11,11
Orai1WT-MDSnap-Fr499_cleaned,TCH_ideal,11,11
Orai1WT-MDSnap-Fr499_cleaned,TD2_ideal,11,11
Orai1WT-MDSnap-Fr499_cleaned,TEL_ideal,11,11
Orai1WT-MDSnap-Fr499_cleaned,TF3_ideal,11,11
Orai1WT-MDSnap-Fr499_cleaned,THT_ideal,11,11
Orai1WT-MDSnap-Fr499_cleaned,TR1_ideal,11,11
Orai1WT-MDSnap-Fr499_cleaned,TS4_ideal,11,11
Orai1WT-MDSnap-Fr499_cleaned,TS5_ideal,11,11
Orai1WT-MDSnap-Fr499_cleaned,TUD_ideal,11,11
Orai1WT-MDSnap-Fr499_cleaned,TUI_ideal,11,11
Orai1WT-MDSnap-Fr499_cleaned,TUX_ideal,11,11
Orai1WT-MDSnap-Fr499_cleaned,TYK_ideal,11,11
Orai1WT-MDSnap-Fr499_cleaned,TZ4_ideal,11,11
Orai1WT-MDSnap-Fr499_cleaned,TZ5_ideal,11,11
Orai1WT-MDSnap-Fr499_cleaned,U04_ideal,11,11
Orai1WT-MDSnap-Fr499_cleaned,UAG_ideal,11,11
Orai1WT-MDSnap-Fr499_cleaned,UDH_ideal,11,11
Orai1WT-MDSnap-Fr499_cleaned,UK4_ideal,11,11
Orai1WT-MDSnap-Fr499_cleaned,ULA_ideal,11,11
Orai1WT-MDSnap-Fr499_cleaned,UMA_ideal,11,11
Orai1WT-MDSnap-Fr499_cleaned,UMG_ideal,11,11
Orai1WT-MDSnap-Fr499_cleaned,UP5_ideal,11,11
Orai1WT-MDSnap-Fr499_cleaned,UR2_ideal,11,11
Orai1WT-MDSnap-Fr499_cleaned,V6G_ideal,11,11
Orai1WT-MDSnap-Fr499_cleaned,VCA_ideal,11,11
Orai1WT-MDSnap-Fr499_cleaned,VIV_ideal,11,11
Orai1WT-MDSnap-Fr499_cleaned,VS2_ideal,11,11
Orai1WT-MDSnap-Fr499_cleaned,VTQ_ideal,11,11
Orai1WT-MDSnap-Fr499_cleaned,VXI_ideal,11,11
Orai1WT-MDSnap-Fr499_cleaned,W35_ideal,11,11
Orai1WT-MDSnap-Fr499_cleaned,W42_ideal,11,11
Orai1WT-MDSnap-Fr499_cleaned,W43_ideal,11,11
Orai1WT-MDSnap-Fr499_cleaned,W56_ideal,11,11
Orai1WT-MDSnap-Fr499_cleaned,W59_ideal,11,11
Orai1WT-MDSnap-Fr499_cleaned,W71_ideal,11,11
Orai1WT-MDSnap-Fr499_cleaned,W8R_ideal,11,11
Orai1WT-MDSnap-Fr499_cleaned,WVN_ideal,11,11
Orai1WT-MDSnap-Fr499_cleaned,X2N_ideal,11,11
Orai1WT-MDSnap-Fr499_cleaned,X4U_ideal,11,11
Orai1WT-MDSnap-Fr499_cleaned,XAT_ideal,11,11
Orai1WT-MDSnap-Fr499_cleaned,XB7_ideal,11,11
Orai1WT-MDSnap-Fr499_cleaned,XC9_ideal,11,11
Orai1WT-MDSnap-Fr499_cleaned,XIN_ideal,11,11
Orai1WT-MDSnap-Fr499_cleaned,XMJ_ideal,11,11
Orai1WT-MDSnap-Fr499_cleaned,XNH_ideal,11,11
Orai1WT-MDSnap-Fr499_cleaned,XR1_ideal,11,11
Orai1WT-MDSnap-Fr499_cleaned,Y9J_ideal,11,11
Orai1WT-MDSnap-Fr499_cleaned,YG7_ideal,11,11
Orai1WT-MDSnap-Fr499_cleaned,YHR_ideal,11,11
Orai1WT-MDSnap-Fr499_cleaned,Z6V_ideal,11,11
Orai1WT-MDSnap-Fr499_cleaned,ZIY_ideal,11,11
Orai1WT-START-Fr0_cleaned,05J_ideal,11,11
Orai1WT-START-Fr0_cleaned,07J_ideal,11,11
Orai1WT-START-Fr0_cleaned,0LI_ideal,11,11
Orai1WT-START-Fr0_cleaned,10A_ideal,11,11
Orai1WT-START-Fr0_cleaned,11U_ideal,11,11
Orai1WT-START-Fr0_cleaned,128_ideal,11,11
Orai1WT-START-Fr0_cleaned,140_ideal,11,11
Orai1WT-START-Fr0_cleaned,146_ideal,11,11
Orai1WT-START-Fr0_cleaned,169_ideal,11,11
Orai1WT-START-Fr0_cleaned,17F_ideal,11,11
Orai1WT-START-Fr0_cleaned,1JY_ideal,11,11
Orai1WT-START-Fr0_cleaned,1L3_ideal,11,11
Orai1WT-START-Fr0_cleaned,1N1_ideal,11,11
Orai1WT-START-Fr0_cleaned,1VU_ideal,11,11
Orai1WT-START-Fr0_cleaned,21V_ideal,11,11
Orai1WT-START-Fr0_cleaned,243_ideal,11,11
Orai1WT-START-Fr0_cleaned,276_ideal,11,11
Orai1WT-START-Fr0_cleaned,27U_ideal,11,11
Orai1WT-START-Fr0_cleaned,2CA_ideal,11,11
Orai1WT-START-Fr0_cleaned,2CP_ideal,11,11
Orai1WT-START-Fr0_cleaned,2ED_ideal,11,11
Orai1WT-START-Fr0_cleaned,2I4_ideal,11,11
Orai1WT-START-Fr0_cleaned,2MC_ideal,11,11
Orai1WT-START-Fr0_cleaned,2RD_ideal,11,11
Orai1WT-START-Fr0_cleaned,2S8_ideal,11,11
Orai1WT-START-Fr0_cleaned,2TA_ideal,11,11
Orai1WT-START-Fr0_cleaned,2YB_ideal,11,11
Orai1WT-START-Fr0_cleaned,30B_ideal,11,11
Orai1WT-START-Fr0_cleaned,32U_ideal,11,11
Orai1WT-START-Fr0_cleaned,347_ideal,11,11
Orai1WT-START-Fr0_cleaned,34W_ideal,11,11
Orai1WT-START-Fr0_cleaned,385_ideal,11,11
Orai1WT-START-Fr0_cleaned,38P_ideal,11,11
Orai1WT-START-Fr0_cleaned,3B9_ideal,11,11
Orai1WT-START-Fr0_cleaned,3CB_ideal,11,11
Orai1WT-START-Fr0_cleaned,3H4_ideal,11,11
Orai1WT-START-Fr0_cleaned,3HC_ideal,11,11
Orai1WT-START-Fr0_cleaned,3IN_ideal,11,11
Orai1WT-START-Fr0_cleaned,3ZC_ideal,11,11
Orai1WT-START-Fr0_cleaned,442_ideal,11,11
Orai1WT-START-Fr0_cleaned,46U_ideal,11,11
Orai1WT-START-Fr0_cleaned,4CA_ideal,11,11
Orai1WT-START-Fr0_cleaned,4CC_ideal,11,11
Orai1WT-START-Fr0_cleaned,4CO_ideal,11,11
Orai1WT-START-Fr0_cleaned,4EA_ideal,11,11
Orai1WT-START-Fr0_cleaned,4HD_ideal,11,11
Orai1WT-START-Fr0_cleaned,4IF_ideal,11,11
Orai1WT-START-Fr0_cleaned,4UH_ideal,11,11
Orai1WT-START-Fr0_cleaned,50U_ideal,11,11
Orai1WT-START-Fr0_cleaned,54J_ideal,11,11
Orai1WT-START-Fr0_cleaned,570_ideal,11,11
Orai1WT-START-Fr0_cleaned,587_ideal,11,11
Orai1WT-START-Fr0_cleaned,59U_ideal,11,11
Orai1WT-START-Fr0_cleaned,5CB_ideal,11,11
Orai1WT-START-Fr0_cleaned,5D5_ideal,11,11
Orai1WT-START-Fr0_cleaned,5FA_ideal,11,11
Orai1WT-START-Fr0_cleaned,5MV_ideal,11,11
Orai1WT-START-Fr0_cleaned,5PI_ideal,11,11
Orai1WT-START-Fr0_cleaned,5X6_ideal,11,11
Orai1WT-START-Fr0_cleaned,5YM_ideal,11,11
Orai1WT-START-Fr0_cleaned,626_ideal,11,11
Orai1WT-START-Fr0_cleaned,63J_ideal,11,11
Orai1WT-START-Fr0_cleaned,63K_ideal,11,11
Orai1WT-START-Fr0_cleaned,65C_ideal,11,11
Orai1WT-START-Fr0_cleaned,66T_ideal,11,11
Orai1WT-START-Fr0_cleaned,6EJ_ideal,11,11
Orai1WT-START-Fr0_cleaned,6FA_ideal,11,11
Orai1WT-START-Fr0_cleaned,6GY_ideal,11,11
Orai1WT-START-Fr0_cleaned,6K9_ideal,11,11
Orai1WT-START-Fr0_cleaned,6SA_ideal,11,11
Orai1WT-START-Fr0_cleaned,6ZV_ideal,11,11
Orai1WT-START-Fr0_cleaned,710_ideal,11,11
Orai1WT-START-Fr0_cleaned,711_ideal,11,11
Orai1WT-START-Fr0_cleaned,740_ideal,11,11
Orai1WT-START-Fr0_cleaned,742_ideal,11,11
Orai1WT-START-Fr0_cleaned,74T_ideal,11,11
Orai1WT-START-Fr0_cleaned,7AK_ideal,11,11
Orai1WT-START-Fr0_cleaned,7I4_ideal,11,11
Orai1WT-START-Fr0_cleaned,7IX_ideal,11,11
Orai1WT-START-Fr0_cleaned,7RU_ideal,11,11
Orai1WT-START-Fr0_cleaned,7T1_ideal,11,11
Orai1WT-START-Fr0_cleaned,7TB_ideal,11,11
Orai1WT-START-Fr0_cleaned,7X1_ideal,11,11
Orai1WT-START-Fr0_cleaned,7Y5_ideal,11,11
Orai1WT-START-Fr0_cleaned,80I_ideal,11,11
Orai1WT-START-Fr0_cleaned,88Z_ideal,11,11
Orai1WT-START-Fr0_cleaned,8DZ_ideal,11,11
Orai1WT-START-Fr0_cleaned,8I2_ideal,11,11
Orai1WT-START-Fr0_cleaned,8JC_ideal,11,11
Orai1WT-START-Fr0_cleaned,8PP_ideal,11,11
Orai1WT-START-Fr0_cleaned,8QW_ideal,11,11
Orai1WT-START-Fr0_cleaned,8RC_ideal,11,11
Orai1WT-START-Fr0_cleaned,8VP_ideal,11,11
Orai1WT-START-Fr0_cleaned,8X7_ideal,11,11
Orai1WT-START-Fr0_cleaned,8XJ_ideal,11,11
Orai1WT-START-Fr0_cleaned,919_ideal,11,11
Orai1WT-START-Fr0_cleaned,964_ideal,11,11
Orai1WT-START-Fr0_cleaned,96Q_ideal,11,11
Orai1WT-START-Fr0_cleaned,9AJ_ideal,11,11
Orai1WT-START-Fr0_cleaned,9B0_ideal,11,11
Orai1WT-START-Fr0_cleaned,9HO_ideal,11,11
Orai1WT-START-Fr0_cleaned,9IN_ideal,11,11
Orai1WT-START-Fr0_cleaned,9N6_ideal,11,11
Orai1WT-START-Fr0_cleaned,9SC_ideal,11,11
Orai1WT-START-Fr0_cleaned,9TP_ideal,11,11
Orai1WT-START-Fr0_cleaned,A1AAC_ideal,11,11
Orai1WT-START-Fr0_cleaned,A1AF4_ideal,11,11
Orai1WT-START-Fr0_cleaned,A1APA_ideal,11,11
Orai1WT-START-Fr0_cleaned,A1AZ7_ideal,11,11
Orai1WT-START-Fr0_cleaned,A1BLM_ideal,11,11
Orai1WT-START-Fr0_cleaned,A1BPC_ideal,11,11
Orai1WT-START-Fr0_cleaned,A1CEA_ideal,11,11
Orai1WT-START-Fr0_cleaned,A1D8M_ideal,11,11
Orai1WT-START-Fr0_cleaned,A1D8Y_ideal,11,11
Orai1WT-START-Fr0_cleaned,A1E_ideal,11,11
Orai1WT-START-Fr0_cleaned,A1H3T_ideal,11,11
Orai1WT-START-Fr0_cleaned,A1JMR_ideal,11,11
Orai1WT-START-Fr0_cleaned,A1JS8_ideal,11,11
Orai1WT-START-Fr0_cleaned,A1JTY_ideal,11,11
Orai1WT-START-Fr0_cleaned,A1L66_ideal,11,11
Orai1WT-START-Fr0_cleaned,A1LXP_ideal,11,11
Orai1WT-START-Fr0_cleaned,A2E_ideal,11,11
Orai1WT-START-Fr0_cleaned,A3D_ideal,11,11
Orai1WT-START-Fr0_cleaned,A4I_ideal,11,11
Orai1WT-START-Fr0_cleaned,A4P_ideal,11,11
Orai1WT-START-Fr0_cleaned,A6L_ideal,11,11
Orai1WT-START-Fr0_cleaned,A86_ideal,11,11
Orai1WT-START-Fr0_cleaned,A8B_ideal,11,11
Orai1WT-START-Fr0_cleaned,AA2_ideal,11,11
Orai1WT-START-Fr0_cleaned,AAF_ideal,11,11
Orai1WT-START-Fr0_cleaned,AAO_ideal,11,11
Orai1WT-START-Fr0_cleaned,ABC_ideal,11,11
Orai1WT-START-Fr0_cleaned,ACG_ideal,11,11
Orai1WT-START-Fr0_cleaned,ACQ_ideal,11,11
Orai1WT-START-Fr0_cleaned,ADV_ideal,11,11
Orai1WT-START-Fr0_cleaned,AGA_ideal,11,11
Orai1WT-START-Fr0_cleaned,AH4_ideal,11,11
Orai1WT-START-Fr0_cleaned,AHZ_ideal,11,11
Orai1WT-START-Fr0_cleaned,AIK_ideal,11,11
Orai1WT-START-Fr0_cleaned,AK1_ideal,11,11
Orai1WT-START-Fr0_cleaned,AK2_ideal,11,11
Orai1WT-START-Fr0_cleaned,AK3_ideal,11,11
Orai1WT-START-Fr0_cleaned,AKA_ideal,11,11
Orai1WT-START-Fr0_cleaned,AOE_ideal,11,11
Orai1WT-START-Fr0_cleaned,AP5_ideal,11,11
Orai1WT-START-Fr0_cleaned,AP8_ideal,11,11
Orai1WT-START-Fr0_cleaned,APX_ideal,11,11
Orai1WT-START-Fr0_cleaned,ARC_ideal,11,11
Orai1WT-START-Fr0_cleaned,ARE_ideal,11,11
Orai1WT-START-Fr0_cleaned,ARR_ideal,11,11
Orai1WT-START-Fr0_cleaned,AUR_ideal,11,11
Orai1WT-START-Fr0_cleaned,B18_ideal,11,11
Orai1WT-START-Fr0_cleaned,B1M_ideal,11,11
Orai1WT-START-Fr0_cleaned,B32_ideal,11,11
Orai1WT-START-Fr0_cleaned,B3N_ideal,11,11
Orai1WT-START-Fr0_cleaned,B8L_ideal,11,11
Orai1WT-START-Fr0_cleaned,B96_ideal,11,11
Orai1WT-START-Fr0_cleaned,BA3_ideal,11,11
Orai1WT-START-Fr0_cleaned,BBZ_ideal,11,11
Orai1WT-START-Fr0_cleaned,BFF_ideal,11,11
Orai1WT-START-Fr0_cleaned,BH7_ideal,11,11
Orai1WT-START-Fr0_cleaned,BL5_ideal,11,11
Orai1WT-START-Fr0_cleaned,BLI_ideal,11,11
Orai1WT-START-Fr0_cleaned,BN2_ideal,11,11
Orai1WT-START-Fr0_cleaned,BN3_ideal,11,11
Orai1WT-START-Fr0_cleaned,BN4_ideal,11,11
Orai1WT-START-Fr0_cleaned,BN5_ideal,11,11
Orai1WT-START-Fr0_cleaned,BO9_ideal,11,11
Orai1WT-START-Fr0_cleaned,BR4_ideal,11,11
Orai1WT-START-Fr0_cleaned,BTX_ideal,11,11
Orai1WT-START-Fr0_cleaned,BUI_ideal,11,11
Orai1WT-START-Fr0_cleaned,BV2_ideal,11,11
Orai1WT-START-Fr0_cleaned,C11_ideal,11,11
Orai1WT-START-Fr0_cleaned,C1D_ideal,11,11
Orai1WT-START-Fr0_cleaned,C1N_ideal,11,11
Orai1WT-START-Fr0_cleaned,C3S_ideal,11,11
Orai1WT-START-Fr0_cleaned,C41_ideal,11,11
Orai1WT-START-Fr0_cleaned,C87_ideal,11,11
Orai1WT-START-Fr0_cleaned,C8E_ideal,11,11
Orai1WT-START-Fr0_cleaned,C90_ideal,11,11
Orai1WT-START-Fr0_cleaned,CA3_ideal,11,11
Orai1WT-START-Fr0_cleaned,CA5_ideal,11,11
Orai1WT-START-Fr0_cleaned,CAA_ideal,11,11
Orai1WT-START-Fr0_cleaned,CAI_ideal,11,11
Orai1WT-START-Fr0_cleaned,CAO_ideal,11,11
Orai1WT-START-Fr0_cleaned,CBD_ideal,11,11
Orai1WT-START-Fr0_cleaned,CBN_ideal,11,11
Orai1WT-START-Fr0_cleaned,CBO_ideal,11,11
Orai1WT-START-Fr0_cleaned,CC0_ideal,11,11
Orai1WT-START-Fr0_cleaned,CCQ_ideal,11,11
Orai1WT-START-Fr0_cleaned,CDA_ideal,11,11
Orai1WT-START-Fr0_cleaned,CDB_ideal,11,11
Orai1WT-START-Fr0_cleaned,CDD_ideal,11,11
Orai1WT-START-Fr0_cleaned,CDU_ideal,11,11
Orai1WT-START-Fr0_cleaned,CG2_ideal,11,11
Orai1WT-START-Fr0_cleaned,CLL_ideal,11,11
Orai1WT-START-Fr0_cleaned,CM1_ideal,11,11
Orai1WT-START-Fr0_cleaned,CM2_ideal,11,11
Orai1WT-START-Fr0_cleaned,CM5_ideal,11,11
Orai1WT-START-Fr0_cleaned,CNA_ideal,11,11
Orai1WT-START-Fr0_cleaned,CND_ideal,11,11
Orai1WT-START-Fr0_cleaned,CNS_ideal,11,11
Orai1WT-START-Fr0_cleaned,CO8_ideal,11,11
Orai1WT-START-Fr0_cleaned,COA_ideal,11,11
Orai1WT-START-Fr0_cleaned,COD_ideal,11,11
Orai1WT-START-Fr0_cleaned,COF_ideal,11,11
Orai1WT-START-Fr0_cleaned,COS_ideal,11,11
Orai1WT-START-Fr0_cleaned,COT_ideal,11,11
Orai1WT-START-Fr0_cleaned,CP0_ideal,11,11
Orai1WT-START-Fr0_cleaned,CP4_ideal,11,11
Orai1WT-START-Fr0_cleaned,CPJ_ideal,11,11
Orai1WT-START-Fr0_cleaned,CPQ_ideal,11,11
Orai1WT-START-Fr0_cleaned,CYU_ideal,11,11
Orai1WT-START-Fr0_cleaned,D9G_ideal,11,11
Orai1WT-START-Fr0_cleaned,DAK_ideal,11,11
Orai1WT-START-Fr0_cleaned,DB8_ideal,11,11
Orai1WT-START-Fr0_cleaned,DCA_ideal,11,11
Orai1WT-START-Fr0_cleaned,DCC_ideal,11,11
Orai1WT-START-Fr0_cleaned,DDF_ideal,11,11
Orai1WT-START-Fr0_cleaned,DEQ_ideal,11,11
Orai1WT-START-Fr0_cleaned,DGB_ideal,11,11
Orai1WT-START-Fr0_cleaned,DGG_ideal,11,11
Orai1WT-START-Fr0_cleaned,DHG_ideal,11,11
Orai1WT-START-Fr0_cleaned,DI4_ideal,11,11
Orai1WT-START-Fr0_cleaned,DID_ideal,11,11
Orai1WT-START-Fr0_cleaned,DKK_ideal,11,11
Orai1WT-START-Fr0_cleaned,DKT_ideal,11,11
Orai1WT-START-Fr0_cleaned,DMY_ideal,11,11
Orai1WT-START-Fr0_cleaned,DN0_ideal,11,11
Orai1WT-START-Fr0_cleaned,DND_ideal,11,11
Orai1WT-START-Fr0_cleaned,DOL_ideal,11,11
Orai1WT-START-Fr0_cleaned,DR6_ideal,11,11
Orai1WT-START-Fr0_cleaned,DR7_ideal,11,11
Orai1WT-START-Fr0_cleaned,DR9_ideal,11,11
Orai1WT-START-Fr0_cleaned,DRA_ideal,11,11
Orai1WT-START-Fr0_cleaned,EHA_ideal,11,11
Orai1WT-START-Fr0_cleaned,ELA_ideal,11,11
Orai1WT-START-Fr0_cleaned,ELD_ideal,11,11
Orai1WT-START-Fr0_cleaned,EM1_ideal,11,11
Orai1WT-START-Fr0_cleaned,EMH_ideal,11,11
Orai1WT-START-Fr0_cleaned,ENA_ideal,11,11
Orai1WT-START-Fr0_cleaned,ENB_ideal,11,11
Orai1WT-START-Fr0_cleaned,ENP_ideal,11,11
Orai1WT-START-Fr0_cleaned,EP6_ideal,11,11
Orai1WT-START-Fr0_cleaned,EPA_ideal,11,11
Orai1WT-START-Fr0_cleaned,EPH_ideal,11,11
Orai1WT-START-Fr0_cleaned,F23_ideal,11,11
Orai1WT-START-Fr0_cleaned,F42_ideal,11,11
Orai1WT-START-Fr0_cleaned,F6M_ideal,11,11
Orai1WT-START-Fr0_cleaned,F6O_ideal,11,11
Orai1WT-START-Fr0_cleaned,F9R_ideal,11,11
Orai1WT-START-Fr0_cleaned,FAB_ideal,11,11
Orai1WT-START-Fr0_cleaned,FAD_ideal,11,11
Orai1WT-START-Fr0_cleaned,FAE_ideal,11,11
Orai1WT-START-Fr0_cleaned,FCX_ideal,11,11
Orai1WT-START-Fr0_cleaned,FE1_ideal,11,11
Orai1WT-START-Fr0_cleaned,FEP_ideal,11,11
Orai1WT-START-Fr0_cleaned,FI8_ideal,11,11
Orai1WT-START-Fr0_cleaned,FJ0_ideal,11,11
Orai1WT-START-Fr0_cleaned,FMM_ideal,11,11
Orai1WT-START-Fr0_cleaned,FR1_ideal,11,11
Orai1WT-START-Fr0_cleaned,FRB_ideal,11,11
Orai1WT-START-Fr0_cleaned,FRE_ideal,11,11
Orai1WT-START-Fr0_cleaned,FRH_ideal,11,11
Orai1WT-START-Fr0_cleaned,FRI_ideal,11,11
Orai1WT-START-Fr0_cleaned,FUG_ideal,11,11
Orai1WT-START-Fr0_cleaned,FXG_ideal,11,11
Orai1WT-START-Fr0_cleaned,G65_ideal,11,11
Orai1WT-START-Fr0_cleaned,GCG_ideal,11,11
Orai1WT-START-Fr0_cleaned,GEL_ideal,11,11
Orai1WT-START-Fr0_cleaned,GL8_ideal,11,11
Orai1WT-START-Fr0_cleaned,GLE_ideal,11,11
Orai1WT-START-Fr0_cleaned,GNF_ideal,11,11
Orai1WT-START-Fr0_cleaned,GP3_ideal,11,11
Orai1WT-START-Fr0_cleaned,GTA_ideal,11,11
Orai1WT-START-Fr0_cleaned,GTG_ideal,11,11
Orai1WT-START-Fr0_cleaned,GTY_ideal,11,11
Orai1WT-START-Fr0_cleaned,H4M_ideal,11,11
Orai1WT-START-Fr0_cleaned,HAL_ideal,11,11
Orai1WT-START-Fr0_cleaned,HAZ_ideal,11,11
Orai1WT-START-Fr0_cleaned,HDC_ideal,11,11
Orai1WT-START-Fr0_cleaned,HDS_ideal,11,11
Orai1WT-START-Fr0_cleaned,HDY_ideal,11,11
Orai1WT-START-Fr0_cleaned,HG9_ideal,11,11
Orai1WT-START-Fr0_cleaned,HMG_ideal,11,11
Orai1WT-START-Fr0_cleaned,HOP_ideal,11,11
Orai1WT-START-Fr0_cleaned,HSF_ideal,11,11
Orai1WT-START-Fr0_cleaned,HXA_ideal,11,11
Orai1WT-START-Fr0_cleaned,HXC_ideal,11,11
Orai1WT-START-Fr0_cleaned,HYC_ideal,11,11
Orai1WT-START-Fr0_cleaned,I12_ideal,11,11
Orai1WT-START-Fr0_cleaned,I50_ideal,11,11
Orai1WT-START-Fr0_cleaned,I6H_ideal,11,11
Orai1WT-START-Fr0_cleaned,IB2_ideal,11,11
Orai1WT-START-Fr0_cleaned,IBI_ideal,11,11
Orai1WT-START-Fr0_cleaned,IDB_ideal,11,11
Orai1WT-START-Fr0_cleaned,IH4_ideal,11,11
Orai1WT-START-Fr0_cleaned,IK7_ideal,11,11
Orai1WT-START-Fr0_cleaned,INA_ideal,11,11
Orai1WT-START-Fr0_cleaned,INB_ideal,11,11
Orai1WT-START-Fr0_cleaned,J12_ideal,11,11
Orai1WT-START-Fr0_cleaned,J15_ideal,11,11
Orai1WT-START-Fr0_cleaned,J78_ideal,11,11
Orai1WT-START-Fr0_cleaned,J80_ideal,11,11
Orai1WT-START-Fr0_cleaned,J8C_ideal,11,11
Orai1WT-START-Fr0_cleaned,JAS_ideal,11,11
Orai1WT-START-Fr0_cleaned,JE2_ideal,11,11
Orai1WT-START-Fr0_cleaned,JER_ideal,11,11
Orai1WT-START-Fr0_cleaned,JEU_ideal,11,11
Orai1WT-START-Fr0_cleaned,JHN_ideal,11,11
Orai1WT-START-Fr0_cleaned,JJH_ideal,11,11
Orai1WT-START-Fr0_cleaned,JNK_ideal,11,11
Orai1WT-START-Fr0_cleaned,JPR_ideal,11,11
Orai1WT-START-Fr0_cleaned,JT1_ideal,11,11
Orai1WT-START-Fr0_cleaned,K3R_ideal,11,11
Orai1WT-START-Fr0_cleaned,K5O_ideal,11,11
Orai1WT-START-Fr0_cleaned,KAB_ideal,11,11
Orai1WT-START-Fr0_cleaned,KHF_ideal,11,11
Orai1WT-START-Fr0_cleaned,KLN_ideal,11,11
Orai1WT-START-Fr0_cleaned,KNT_ideal,11,11
Orai1WT-START-Fr0_cleaned,KOS_ideal,11,11
Orai1WT-START-Fr0_cleaned,KTY_ideal,11,11
Orai1WT-START-Fr0_cleaned,L17_ideal,11,11
Orai1WT-START-Fr0_cleaned,L1P_ideal,11,11
Orai1WT-START-Fr0_cleaned,L24_ideal,11,11
Orai1WT-START-Fr0_cleaned,L2P_ideal,11,11
Orai1WT-START-Fr0_cleaned,L3P_ideal,11,11
Orai1WT-START-Fr0_cleaned,L41_ideal,11,11
Orai1WT-START-Fr0_cleaned,L75_ideal,11,11
Orai1WT-START-Fr0_cleaned,LDM_ideal,11,11
Orai1WT-START-Fr0_cleaned,LEH_ideal,11,11
Orai1WT-START-Fr0_cleaned,LHG_ideal,11,11
Orai1WT-START-Fr0_cleaned,LIL_ideal,11,11
Orai1WT-START-Fr0_cleaned,LIM_ideal,11,11
Orai1WT-START-Fr0_cleaned,LK2_ideal,11,11
Orai1WT-START-Fr0_cleaned,LK3_ideal,11,11
Orai1WT-START-Fr0_cleaned,LK4_ideal,11,11
Orai1WT-START-Fr0_cleaned,LMU_ideal,11,11
Orai1WT-START-Fr0_cleaned,LPS_ideal,11,11
Orai1WT-START-Fr0_cleaned,LTD_ideal,11,11
Orai1WT-START-Fr0_cleaned,LTX_ideal,11,11
Orai1WT-START-Fr0_cleaned,LVO_ideal,11,11
Orai1WT-START-Fr0_cleaned,LYB_ideal,11,11
Orai1WT-START-Fr0_cleaned,MA4_ideal,11,11
Orai1WT-START-Fr0_cleaned,MAY_ideal,11,11
Orai1WT-START-Fr0_cleaned,MCA_ideal,11,11
Orai1WT-START-Fr0_cleaned,MCN_ideal,11,11
Orai1WT-START-Fr0_cleaned,MDE_ideal,11,11
Orai1WT-START-Fr0_cleaned,MGE_ideal,11,11
Orai1WT-START-Fr0_cleaned,MGM_ideal,11,11
Orai1WT-START-Fr0_cleaned,MIM_ideal,11,11
Orai1WT-START-Fr0_cleaned,MJV_ideal,11,11
Orai1WT-START-Fr0_cleaned,MK1_ideal,11,11
Orai1WT-START-Fr0_cleaned,MK6_ideal,11,11
Orai1WT-START-Fr0_cleaned,MLC_ideal,11,11
Orai1WT-START-Fr0_cleaned,MLD_ideal,11,11
Orai1WT-START-Fr0_cleaned,MMI_ideal,11,11
Orai1WT-START-Fr0_cleaned,MPG_ideal,11,11
Orai1WT-START-Fr0_cleaned,MPZ_ideal,11,11
Orai1WT-START-Fr0_cleaned,MQ7_ideal,11,11
Orai1WT-START-Fr0_cleaned,MRC_ideal,11,11
Orai1WT-START-Fr0_cleaned,MS1_ideal,11,11
Orai1WT-START-Fr0_cleaned,MS3_ideal,11,11
Orai1WT-START-Fr0_cleaned,MWV_ideal,11,11
Orai1WT-START-Fr0_cleaned,MXP_ideal,11,11
Orai1WT-START-Fr0_cleaned,MYA_ideal,11,11
Orai1WT-START-Fr0_cleaned,MYP_ideal,11,11
Orai1WT-START-Fr0_cleaned,MYX_ideal,11,11
Orai1WT-START-Fr0_cleaned,N7R_ideal,11,11
Orai1WT-START-Fr0_cleaned,N8E_ideal,11,11
Orai1WT-START-Fr0_cleaned,NAD_ideal,11,11
Orai1WT-START-Fr0_cleaned,NAE_ideal,11,11
Orai1WT-START-Fr0_cleaned,NAI_ideal,11,11
Orai1WT-START-Fr0_cleaned,NAJ_ideal,11,11
Orai1WT-START-Fr0_cleaned,NAP_ideal,11,11
Orai1WT-START-Fr0_cleaned,NAQ_ideal,11,11
Orai1WT-START-Fr0_cleaned,NBC_ideal,11,11
Orai1WT-START-Fr0_cleaned,NBP_ideal,11,11
Orai1WT-START-Fr0_cleaned,NDA_ideal,11,11
Orai1WT-START-Fr0_cleaned,NDC_ideal,11,11
Orai1WT-START-Fr0_cleaned,NDP_ideal,11,11
Orai1WT-START-Fr0_cleaned,NE6_ideal,11,11
Orai1WT-START-Fr0_cleaned,NHO_ideal,11,11
Orai1WT-START-Fr0_cleaned,NMX_ideal,11,11
Orai1WT-START-Fr0_cleaned,NOV_ideal,11,11
Orai1WT-START-Fr0_cleaned,NTU_ideal,11,11
Orai1WT-START-Fr0_cleaned,NXX_ideal,11,11
Orai1WT-START-Fr0_cleaned,NZQ_ideal,11,11
Orai1WT-START-Fr0_cleaned,O8N_ideal,11,11
Orai1WT-START-Fr0_cleaned,ODD_ideal,11,11
Orai1WT-START-Fr0_cleaned,ODT_ideal,11,11
Orai1WT-START-Fr0_cleaned,OFF_ideal,11,11
Orai1WT-START-Fr0_cleaned,OHH_ideal,11,11
Orai1WT-START-Fr0_cleaned,OHM_ideal,11,11
Orai1WT-START-Fr0_cleaned,OHN_ideal,11,11
Orai1WT-START-Fr0_cleaned,OKA_ideal,11,11
Orai1WT-START-Fr0_cleaned,P1L_ideal,11,11
Orai1WT-START-Fr0_cleaned,P30_ideal,11,11
Orai1WT-START-Fr0_cleaned,P40_ideal,11,11
Orai1WT-START-Fr0_cleaned,P48_ideal,11,11
Orai1WT-START-Fr0_cleaned,P5S_ideal,11,11
Orai1WT-START-Fr0_cleaned,P89_ideal,11,11
Orai1WT-START-Fr0_cleaned,PAD_ideal,11,11
Orai1WT-START-Fr0_cleaned,PCM_ideal,11,11
Orai1WT-START-Fr0_cleaned,PD7_ideal,11,11
Orai1WT-START-Fr0_cleaned,PE5_ideal,11,11
Orai1WT-START-Fr0_cleaned,PE7_ideal,11,11
Orai1WT-START-Fr0_cleaned,PEF_ideal,11,11
Orai1WT-START-Fr0_cleaned,PGM_ideal,11,11
Orai1WT-START-Fr0_cleaned,PIE_ideal,11,11
Orai1WT-START-Fr0_cleaned,PKF_ideal,11,11
Orai1WT-START-Fr0_cleaned,PL3_ideal,11,11
Orai1WT-START-Fr0_cleaned,PLM_ideal,11,11
Orai1WT-START-Fr0_cleaned,PM4_ideal,11,11
Orai1WT-START-Fr0_cleaned,PM5_ideal,11,11
Orai1WT-START-Fr0_cleaned,PNF_ideal,11,11
Orai1WT-START-Fr0_cleaned,PNT_ideal,11,11
Orai1WT-START-Fr0_cleaned,PPX_ideal,11,11
Orai1WT-START-Fr0_cleaned,PQN_ideal,11,11
Orai1WT-START-Fr0_cleaned,PRT_ideal,11,11
Orai1WT-START-Fr0_cleaned,PSI_ideal,11,11
Orai1WT-START-Fr0_cleaned,PTG_ideal,11,11
Orai1WT-START-Fr0_cleaned,PUA_ideal,11,11
Orai1WT-START-Fr0_cleaned,PVC_ideal,11,11
Orai1WT-START-Fr0_cleaned,Q8U_ideal,11,11
Orai1WT-START-Fr0_cleaned,QCM_ideal,11,11
Orai1WT-START-Fr0_cleaned,QDH_ideal,11,11
Orai1WT-START-Fr0_cleaned,QFC_ideal,11,11
Orai1WT-START-Fr0_cleaned,QO4_ideal,11,11
Orai1WT-START-Fr0_cleaned,QWP_ideal,11,11
Orai1WT-START-Fr0_cleaned,R03_ideal,11,11
Orai1WT-START-Fr0_cleaned,R0Z_ideal,11,11
Orai1WT-START-Fr0_cleaned,R19_ideal,11,11
Orai1WT-START-Fr0_cleaned,R1H_ideal,11,11
Orai1WT-START-Fr0_cleaned,R1L_ideal,11,11
Orai1WT-START-Fr0_cleaned,R64_ideal,11,11
Orai1WT-START-Fr0_cleaned,R71_ideal,11,11
Orai1WT-START-Fr0_cleaned,R78_ideal,11,11
Orai1WT-START-Fr0_cleaned,R79_ideal,11,11
Orai1WT-START-Fr0_cleaned,RA4_ideal,11,11
Orai1WT-START-Fr0_cleaned,RA8_ideal,11,11
Orai1WT-START-Fr0_cleaned,RAP_ideal,11,11
Orai1WT-START-Fr0_cleaned,RCL_ideal,11,11
Orai1WT-START-Fr0_cleaned,RD8_ideal,11,11
Orai1WT-START-Fr0_cleaned,RFL_ideal,11,11
Orai1WT-START-Fr0_cleaned,RGA_ideal,11,11
Orai1WT-START-Fr0_cleaned,RGC_ideal,11,11
Orai1WT-START-Fr0_cleaned,RIF_ideal,11,11
Orai1WT-START-Fr0_cleaned,RIT_ideal,11,11
Orai1WT-START-Fr0_cleaned,ROC_ideal,11,11
Orai1WT-START-Fr0_cleaned,RR6_ideal,11,11
Orai1WT-START-Fr0_cleaned,RRX_ideal,11,11
Orai1WT-START-Fr0_cleaned,RX5_ideal,11,11
Orai1WT-START-Fr0_cleaned,RXD_ideal,11,11
Orai1WT-START-Fr0_cleaned,RYO_ideal,11,11
Orai1WT-START-Fr0_cleaned,RYW_ideal,11,11
Orai1WT-START-Fr0_cleaned,S1H_ideal,11,11
Orai1WT-START-Fr0_cleaned,S4R_ideal,11,11
Orai1WT-START-Fr0_cleaned,SAE_ideal,11,11
Orai1WT-START-Fr0_cleaned,SCA_ideal,11,11
Orai1WT-START-Fr0_cleaned,SCO_ideal,11,11
Orai1WT-START-Fr0_cleaned,SDZ_ideal,11,11
Orai1WT-START-Fr0_cleaned,SEI_ideal,11,11
Orai1WT-START-Fr0_cleaned,SFA_ideal,11,11
Orai1WT-START-Fr0_cleaned,SNA_ideal,11,11
Orai1WT-START-Fr0_cleaned,SND_ideal,11,11
Orai1WT-START-Fr0_cleaned,SPF_ideal,11,11
Orai1WT-START-Fr0_cleaned,SPR_ideal,11,11
Orai1WT-START-Fr0_cleaned,SPX_ideal,11,11
Orai1WT-START-Fr0_cleaned,SQL_ideal,11,11
Orai1WT-START-Fr0_cleaned,SQS_ideal,11,11
Orai1WT-START-Fr0_cleaned,SS4_ideal,11,11
Orai1WT-START-Fr0_cleaned,STE_ideal,11,11
Orai1WT-START-Fr0_cleaned,STI_ideal,11,11
Orai1WT-START-Fr0_cleaned,SUD_ideal,11,11
Orai1WT-START-Fr0_cleaned,SXH_ideal,11,11
Orai1WT-START-Fr0_cleaned,SXO_ideal,11,11
Orai1WT-START-Fr0_cleaned,T3X_ideal,11,11
Orai1WT-START-Fr0_cleaned,T4T_ideal,11,11
Orai1WT-START-Fr0_cleaned,T57_ideal,11,11
Orai1WT-START-Fr0_cleaned,T5A_ideal,11,11
Orai1WT-START-Fr0_cleaned,T87_ideal,11,11
Orai1WT-START-Fr0_cleaned,TAP_ideal,11,11
Orai1WT-START-Fr0_cleaned,TCH_ideal,11,11
Orai1WT-START-Fr0_cleaned,TD2_ideal,11,11
Orai1WT-START-Fr0_cleaned,TDT_ideal,11,11
Orai1WT-START-Fr0_cleaned,TEL_ideal,11,11
Orai1WT-START-Fr0_cleaned,TF3_ideal,11,11
Orai1WT-START-Fr0_cleaned,TGF_ideal,11,11
Orai1WT-START-Fr0_cleaned,THT_ideal,11,11
Orai1WT-START-Fr0_cleaned,TR1_ideal,11,11
Orai1WT-START-Fr0_cleaned,TS4_ideal,11,11
Orai1WT-START-Fr0_cleaned,TS5_ideal,11,11
Orai1WT-START-Fr0_cleaned,TUD_ideal,11,11
Orai1WT-START-Fr0_cleaned,TUI_ideal,11,11
Orai1WT-START-Fr0_cleaned,TUX_ideal,11,11
Orai1WT-START-Fr0_cleaned,TYK_ideal,11,11
Orai1WT-START-Fr0_cleaned,TZ4_ideal,11,11
Orai1WT-START-Fr0_cleaned,TZ5_ideal,11,11
Orai1WT-START-Fr0_cleaned,U04_ideal,11,11
Orai1WT-START-Fr0_cleaned,UAG_ideal,11,11
Orai1WT-START-Fr0_cleaned,UDH_ideal,11,11
Orai1WT-START-Fr0_cleaned,UK4_ideal,11,11
Orai1WT-START-Fr0_cleaned,UKA_ideal,11,11
Orai1WT-START-Fr0_cleaned,ULA_ideal,11,11
Orai1WT-START-Fr0_cleaned,UMA_ideal,11,11
Orai1WT-START-Fr0_cleaned,UMG_ideal,11,11
Orai1WT-START-Fr0_cleaned,UMQ_ideal,11,11
Orai1WT-START-Fr0_cleaned,UP5_ideal,11,11
Orai1WT-START-Fr0_cleaned,UR2_ideal,11,11
Orai1WT-START-Fr0_cleaned,V6G_ideal,11,11
Orai1WT-START-Fr0_cleaned,VCA_ideal,11,11
Orai1WT-START-Fr0_cleaned,VIV_ideal,11,11
Orai1WT-START-Fr0_cleaned,VS2_ideal,11,11
Orai1WT-START-Fr0_cleaned,VTQ_ideal,11,11
Orai1WT-START-Fr0_cleaned,VXI_ideal,11,11
Orai1WT-START-Fr0_cleaned,W35_ideal,11,11
Orai1WT-START-Fr0_cleaned,W42_ideal,11,11
Orai1WT-START-Fr0_cleaned,W43_ideal,11,11
Orai1WT-START-Fr0_cleaned,W56_ideal,11,11
Orai1WT-START-Fr0_cleaned,W59_ideal,11,11
Orai1WT-START-Fr0_cleaned,W71_ideal,11,11
Orai1WT-START-Fr0_cleaned,W8R_ideal,11,11
Orai1WT-START-Fr0_cleaned,WVN_ideal,11,11
Orai1WT-START-Fr0_cleaned,X2N_ideal,11,11
Orai1WT-START-Fr0_cleaned,X4U_ideal,11,11
Orai1WT-START-Fr0_cleaned,XAT_ideal,11,11
Orai1WT-START-Fr0_cleaned,XB7_ideal,11,11
Orai1WT-START-Fr0_cleaned,XC9_ideal,11,11
Orai1WT-START-Fr0_cleaned,XIN_ideal,11,11
Orai1WT-START-Fr0_cleaned,XMJ_ideal,11,11
Orai1WT-START-Fr0_cleaned,XNH_ideal,11,11
Orai1WT-START-Fr0_cleaned,XR1_ideal,11,11
Orai1WT-START-Fr0_cleaned,Y9J_ideal,11,11
Orai1WT-START-Fr0_cleaned,YG7_ideal,11,11
Orai1WT-START-Fr0_cleaned,YHR_ideal,11,11
Orai1WT-START-Fr0_cleaned,YIS_ideal,11,11
Orai1WT-START-Fr0_cleaned,YKQ_ideal,11,11
Orai1WT-START-Fr0_cleaned,YMA_ideal,11,11
Orai1WT-START-Fr0_cleaned,Z6V_ideal,11,11
Orai1WT-START-Fr0_cleaned,ZIY_ideal,11,11
