id,idx,name,n_records,n_none,heavy_ref,heavy_copy,same_heavy,same_elem_seq,formula_ref,formula_copy,same_formula,smiles_same,charge_ref,charge_copy,n_atoms_all_ref,n_atoms_all_copy,cd_to_ref,is_ref,match_ref_in_copy,match_copy_in_ref
5S8I_2LY,0,5S8I_2LY_A_1501,1,0,13,13,True,True,C8H9NO3S,C8H9NO3S,True,True,0,0,13,13,0.0,True,True,True
5SAK_ZRY,0,5SAK_ZRY_A_404,1,0,18,18,True,True,C14H12N4,C14H12N4,True,True,0,0,18,18,0.0,True,True,True
5SB2_1K2,0,5SB2_1K2_A_1006,1,0,30,30,True,True,C24H20ClN3O2,C24H20ClN3O2,True,True,0,0,30,30,0.0,True,True,True
5SD5_HWI,0,5SD5_HWI_A_202,1,0,29,29,True,True,C20H27N5O4,C20H27N5O4,True,True,0,0,29,29,0.0,True,True,True
5SIS_JSM,0,5SIS_JSM_A_803,1,0,32,32,True,True,C23H25N7O2,C23H25N7O2,True,True,0,0,32,32,0.0,True,True,True
6M2B_EZO,0,6M2B_EZO_A_403,1,0,25,25,True,True,C18H14ClN3O2S,C18H14ClN3O2S,True,True,0,0,25,25,0.0,True,True,True
6M73_FNR,0,6M73_FNR_A_401,1,0,31,31,True,True,C17H23N4O9P,C17H23N4O9P,True,True,0,0,31,31,0.0,True,True,True
6T88_MWQ,0,6T88_MWQ_A_608,1,0,10,10,True,True,C6H8N2O2,C6H8N2O2,True,True,0,0,10,10,0.0,True,True,True
6TW5_9M2,0,6TW5_9M2_CCC_501,3,0,31,31,True,True,C24H28FN5O,C24H28FN5O,True,True,0,0,31,31,0.0,True,True,True
6TW5_9M2,1,6TW5_9M2_BBB_501,3,0,31,31,True,True,C24H28FN5O,C24H28FN5O,True,True,0,0,31,31,66.92197868138418,False,True,True
6TW5_9M2,2,6TW5_9M2_AAA_501,3,0,31,31,True,True,C24H28FN5O,C24H28FN5O,True,True,0,0,31,31,63.90069527670254,False,True,True
6TW7_NZB,0,6TW7_NZB_AAA_1003,1,0,29,29,True,True,C23H23FN4O,C23H23FN4O,True,True,0,0,29,29,0.0,True,True,True
6VS3_R6V,0,6VS3_R6V_B_1201,2,0,36,36,True,True,C28H32N8,C28H32N8,True,True,0,0,36,36,0.0,True,True,True
6VS3_R6V,1,6VS3_R6V_A_1201,2,0,36,36,True,True,C28H32N8,C28H32N8,True,True,0,0,36,36,44.137935946385774,False,True,True
6VTA_AKN,0,6VTA_AKN_A_302,2,0,40,40,True,True,C22H43N5O13,C22H43N5O13,True,True,0,0,40,40,0.0,True,True,True
6VTA_AKN,1,6VTA_AKN_B_302,2,0,40,40,True,True,C22H43N5O13,C22H43N5O13,True,True,0,0,40,40,39.87811542765342,False,True,True
6W59_SZD,0,6W59_SZD_A_602,1,0,32,32,True,True,C20H13F5N2O4S,C20H13F5N2O4S,True,True,0,0,32,32,0.0,True,True,True
6WTN_RXT,0,6WTN_RXT_A_1204,1,0,23,23,True,True,C17H18N6,C17H18N6,True,True,0,0,23,23,0.0,True,True,True
6X8D_ARA,0,6X8D_ARA_A_207,1,0,10,10,True,True,C5H10O5,C5H10O5,True,True,0,0,10,10,0.0,True,True,True
6XAF_GDP,0,6XAF_GDP_B_1602,2,0,28,28,True,True,C10H15N5O11P2,C10H15N5O11P2,True,True,0,0,28,28,0.0,True,True,True
6XAF_GDP,1,6XAF_GDP_A_1602,2,0,28,28,True,True,C10H15N5O11P2,C10H15N5O11P2,True,True,0,0,28,28,36.08591943256216,False,True,True
6XBO_5MC,0,6XBO_5MC_A_401,1,0,22,22,True,True,C10H16N3O8P,C10H16N3O8P,True,True,0,0,22,22,0.0,True,True,True
6XCT_478,0,6XCT_478_A_401,1,0,35,35,True,True,C25H35N3O6S,C25H35N3O6S,True,True,0,0,35,35,0.0,True,True,True
6XG5_TOP,0,6XG5_TOP_A_303,1,0,21,21,True,True,C14H18N4O3,C14H18N4O3,True,True,0,0,21,21,0.0,True,True,True
6XHT_V2V,0,6XHT_V2V_E_301,2,0,34,34,True,True,C14H25N3O15P2,C14H25N3O15P2,True,True,0,0,34,34,0.0,True,True,True
6XHT_V2V,1,6XHT_V2V_B_301,2,0,34,34,True,True,C14H25N3O15P2,C14H25N3O15P2,True,False,0,0,34,34,88.74845395644459,False,True,True
6XM9_V55,0,6XM9_V55_A_501,1,0,11,11,True,True,C8H8O3,C8H8O3,True,True,0,0,11,11,0.0,True,True,True
6XUM_30L,0,6XUM_30L_A_401,1,0,25,25,True,True,C16H13FN2O6,C16H13FN2O6,True,True,0,0,25,25,0.0,True,True,True
6Y7L_QMG,0,6Y7L_QMG_A_301,1,0,25,25,True,True,C20H19N3O2,C20H19N3O2,True,True,0,0,25,25,0.0,True,True,True
6YDY_K73,0,6YDY_K73_A_302,1,0,28,28,True,True,C22H28N4O2,C22H28N4O2,True,True,0,0,28,28,0.0,True,True,True
6YJA_2BA,0,6YJA_2BA_B_201,2,0,44,44,True,True,C20H24N10O12P2,C20H24N10O12P2,True,True,0,0,44,44,0.0,True,True,True
6YJA_2BA,1,6YJA_2BA_A_201,2,0,44,44,True,True,C20H24N10O12P2,C20H24N10O12P2,True,False,0,0,44,44,13.843955877319212,False,True,True
6YMS_OZH,0,6YMS_OZH_E_409,1,0,35,35,True,True,C24H32N3O7P,C24H32N3O7P,True,True,0,0,35,35,0.0,True,True,True
6YQV_8K2,0,6YQV_8K2_H_308,1,0,10,10,True,True,C4H4ClNO2S2,C4H4ClNO2S2,True,True,0,0,10,10,0.0,True,True,True
6YQW_82I,0,6YQW_82I_A_201,1,0,11,11,True,True,C6H8ClN3O,C6H8ClN3O,True,True,0,0,11,11,0.0,True,True,True
6YR2_T1C,0,6YR2_T1C_BBB_1001,1,0,42,42,True,True,C29H41N5O8+2,C29H41N5O8+2,True,True,2,2,42,42,0.0,True,True,True
6YRV_PJ8,0,6YRV_PJ8_AAA_802,1,0,17,17,True,True,C17H36,C17H36,True,True,0,0,17,17,0.0,True,True,True
6YSP_PAL,0,6YSP_PAL_C_401,1,0,16,16,True,True,C6H10NO8P,C6H10NO8P,True,True,0,0,16,16,0.0,True,True,True
6YT6_PKE,0,6YT6_PKE_B_701,2,0,31,31,True,True,C20H21N7O3S,C20H21N7O3S,True,True,0,0,31,31,0.0,True,True,True
6YT6_PKE,1,6YT6_PKE_A_701,2,0,31,31,True,True,C20H21N7O3S,C20H21N7O3S,True,True,0,0,31,31,44.953123383513656,False,True,True
6YYO_Q1K,0,6YYO_Q1K_BBB_323,2,0,19,19,True,True,C10H14N6O2S,C10H14N6O2S,True,True,0,0,19,19,0.0,True,True,True
6YYO_Q1K,1,6YYO_Q1K_AAA_317,2,0,19,19,True,True,C10H14N6O2S,C10H14N6O2S,True,True,0,0,19,19,7.761231064892942,False,True,True
6Z0R_Q4H,0,6Z0R_Q4H_A_301,1,0,9,9,True,True,C5H4N4,C5H4N4,True,True,0,0,9,9,0.0,True,True,True
6Z14_Q4Z,0,6Z14_Q4Z_JJJ_1103,1,0,18,18,True,True,C8H13NO8S,C8H13NO8S,True,True,0,0,18,18,0.0,True,True,True
6Z1C_7EY,0,6Z1C_7EY_A_501,1,0,22,22,True,True,C16H14N2O2S2,C16H14N2O2S2,True,True,0,0,22,22,0.0,True,True,True
6Z2C_Q5E,0,6Z2C_Q5E_B_201,3,0,26,26,True,True,C15H13Cl6NO4,C15H13Cl6NO4,True,True,0,0,26,26,0.0,True,True,True
6Z2C_Q5E,1,6Z2C_Q5E_A_201,3,0,26,26,True,True,C15H13Cl6NO4,C15H13Cl6NO4,True,True,0,0,26,26,45.64751493697765,False,True,True
6Z2C_Q5E,2,6Z2C_Q5E_C_201,3,0,26,26,True,True,C15H13Cl6NO4,C15H13Cl6NO4,True,True,0,0,26,26,45.474875878670325,False,True,True
6Z4N_Q7B,0,6Z4N_Q7B_BBB_402,2,0,20,20,True,True,C18H18O2,C18H18O2,True,True,0,0,20,20,0.0,True,True,True
6Z4N_Q7B,1,6Z4N_Q7B_AAA_402,2,0,20,20,True,True,C18H18O2,C18H18O2,True,True,0,0,20,20,33.74510324673049,False,True,True
6Z5Z_BDF,0,6Z5Z_BDF_A_102,2,0,12,12,True,True,C6H12O6,C6H12O6,True,True,0,0,12,12,0.0,True,True,True
6Z5Z_BDF,1,6Z5Z_BDF_A_103,2,0,12,12,True,True,C6H12O6,C6H12O6,True,True,0,0,12,12,17.853716488684743,False,True,True
6ZAE_ACV,0,6ZAE_ACV_A_403,1,0,24,24,True,True,C14H25N3O6S,C14H25N3O6S,True,True,0,0,24,24,0.0,True,True,True
6ZC3_JOR,0,6ZC3_JOR_B_401,2,0,15,15,True,True,C8H8FNO4S,C8H8FNO4S,True,True,0,0,15,15,0.0,True,True,True
6ZC3_JOR,1,6ZC3_JOR_A_402,2,0,15,15,True,True,C8H8FNO4S,C8H8FNO4S,True,True,0,0,15,15,21.007569629805136,False,True,True
6ZCY_QF8,0,6ZCY_QF8_A_701,1,0,33,33,True,True,C22H26N10O,C22H26N10O,True,True,0,0,33,33,0.0,True,True,True
6ZK5_IMH,0,6ZK5_IMH_A_402,2,0,19,19,True,True,C11H14N4O4,C11H14N4O4,True,True,0,0,19,19,0.0,True,True,True
6ZK5_IMH,1,6ZK5_IMH_B_401,2,0,19,19,True,True,C11H14N4O4,C11H14N4O4,True,True,0,0,19,19,36.60025876923645,False,True,True
6ZPB_3D1,0,6ZPB_3D1_A_201,1,0,18,18,True,True,C10H13N5O3,C10H13N5O3,True,True,0,0,18,18,0.0,True,True,True
6ZR8_QOZ,0,6ZR8_QOZ_A_302,1,0,33,33,True,True,C25H28N4O3S,C25H28N4O3S,True,True,0,0,33,33,0.0,True,True,True
6ZT2_QPK,0,6ZT2_QPK_A_303,1,0,10,10,True,True,C6H3ClF2O,C6H3ClF2O,True,True,0,0,10,10,0.0,True,True,True
6ZX3_QRZ,0,6ZX3_QRZ_A_501,1,0,24,24,True,True,C10H14N3O9PS,C10H14N3O9PS,True,True,0,0,24,24,0.0,True,True,True
6ZXQ_IMO,0,6ZXQ_IMO_A_503,1,0,27,27,True,True,C10H14N4O11P2,C10H14N4O11P2,True,True,0,0,27,27,0.0,True,True,True
7A1P_QW2,0,7A1P_QW2_A_505,1,0,13,13,True,True,C8H12O5,C8H12O5,True,True,0,0,13,13,0.0,True,True,True
7A9E_R4W,0,7A9E_R4W_A_404,2,0,6,6,True,True,C3H8O2S,C3H8O2S,True,True,0,0,6,6,0.0,True,True,True
7A9E_R4W,1,7A9E_R4W_A_405,2,0,6,6,True,True,C3H8O2S,C3H8O2S,True,True,0,0,6,6,4.917980276495622,False,True,True
7A9H_TPP,0,7A9H_TPP_AAA_702,2,0,26,26,True,True,C12H19N4O7P2S+,C12H19N4O7P2S+,True,True,1,1,26,26,0.0,True,True,True
7A9H_TPP,1,7A9H_TPP_BBB_702,2,0,26,26,True,True,C12H19N4O7P2S+,C12H19N4O7P2S+,True,True,1,1,26,26,30.004558236055203,False,True,True
7AA0_R6B,0,7AA0_R6B_BBB_201,2,0,26,26,True,True,C23H27NO2,C23H27NO2,True,True,0,0,26,26,0.0,True,True,True
7AA0_R6B,1,7AA0_R6B_AAA_201,2,0,26,26,True,True,C23H27NO2,C23H27NO2,True,True,0,0,26,26,41.68849785717013,False,True,True
7AFX_R9K,0,7AFX_R9K_A_304,2,0,20,20,True,True,C16H12ClNO2,C16H12ClNO2,True,True,0,0,20,20,0.0,True,True,True
7AFX_R9K,1,7AFX_R9K_B_304,2,0,20,20,True,True,C16H12ClNO2,C16H12ClNO2,True,True,0,0,20,20,14.486735559297003,False,True,True
7AKL_RK5,0,7AKL_RK5_A_501,1,0,19,19,True,True,C15H15N3O,C15H15N3O,True,True,0,0,19,19,0.0,True,True,True
7AMC_73B,0,7AMC_73B_B_201,2,0,31,31,True,True,C25H23ClN2O3,C25H23ClN2O3,True,True,0,0,31,31,0.0,True,True,True
7AMC_73B,1,7AMC_73B_A_201,2,0,31,31,True,True,C25H23ClN2O3,C25H23ClN2O3,True,True,0,0,31,31,31.295586421792322,False,True,True
7AN5_RDH,0,7AN5_RDH_A_301,2,0,15,15,True,True,C10H8O5,C10H8O5,True,True,0,0,15,15,0.0,True,True,True
7AN5_RDH,1,7AN5_RDH_B_301,2,0,15,15,True,True,C10H8O5,C10H8O5,True,True,0,0,15,15,41.01602284690433,False,True,True
7AS1_21G,0,7AS1_21G_A_501,1,0,29,29,True,True,C20H19F2N5O2,C20H19F2N5O2,True,True,0,0,29,29,0.0,True,True,True
7AVI_S2Q,0,7AVI_S2Q_A_1101,2,0,27,27,True,True,C18H20N4O4S,C18H20N4O4S,True,True,0,0,27,27,0.0,True,True,True
7AVI_S2Q,1,7AVI_S2Q_B_1101,2,0,27,27,True,True,C18H20N4O4S,C18H20N4O4S,True,True,0,0,27,27,93.74817542604194,False,True,True
7B0E_C2E,0,7B0E_C2E_A_401,1,0,46,46,True,True,C20H24N10O14P2,C20H24N10O14P2,True,True,0,0,46,46,0.0,True,True,True
7B2C_TP7,0,7B2C_TP7_A_1204,2,0,21,21,True,True,C11H22NO7PS,C11H22NO7PS,True,True,0,0,21,21,0.0,True,True,True
7B2C_TP7,1,7B2C_TP7_D_701,2,0,21,21,True,True,C11H22NO7PS,C11H22NO7PS,True,True,0,0,21,21,30.270324153842232,False,True,True
7B94_ANP,0,7B94_ANP_A_401,2,0,31,31,True,True,C10H17N6O12P3,C10H17N6O12P3,True,True,0,0,31,31,0.0,True,True,True
7B94_ANP,1,7B94_ANP_B_401,2,0,31,31,True,True,C10H17N6O12P3,C10H17N6O12P3,True,False,0,0,31,31,26.168692758760294,False,True,True
7BA0_T5H,0,7BA0_T5H_A_201,1,0,55,55,True,True,C43H55NO11,C43H55NO11,True,True,0,0,55,55,0.0,True,True,True
7BCP_GCO,0,7BCP_GCO_A_401,1,0,13,13,True,True,C6H12O7,C6H12O7,True,True,0,0,13,13,0.0,True,True,True
7BHX_TO5,0,7BHX_TO5_A_402,1,0,21,21,True,True,C15H13ClN4O,C15H13ClN4O,True,True,0,0,21,21,0.0,True,True,True
7BJ6_TVK,0,7BJ6_TVK_A_207,1,0,37,37,True,True,C28H27Cl2FN2O4,C28H27Cl2FN2O4,True,True,0,0,37,37,0.0,True,True,True
7BJJ_TVW,0,7BJJ_TVW_A_301,1,0,10,10,True,True,C5H5N5,C5H5N5,True,True,0,0,10,10,0.0,True,True,True
7BKA_4JC,0,7BKA_4JC_D_201,5,0,12,12,True,True,C8H11NO2S,C8H11NO2S,True,True,0,0,12,12,0.0,True,True,True
7BKA_4JC,1,7BKA_4JC_A_201,5,0,12,12,True,True,C8H11NO2S,C8H11NO2S,True,True,0,0,12,12,66.46619919150844,False,True,True
7BKA_4JC,2,7BKA_4JC_E_201,5,0,12,12,True,True,C8H11NO2S,C8H11NO2S,True,True,0,0,12,12,18.875323687253978,False,True,True
7BKA_4JC,3,7BKA_4JC_B_201,5,0,12,12,True,True,C8H11NO2S,C8H11NO2S,True,True,0,0,12,12,39.48798298049744,False,True,True
7BKA_4JC,4,7BKA_4JC_C_201,5,0,12,12,True,True,C8H11NO2S,C8H11NO2S,True,True,0,0,12,12,43.84925864016023,False,True,True
7BLA_WCS,0,7BLA_WCS_A_1901,1,0,32,32,True,True,C22H30N6O3S,C22H30N6O3S,True,True,0,0,32,32,0.0,True,True,True
7BLG_GAL,0,7BLG_GAL_A_201,1,0,12,12,True,True,C6H12O6,C6H12O6,True,True,0,0,12,12,0.0,True,True,True
7BMI_U4B,0,7BMI_U4B_A_802,1,0,13,13,True,True,C7H4FNO4,C7H4FNO4,True,True,0,0,13,13,0.0,True,True,True
7BNH_BEZ,0,7BNH_BEZ_A_501,1,0,9,9,True,True,C7H6O2,C7H6O2,True,True,0,0,9,9,0.0,True,True,True
7BTT_F8R,0,7BTT_F8R_A_1501,1,0,40,40,True,True,C28H33N7O4S,C28H33N7O4S,True,True,0,0,40,40,0.0,True,True,True
7C0U_FGO,0,7C0U_FGO_B_506,2,0,43,43,True,True,C22H28N7O13P,C22H28N7O13P,True,True,0,0,43,43,0.0,True,True,True
7C0U_FGO,1,7C0U_FGO_A_509,2,0,43,43,True,True,C22H28N7O13P,C22H28N7O13P,True,True,0,0,43,43,58.806840740847626,False,True,True
7C3U_AZG,0,7C3U_AZG_B_202,2,0,11,11,True,True,C4H4N6O,C4H4N6O,True,True,0,0,11,11,0.0,True,True,True
7C3U_AZG,1,7C3U_AZG_A_202,2,0,11,11,True,True,C4H4N6O,C4H4N6O,True,True,0,0,11,11,21.76796415274915,False,True,True
7C6P_SQH,0,7C6P_SQH_A_501,1,0,21,21,True,True,C15H10O6,C15H10O6,True,True,0,0,21,21,0.0,True,True,True
7C8Q_DSG,0,7C8Q_DSG_A_401,2,0,9,9,True,True,C4H8N2O3,C4H8N2O3,True,True,0,0,9,9,0.0,True,True,True
7C8Q_DSG,1,7C8Q_DSG_B_401,2,0,9,9,True,True,C4H8N2O3,C4H8N2O3,True,True,0,0,9,9,36.6384002107079,False,True,True
7CD9_FVR,0,7CD9_FVR_A_501,2,0,33,33,True,True,C26H29N5O2,C26H29N5O2,True,True,0,0,33,33,0.0,True,True,True
7CD9_FVR,1,7CD9_FVR_B_501,2,0,33,33,True,True,C26H29N5O2,C26H29N5O2,True,True,0,0,33,33,5.014628891747301,False,True,True
7CIJ_G0C,0,7CIJ_G0C_B_601,2,0,21,21,True,True,C12H19N2O5PS,C12H19N2O5PS,True,True,0,0,21,21,0.0,True,True,True
7CIJ_G0C,1,7CIJ_G0C_A_601,2,0,21,21,True,True,C12H19N2O5PS,C12H19N2O5PS,True,True,0,0,21,21,26.014734800347792,False,True,True
7CL8_TES,0,7CL8_TES_A_505,1,0,21,21,True,True,C19H28O2,C19H28O2,True,True,0,0,21,21,0.0,True,True,True
7CNQ_G8X,0,7CNQ_G8X_A_602,4,0,9,9,True,True,C5H9NO3,C5H9NO3,True,True,0,0,9,9,0.0,True,True,True
7CNQ_G8X,1,7CNQ_G8X_C_602,4,0,9,9,True,True,C5H9NO3,C5H9NO3,True,True,0,0,9,9,55.434866213076845,False,True,True
7CNQ_G8X,2,7CNQ_G8X_D_602,4,0,9,9,True,True,C5H9NO3,C5H9NO3,True,True,0,0,9,9,57.93224589409022,False,True,True
7CNQ_G8X,3,7CNQ_G8X_B_602,4,0,9,9,True,True,C5H9NO3,C5H9NO3,True,True,0,0,9,9,53.63920482477875,False,True,True
7CNS_PMV,0,7CNS_PMV_A_501,1,0,14,14,True,True,C6H13O7P,C6H13O7P,True,True,0,0,14,14,0.0,True,True,True
7CTM_BDP,0,7CTM_BDP_A_501,1,0,13,13,True,True,C6H10O7,C6H10O7,True,True,0,0,13,13,0.0,True,True,True
7CUO_PHB,0,7CUO_PHB_B_306,2,0,10,10,True,True,C7H6O3,C7H6O3,True,True,0,0,10,10,0.0,True,True,True
7CUO_PHB,1,7CUO_PHB_A_304,2,0,10,10,True,True,C7H6O3,C7H6O3,True,True,0,0,10,10,37.82704639355286,False,True,True
7D0P_1VU,0,7D0P_1VU_A_701,1,0,52,52,True,True,C24H40N7O17P3S,C24H40N7O17P3S,True,True,0,0,52,52,0.0,True,True,True
7D5C_GV6,0,7D5C_GV6_A_1002,1,0,31,31,True,True,C16H25N6O8P,C16H25N6O8P,True,True,0,0,31,31,0.0,True,True,True
7D6O_MTE,0,7D6O_MTE_B_1403,2,0,24,24,True,True,C10H14N5O6PS2,C10H14N5O6PS2,True,True,0,0,24,24,0.0,True,True,True
7D6O_MTE,1,7D6O_MTE_A_1403,2,0,24,24,True,True,C10H14N5O6PS2,C10H14N5O6PS2,True,True,0,0,24,24,48.76658539927938,False,True,True
7D8Q_GZF,0,7D8Q_GZF_A_201,1,0,28,28,True,True,C10H15N5O10P2S,C10H15N5O10P2S,True,True,0,0,28,28,0.0,True,True,True
7D9L_GSF,0,7D9L_GSF_A_305,1,0,22,22,True,True,C10H17N3O8S,C10H17N3O8S,True,True,0,0,22,22,0.0,True,True,True
7DIN_MPO,0,7DIN_MPO_A_201,1,0,13,13,True,True,C7H15NO4S,C7H15NO4S,True,True,0,0,13,13,0.0,True,True,True
7DKT_GLF,0,7DKT_GLF_A_1001,1,0,12,12,True,True,C6H11FO5,C6H11FO5,True,True,0,0,12,12,0.0,True,True,True
7DQL_4CL,0,7DQL_4CL_B_301,2,0,9,9,True,True,C6H5ClO2,C6H5ClO2,True,True,0,0,9,9,0.0,True,True,True
7DQL_4CL,1,7DQL_4CL_A_302,2,0,9,9,True,True,C6H5ClO2,C6H5ClO2,True,True,0,0,9,9,43.078248541404996,False,True,True
7DUA_HJ0,0,7DUA_HJ0_B_1101,2,0,23,23,True,True,C15H17N7O,C15H17N7O,True,True,0,0,23,23,0.0,True,True,True
7DUA_HJ0,1,7DUA_HJ0_A_1101,2,0,23,23,True,True,C15H17N7O,C15H17N7O,True,True,0,0,23,23,31.536715636388557,False,True,True
7E2S_BLA,0,7E2S_BLA_A_301,1,0,43,43,True,True,C33H34N4O6,C33H34N4O6,True,True,0,0,43,43,0.0,True,True,True
7E4L_MDN,0,7E4L_MDN_A_301,2,0,9,9,True,True,CH6O6P2,CH6O6P2,True,True,0,0,9,9,0.0,True,True,True
7E4L_MDN,1,7E4L_MDN_B_301,2,0,9,9,True,True,CH6O6P2,CH6O6P2,True,True,0,0,9,9,38.98626890566966,False,True,True
7EBG_J0L,0,7EBG_J0L_A_502,1,0,14,14,True,True,C11H14N2O,C11H14N2O,True,True,0,0,14,14,0.0,True,True,True
7ECR_SIN,0,7ECR_SIN_B_505,3,0,8,8,True,True,C4H6O4,C4H6O4,True,True,0,0,8,8,0.0,True,True,True
7ECR_SIN,1,7ECR_SIN_A_506,3,0,8,8,True,True,C4H6O4,C4H6O4,True,True,0,0,8,8,36.04665305068211,False,True,True
7ECR_SIN,2,7ECR_SIN_C_508,3,0,8,8,True,True,C4H6O4,C4H6O4,True,True,0,0,8,8,35.88653837400244,False,True,True
7ED2_A3P,0,7ED2_A3P_B_301,2,0,27,27,True,True,C10H15N5O10P2,C10H15N5O10P2,True,True,0,0,27,27,0.0,True,True,True
7ED2_A3P,1,7ED2_A3P_A_301,2,0,27,27,True,True,C10H15N5O10P2,C10H15N5O10P2,True,True,0,0,27,27,15.883227359208433,False,True,True
7ELT_TYM,0,7ELT_TYM_A_401,1,0,37,37,True,True,C21H24N7O8P,C21H24N7O8P,True,True,0,0,37,37,0.0,True,True,True
7EN7_J79,0,7EN7_J79_A_301,1,0,24,24,True,True,C11H20NO11P,C11H20NO11P,True,True,0,0,24,24,0.0,True,True,True
7EPV_FDA,0,7EPV_FDA_A_401,1,0,53,53,True,True,C27H35N9O15P2,C27H35N9O15P2,True,True,0,0,53,53,0.0,True,True,True
7ES1_UDP,0,7ES1_UDP_A_501,1,0,25,25,True,True,C9H14N2O12P2,C9H14N2O12P2,True,True,0,0,25,25,0.0,True,True,True
7F51_BA7,0,7F51_BA7_A_402,1,0,44,44,True,True,C22H27N5O15P2,C22H27N5O15P2,True,True,0,0,44,44,0.0,True,True,True
7F5D_EUO,0,7F5D_EUO_A_201,1,0,21,21,True,True,C14H14N4O2S,C14H14N4O2S,True,True,0,0,21,21,0.0,True,True,True
7F8T_FAD,0,7F8T_FAD_A_512,1,0,53,53,True,True,C27H33N9O15P2,C27H33N9O15P2,True,True,0,0,53,53,0.0,True,True,True
7FB7_8NF,0,7FB7_8NF_A_304,2,0,9,9,True,True,C7H10N2,C7H10N2,True,True,0,0,9,9,0.0,True,True,True
7FB7_8NF,1,7FB7_8NF_B_302,2,0,9,9,True,True,C7H10N2,C7H10N2,True,True,0,0,9,9,37.205678099942524,False,True,True
7FHA_ADX,0,7FHA_ADX_A_1001,2,0,27,27,True,True,C10H14N5O10PS,C10H14N5O10PS,True,True,0,0,27,27,0.0,True,True,True
7FHA_ADX,1,7FHA_ADX_B_1001,2,0,27,27,True,True,C10H14N5O10PS,C10H14N5O10PS,True,False,0,0,27,27,46.13473570500481,False,True,True
7FRX_O88,0,7FRX_O88_E_605,4,0,30,30,True,True,C19H17NO8S2,C19H17NO8S2,True,True,0,0,30,30,0.0,True,True,True
7FRX_O88,1,7FRX_O88_F_605,4,0,30,30,True,True,C19H17NO8S2,C19H17NO8S2,True,True,0,0,30,30,24.326604535432683,False,True,True
7FRX_O88,2,7FRX_O88_A_605,4,0,30,30,True,True,C19H17NO8S2,C19H17NO8S2,True,True,0,0,30,30,74.67312518289295,False,True,True
7FRX_O88,3,7FRX_O88_B_605,4,0,30,30,True,True,C19H17NO8S2,C19H17NO8S2,True,True,0,0,30,30,79.18326210844337,False,True,True
7FT9_4MB,0,7FT9_4MB_C_301,1,0,14,14,True,True,C8H9NO4S,C8H9NO4S,True,True,0,0,14,14,0.0,True,True,True
7JG0_GAR,0,7JG0_GAR_A_1101,1,0,18,18,True,True,C7H13N2O8P-2,C7H13N2O8P-2,True,True,-2,-2,18,18,0.0,True,True,True
7JGW_V9S,0,7JGW_V9S_A_301,1,0,45,45,True,True,C35H31N5O4S,C35H31N5O4S,True,True,0,0,45,45,0.0,True,True,True
7JHQ_VAJ,0,7JHQ_VAJ_A_301,4,0,18,18,True,True,C14H10O4,C14H10O4,True,True,0,0,18,18,0.0,True,True,True
7JHQ_VAJ,1,7JHQ_VAJ_D_301,4,0,18,18,True,True,C14H10O4,C14H10O4,True,True,0,0,18,18,37.08703946549003,False,True,True
7JHQ_VAJ,2,7JHQ_VAJ_C_301,4,0,18,18,True,True,C14H10O4,C14H10O4,True,True,0,0,18,18,28.78198377516655,False,True,True
7JHQ_VAJ,3,7JHQ_VAJ_B_301,4,0,18,18,True,True,C14H10O4,C14H10O4,True,True,0,0,18,18,42.86138257277036,False,True,True
7JMV_4NC,0,7JMV_4NC_A_301,1,0,11,11,True,True,C6H5NO4,C6H5NO4,True,True,0,0,11,11,0.0,True,True,True
7JNB_A2G,0,7JNB_A2G_A_503,1,0,15,15,True,True,C8H15NO6,C8H15NO6,True,True,0,0,15,15,0.0,True,True,True
7JR8_VH7,0,7JR8_VH7_B_203,2,0,28,28,True,True,C23H27N3O2,C23H27N3O2,True,True,0,0,28,28,0.0,True,True,True
7JR8_VH7,1,7JR8_VH7_A_205,2,0,28,28,True,True,C23H27N3O2,C23H27N3O2,True,True,0,0,28,28,24.58384221669192,False,True,True
7JUD_MMA,0,7JUD_MMA_A_803,2,0,13,13,True,True,C7H14O6,C7H14O6,True,True,0,0,13,13,0.0,True,True,True
7JUD_MMA,1,7JUD_MMA_B_802,2,0,13,13,True,True,C7H14O6,C7H14O6,True,True,0,0,13,13,34.30439710339214,False,True,True
7JXX_VP7,0,7JXX_VP7_A_401,1,0,25,25,True,True,C20H20N4O,C20H20N4O,True,True,0,0,25,25,0.0,True,True,True
7JY3_VUD,0,7JY3_VUD_A_204,2,0,27,27,True,True,C19H16FN5O2,C19H16FN5O2,True,True,0,0,27,27,0.0,True,True,True
7JY3_VUD,1,7JY3_VUD_C_201,2,0,27,27,True,True,C19H16FN5O2,C19H16FN5O2,True,True,0,0,27,27,5.802006659518058,False,True,True
7K0V_VQP,0,7K0V_VQP_B_801,4,0,32,32,True,True,C23H27F2N5O2,C23H27F2N5O2,True,True,0,0,32,32,0.0,True,True,True
7K0V_VQP,1,7K0V_VQP_C_801,4,0,32,32,True,True,C23H27F2N5O2,C23H27F2N5O2,True,True,0,0,32,32,41.77492939600276,False,True,True
7K0V_VQP,2,7K0V_VQP_A_801,4,0,32,32,True,True,C23H27F2N5O2,C23H27F2N5O2,True,True,0,0,32,32,34.92992825276292,False,True,True
7K0V_VQP,3,7K0V_VQP_D_801,4,0,32,32,True,True,C23H27F2N5O2,C23H27F2N5O2,True,True,0,0,32,32,38.854786445539965,False,True,True
7K41_VUA,0,7K41_VUA_A_2602,1,0,22,22,True,True,C18H24N4,C18H24N4,True,True,0,0,22,22,0.0,True,True,True
7KB1_WBJ,0,7KB1_WBJ_B_501,3,0,22,22,True,True,C12H15N2O7P,C12H15N2O7P,True,True,0,0,22,22,0.0,True,True,True
7KB1_WBJ,1,7KB1_WBJ_A_501,3,0,22,22,True,True,C12H15N2O7P,C12H15N2O7P,True,True,0,0,22,22,29.53476575426138,False,True,True
7KB1_WBJ,2,7KB1_WBJ_C_501,3,0,22,22,True,True,C12H15N2O7P,C12H15N2O7P,True,True,0,0,22,22,45.37864471264662,False,True,True
7KC5_BJZ,0,7KC5_BJZ_C_402,2,0,37,37,True,True,C26H19Cl2N5O4,C26H19Cl2N5O4,True,True,0,0,37,37,0.0,True,True,True
7KC5_BJZ,1,7KC5_BJZ_A_402,2,0,37,37,True,True,C26H19Cl2N5O4,C26H19Cl2N5O4,True,True,0,0,37,37,50.155033479554994,False,True,True
7KFO_IAC,0,7KFO_IAC_A_201,1,0,13,13,True,True,C10H9NO2,C10H9NO2,True,True,0,0,13,13,0.0,True,True,True
7KLX_WOV,0,7KLX_WOV_A_401,1,0,17,17,True,True,C13H13NO3,C13H13NO3,True,True,0,0,17,17,0.0,True,True,True
7KM8_WPD,0,7KM8_WPD_A_202,2,0,29,29,True,True,C19H24F2N4O4,C19H24F2N4O4,True,True,0,0,29,29,0.0,True,True,True
7KM8_WPD,1,7KM8_WPD_B_203,2,0,29,29,True,True,C19H24F2N4O4,C19H24F2N4O4,True,True,0,0,29,29,17.502377100657004,False,True,True
7KP6_WTP,0,7KP6_WTP_A_401,2,0,28,28,True,True,C20H27ClN6O,C20H27ClN6O,True,True,0,0,28,28,0.0,True,True,True
7KP6_WTP,1,7KP6_WTP_B_401,2,0,28,28,True,True,C20H27ClN6O,C20H27ClN6O,True,True,0,0,28,28,47.323808764156226,False,True,True
7KQU_YOF,0,7KQU_YOF_B_402,2,0,14,14,True,True,C9H10FNO3,C9H10FNO3,True,True,0,0,14,14,0.0,True,True,True
7KQU_YOF,1,7KQU_YOF_A_403,2,0,14,14,True,True,C9H10FNO3,C9H10FNO3,True,True,0,0,14,14,27.80425514619469,False,True,True
7KRU_ATP,0,7KRU_ATP_A_607,2,0,31,31,True,True,C10H16N5O13P3,C10H16N5O13P3,True,True,0,0,31,31,0.0,True,True,True
7KRU_ATP,1,7KRU_ATP_B_609,2,0,31,31,True,True,C10H16N5O13P3,C10H16N5O13P3,True,True,0,0,31,31,25.778766057361317,False,True,True
7KZ9_XN7,0,7KZ9_XN7_B_601,2,0,11,11,True,True,C6H14N2O3,C6H14N2O3,True,True,0,0,11,11,0.0,True,True,True
7KZ9_XN7,1,7KZ9_XN7_A_601,2,0,11,11,True,True,C6H14N2O3,C6H14N2O3,True,True,0,0,11,11,53.51237252826028,False,True,True
7L00_XCJ,0,7L00_XCJ_A_402,4,0,27,27,True,True,C17H14N4O3S3,C17H14N4O3S3,True,True,0,0,27,27,0.0,True,True,True
7L00_XCJ,1,7L00_XCJ_D_402,4,0,27,27,True,True,C17H14N4O3S3,C17H14N4O3S3,True,True,0,0,27,27,55.75001298750517,False,True,True
7L00_XCJ,2,7L00_XCJ_B_402,4,0,27,27,True,True,C17H14N4O3S3,C17H14N4O3S3,True,True,0,0,27,27,31.82145715347382,False,True,True
7L00_XCJ,3,7L00_XCJ_C_402,4,0,27,27,True,True,C17H14N4O3S3,C17H14N4O3S3,True,True,0,0,27,27,53.292251317674435,False,True,True
7L03_F9F,0,7L03_F9F_A_301,1,0,22,22,True,True,C9H11F3NO7PS,C9H11F3NO7PS,True,True,0,0,22,22,0.0,True,True,True
7L5F_XNG,0,7L5F_XNG_A_304,1,0,18,18,True,True,C14H27NO3,C14H27NO3,True,True,0,0,18,18,0.0,True,True,True
7L6D_BMF,0,7L6D_BMF_A_501,1,0,28,28,True,True,C17H20N6O4S,C17H20N6O4S,True,True,0,0,28,28,0.0,True,True,True
7L7C_XQ1,0,7L7C_XQ1_A_201,1,0,21,21,True,True,C17H14O4,C17H14O4,True,True,0,0,21,21,0.0,True,True,True
7L81_UD4,0,7L81_UD4_AAA_301,1,0,38,38,True,True,C17H28N4O15P2,C17H28N4O15P2,True,True,0,0,38,38,0.0,True,True,True
7LB3_XXS,0,7LB3_XXS_A_1701,1,0,29,29,True,True,C20H24N6O2S,C20H24N6O2S,True,True,0,0,29,29,0.0,True,True,True
7LCU_XTA,0,7LCU_XTA_A_605,1,0,39,39,True,True,C28H32Cl2N6O3,C28H32Cl2N6O3,True,True,0,0,39,39,0.0,True,True,True
7LEV_0JO,0,7LEV_0JO_B_406,1,0,21,21,True,True,C11H13N2O7P,C11H13N2O7P,True,True,0,0,21,21,0.0,True,True,True
7LJN_GTP,0,7LJN_GTP_C_501,4,0,32,32,True,True,C10H16N5O14P3,C10H16N5O14P3,True,True,0,0,32,32,0.0,True,True,True
7LJN_GTP,1,7LJN_GTP_B_501,4,0,32,32,True,True,C10H16N5O14P3,C10H16N5O14P3,True,False,0,0,32,32,55.49435988400576,False,True,True
7LJN_GTP,2,7LJN_GTP_A_501,4,0,32,32,True,True,C10H16N5O14P3,C10H16N5O14P3,True,True,0,0,32,32,44.16845670290736,False,True,True
7LJN_GTP,3,7LJN_GTP_D_501,4,0,32,32,True,True,C10H16N5O14P3,C10H16N5O14P3,True,True,0,0,32,32,95.64016650666629,False,True,True
7LMO_NYO,0,7LMO_NYO_B_501,1,0,37,37,True,True,C26H30N6O5,C26H30N6O5,True,True,0,0,37,37,0.0,True,True,True
7LOE_Y84,0,7LOE_Y84_A_201,1,0,11,11,True,True,C10H7F,C10H7F,True,True,0,0,11,11,0.0,True,True,True
7LOU_IFM,0,7LOU_IFM_B_612,2,0,10,10,True,True,C6H13NO3,C6H13NO3,True,True,0,0,10,10,0.0,True,True,True
7LOU_IFM,1,7LOU_IFM_A_611,2,0,10,10,True,True,C6H13NO3,C6H13NO3,True,True,0,0,10,10,44.93411402453597,False,True,True
7LT0_ONJ,0,7LT0_ONJ_A_301,1,0,27,27,True,True,C23H21NO2S,C23H21NO2S,True,True,0,0,27,27,0.0,True,True,True
7LZD_YHY,0,7LZD_YHY_A_1805,1,0,29,29,True,True,C23H27FN4O,C23H27FN4O,True,True,0,0,29,29,0.0,True,True,True
7LZQ_YJV,0,7LZQ_YJV_A_201,1,0,22,22,True,True,C15H13ClN4O2,C15H13ClN4O2,True,True,0,0,22,22,0.0,True,True,True
7M31_TDR,0,7M31_TDR_D_1107,4,0,9,9,True,True,C5H6N2O2,C5H6N2O2,True,True,0,0,9,9,0.0,True,True,True
7M31_TDR,1,7M31_TDR_A_1108,4,0,9,9,True,True,C5H6N2O2,C5H6N2O2,True,True,0,0,9,9,70.74640718225577,False,True,True
7M31_TDR,2,7M31_TDR_C_1108,4,0,9,9,True,True,C5H6N2O2,C5H6N2O2,True,True,0,0,9,9,30.50425866261227,False,True,True
7M31_TDR,3,7M31_TDR_B_1107,4,0,9,9,True,True,C5H6N2O2,C5H6N2O2,True,True,0,0,9,9,74.23186258500797,False,True,True
7M3H_YPV,0,7M3H_YPV_A_501,2,0,24,24,True,True,C17H19NO5S,C17H19NO5S,True,True,0,0,24,24,0.0,True,True,True
7M3H_YPV,1,7M3H_YPV_B_501,2,0,24,24,True,True,C17H19NO5S,C17H19NO5S,True,True,0,0,24,24,33.95943678759346,False,True,True
7M41_YQG,0,7M41_YQG_A_201,2,0,32,32,True,True,C20H16ClN7O3S,C20H16ClN7O3S,True,True,0,0,32,32,0.0,True,True,True
7M41_YQG,1,7M41_YQG_B_201,2,0,32,32,True,True,C20H16ClN7O3S,C20H16ClN7O3S,True,True,0,0,32,32,41.33287609728644,False,True,True
7M6K_YRJ,0,7M6K_YRJ_B_701,2,0,33,33,True,True,C18H22N4O10P+,C18H22N4O10P+,True,True,1,1,33,33,0.0,True,True,True
7M6K_YRJ,1,7M6K_YRJ_A_701,2,0,33,33,True,True,C18H22N4O10P+,C18H22N4O10P+,True,True,1,1,33,33,32.81790381935475,False,True,True
7MAE_XUS,0,7MAE_XUS_A_101,1,0,49,49,True,True,C33H50N3O11PS,C33H50N3O11PS,True,True,0,0,49,49,0.0,True,True,True
7MEU_MGP,0,7MEU_MGP_A_1000,2,0,33,33,True,True,C11H19N5O14P3+,C11H19N5O14P3+,True,True,1,1,33,33,0.0,True,True,True
7MEU_MGP,1,7MEU_MGP_B_1000,2,0,33,33,True,True,C11H19N5O14P3+,C11H19N5O14P3+,True,True,1,1,33,33,53.46330999179004,False,True,True
7MFP_Z7P,0,7MFP_Z7P_D_401,4,0,50,50,True,True,C23H33N4O20P3,C23H33N4O20P3,True,True,0,0,50,50,0.0,True,True,True
7MFP_Z7P,1,7MFP_Z7P_C_401,4,0,50,50,True,True,C23H33N4O20P3,C23H33N4O20P3,True,True,0,0,50,50,29.341011850057242,False,True,True
7MFP_Z7P,2,7MFP_Z7P_B_401,4,0,50,50,True,True,C23H33N4O20P3,C23H33N4O20P3,True,True,0,0,50,50,50.76089751203776,False,True,True
7MFP_Z7P,3,7MFP_Z7P_A_401,4,0,50,50,True,True,C23H33N4O20P3,C23H33N4O20P3,True,True,0,0,50,50,62.312399910534644,False,True,True
7MGT_ZD4,0,7MGT_ZD4_A_403,1,0,28,28,True,True,C10H14ClN5O10P2,C10H14ClN5O10P2,True,True,0,0,28,28,0.0,True,True,True
7MGY_ZD1,0,7MGY_ZD1_A_701,2,0,23,23,True,True,C13H23NO9,C13H23NO9,True,True,0,0,23,23,0.0,True,True,True
7MGY_ZD1,1,7MGY_ZD1_B_701,2,0,23,23,True,True,C13H23NO9,C13H23NO9,True,True,0,0,23,23,71.81085176100366,False,True,True
7MMH_ZJY,0,7MMH_ZJY_A_1202,1,0,57,57,True,True,C38H47F3N6O9S,C38H47F3N6O9S,True,True,0,0,57,57,0.0,True,True,True
7MOI_HPS,0,7MOI_HPS_A_501,2,0,11,11,True,True,C6H7O4P,C6H7O4P,True,True,0,0,11,11,0.0,True,True,True
7MOI_HPS,1,7MOI_HPS_B_501,2,0,11,11,True,True,C6H7O4P,C6H7O4P,True,True,0,0,11,11,29.429938175687585,False,True,True
7MRH_ZMJ,0,7MRH_ZMJ_A_201,2,0,24,24,True,True,C18H18N2O3S,C18H18N2O3S,True,True,0,0,24,24,0.0,True,True,True
7MRH_ZMJ,1,7MRH_ZMJ_B_201,2,0,24,24,True,True,C18H18N2O3S,C18H18N2O3S,True,True,0,0,24,24,29.5187838314966,False,True,True
7MS7_ZQ1,0,7MS7_ZQ1_A_302,1,0,29,29,True,True,C19H20ClN3O5S,C19H20ClN3O5S,True,True,0,0,29,29,0.0,True,True,True
7MSR_DCA,0,7MSR_DCA_A_401,1,0,47,47,True,True,C21H36N7O16P3,C21H36N7O16P3,True,True,0,0,47,47,0.0,True,True,True
7MWN_WI5,0,7MWN_WI5_A_201,1,0,32,32,True,True,C27H26N2O3,C27H26N2O3,True,True,0,0,32,32,0.0,True,True,True
7MWU_ZPM,0,7MWU_ZPM_A_2002,1,0,7,7,True,True,C5H8O2,C5H8O2,True,True,0,0,7,7,0.0,True,True,True
7MY1_IPE,0,7MY1_IPE_AAA_401,1,0,14,14,True,True,C5H12O7P2,C5H12O7P2,True,True,0,0,14,14,0.0,True,True,True
7MYU_ZR7,0,7MYU_ZR7_A_401,2,0,35,35,True,True,C22H20F2N8O2S,C22H20F2N8O2S,True,True,0,0,35,35,0.0,True,True,True
7MYU_ZR7,1,7MYU_ZR7_B_401,2,0,35,35,True,True,C22H20F2N8O2S,C22H20F2N8O2S,True,True,0,0,35,35,49.349636509754525,False,True,True
7MZS_GLA,0,7MZS_GLA_A_301,1,0,12,12,True,True,C6H12O6,C6H12O6,True,True,0,0,12,12,0.0,True,True,True
7N03_ZRP,0,7N03_ZRP_A_201,1,0,28,28,True,True,C23H28N4O,C23H28N4O,True,True,0,0,28,28,0.0,True,True,True
7N4N_0BK,0,7N4N_0BK_A_401,1,0,32,32,True,True,C20H23F2N5O4S,C20H23F2N5O4S,True,True,0,0,32,32,0.0,True,True,True
7N4W_P4V,0,7N4W_P4V_A_203,1,0,26,26,True,True,C21H25NO4,C21H25NO4,True,True,0,0,26,26,0.0,True,True,True
7N6F_0I1,0,7N6F_0I1_A_502,1,0,26,26,True,True,C19H20F2N4O,C19H20F2N4O,True,True,0,0,26,26,0.0,True,True,True
7N7B_T3F,0,7N7B_T3F_A_302,2,0,35,35,True,True,C16H27N3O14P2,C16H27N3O14P2,True,True,0,0,35,35,0.0,True,True,True
7N7B_T3F,1,7N7B_T3F_B_302,2,0,35,35,True,True,C16H27N3O14P2,C16H27N3O14P2,True,True,0,0,35,35,37.71361156014347,False,True,True
7N7H_CTP,0,7N7H_CTP_A_303,1,0,29,29,True,True,C9H16N3O14P3,C9H16N3O14P3,True,True,0,0,29,29,0.0,True,True,True
7NA4_1I9,0,7NA4_1I9_A_201,1,0,38,38,True,True,C28H33ClN6O3,C28H33ClN6O3,True,True,0,0,38,38,0.0,True,True,True
7NB4_U6Q,0,7NB4_U6Q_A_401,1,0,31,31,True,True,C24H22ClN3O2S,C24H22ClN3O2S,True,True,0,0,31,31,0.0,True,True,True
7NF0_BYN,0,7NF0_BYN_B_702,2,0,37,37,True,True,C22H31N4O10P,C22H31N4O10P,True,True,0,0,37,37,0.0,True,True,True
7NF0_BYN,1,7NF0_BYN_A_702,2,0,37,37,True,True,C22H31N4O10P,C22H31N4O10P,True,True,0,0,37,37,48.922232777005476,False,True,True
7NF3_4LU,0,7NF3_4LU_A_603,1,0,36,36,True,True,C22H30N4O9P+,C22H30N4O9P+,True,True,1,1,36,36,0.0,True,True,True
7NFB_GEN,0,7NFB_GEN_B_601,2,0,20,20,True,True,C15H10O5,C15H10O5,True,True,0,0,20,20,0.0,True,True,True
7NFB_GEN,1,7NFB_GEN_A_601,2,0,20,20,True,True,C15H10O5,C15H10O5,True,True,0,0,20,20,29.152426378819648,False,True,True
7NGW_UAW,0,7NGW_UAW_A_301,1,0,17,17,True,True,C13H18N2O2,C13H18N2O2,True,True,0,0,17,17,0.0,True,True,True
7NLK_UHK,0,7NLK_UHK_B_403,2,0,16,16,True,True,C13H19NOS,C13H19NOS,True,True,0,0,16,16,0.0,True,True,True
7NLK_UHK,1,7NLK_UHK_A_403,2,0,16,16,True,True,C13H19NOS,C13H19NOS,True,True,0,0,16,16,38.7365583381735,False,True,True
7NLV_UJE,0,7NLV_UJE_CCC_201,4,0,21,21,True,True,C14H24N4O2S,C14H24N4O2S,True,True,0,0,21,21,0.0,True,True,True
7NLV_UJE,1,7NLV_UJE_DDD_201,4,0,21,21,True,True,C14H24N4O2S,C14H24N4O2S,True,True,0,0,21,21,25.62547168293277,False,True,True
7NLV_UJE,2,7NLV_UJE_AAA_201,4,0,21,21,True,True,C14H24N4O2S,C14H24N4O2S,True,True,0,0,21,21,19.391676196496025,False,True,True
7NLV_UJE,3,7NLV_UJE_BBB_201,4,0,21,21,True,True,C14H24N4O2S,C14H24N4O2S,True,True,0,0,21,21,28.847994822577295,False,True,True
7NML_I7B,0,7NML_I7B_B_201,1,0,16,16,True,True,C6H8ClN3O4S2,C6H8ClN3O4S2,True,True,0,0,16,16,0.0,True,True,True
7NP6_UK8,0,7NP6_UK8_A_601,1,0,32,32,True,True,C21H13ClF3N3O4,C21H13ClF3N3O4,True,True,0,0,32,32,0.0,True,True,True
7NPL_UKZ,0,7NPL_UKZ_A_401,1,0,27,27,True,True,C21H23ClN2O3,C21H23ClN2O3,True,True,0,0,27,27,0.0,True,True,True
7NR6_UO8,0,7NR6_UO8_A_303,2,0,17,17,True,True,C11H15N5S,C11H15N5S,True,True,0,0,17,17,0.0,True,True,True
7NR6_UO8,1,7NR6_UO8_B_303,2,0,17,17,True,True,C11H15N5S,C11H15N5S,True,True,0,0,17,17,24.725272731150195,False,True,True
7NR8_UOE,0,7NR8_UOE_A_408,1,0,45,45,True,True,C32H39ClN8O4,C32H39ClN8O4,True,True,0,0,45,45,0.0,True,True,True
7NSW_HC4,0,7NSW_HC4_BBB_401,2,0,12,12,True,True,C9H8O3,C9H8O3,True,True,0,0,12,12,0.0,True,True,True
7NSW_HC4,1,7NSW_HC4_AAA_402,2,0,12,12,True,True,C9H8O3,C9H8O3,True,True,0,0,12,12,38.51272197319637,False,True,True
7NTG_F6R,0,7NTG_F6R_A_501,1,0,16,16,True,True,C6H13O9P,C6H13O9P,True,True,0,0,16,16,0.0,True,True,True
7NU0_DCL,0,7NU0_DCL_A_1004,1,0,8,8,True,True,C6H15NO,C6H15NO,True,True,0,0,8,8,0.0,True,True,True
7NUT_GLP,0,7NUT_GLP_A_501,2,0,16,16,True,True,C6H14NO8P,C6H14NO8P,True,True,0,0,16,16,0.0,True,True,True
7NUT_GLP,1,7NUT_GLP_B_501,2,0,16,16,True,True,C6H14NO8P,C6H14NO8P,True,True,0,0,16,16,30.74670356956224,False,True,True
7NXO_UU8,0,7NXO_UU8_A_401,2,0,34,34,True,True,C24H16FN3O5S,C24H16FN3O5S,True,True,0,0,34,34,0.0,True,True,True
7NXO_UU8,1,7NXO_UU8_B_401,2,0,34,34,True,True,C24H16FN3O5S,C24H16FN3O5S,True,True,0,0,34,34,35.552894172276424,False,True,True
7O0N_CDP,0,7O0N_CDP_B_304,2,0,25,25,True,True,C9H15N3O11P2,C9H15N3O11P2,True,True,0,0,25,25,0.0,True,True,True
7O0N_CDP,1,7O0N_CDP_A_301,2,0,25,25,True,True,C9H15N3O11P2,C9H15N3O11P2,True,False,0,0,25,25,10.461540730580762,False,True,True
7O1T_5X8,0,7O1T_5X8_A_407,1,0,25,25,True,True,C13H18N6O5S,C13H18N6O5S,True,True,0,0,25,25,0.0,True,True,True
7OCB_V88,0,7OCB_V88_B_301,1,0,41,41,True,True,C32H47N7O2,C32H47N7O2,True,True,0,0,41,41,0.0,True,True,True
7ODX_DGP,0,7ODX_DGP_A_401,1,0,23,23,True,True,C10H14N5O7P,C10H14N5O7P,True,True,0,0,23,23,0.0,True,True,True
7ODY_DGI,0,7ODY_DGI_A_201,4,0,27,27,True,True,C10H15N5O10P2,C10H15N5O10P2,True,True,0,0,27,27,0.0,True,True,True
7ODY_DGI,1,7ODY_DGI_B_201,4,0,27,27,True,True,C10H15N5O10P2,C10H15N5O10P2,True,True,0,0,27,27,25.927044035651498,False,True,True
7ODY_DGI,2,7ODY_DGI_D_201,4,0,27,27,True,True,C10H15N5O10P2,C10H15N5O10P2,True,True,0,0,27,27,31.682822258299986,False,True,True
7ODY_DGI,3,7ODY_DGI_C_201,4,0,27,27,True,True,C10H15N5O10P2,C10H15N5O10P2,True,True,0,0,27,27,18.407683262036148,False,True,True
7OEO_V9Z,0,7OEO_V9Z_AAA_501,1,0,32,32,True,True,C27H30N2O3,C27H30N2O3,True,True,0,0,32,32,0.0,True,True,True
7OFF_VCB,0,7OFF_VCB_A_712,1,0,27,27,True,True,C22H15NO4,C22H15NO4,True,True,0,0,27,27,0.0,True,True,True
7OFK_VCH,0,7OFK_VCH_A_601,1,0,35,35,True,True,C21H18F6N2O5S,C21H18F6N2O5S,True,True,0,0,35,35,0.0,True,True,True
7OKC_VFE,0,7OKC_VFE_A_1001,1,0,29,29,True,True,C20H20ClN5O2S,C20H20ClN5O2S,True,True,0,0,29,29,0.0,True,True,True
7OKF_VH5,0,7OKF_VH5_A_201,1,0,28,28,True,True,C20H19ClN6O,C20H19ClN6O,True,True,0,0,28,28,0.0,True,True,True
7OLI_8HG,0,7OLI_8HG_B_301,2,0,20,20,True,True,C10H13N5O5,C10H13N5O5,True,True,0,0,20,20,0.0,True,True,True
7OLI_8HG,1,7OLI_8HG_A_301,2,0,20,20,True,True,C10H13N5O5,C10H13N5O5,True,True,0,0,20,20,41.09034250432211,False,True,True
7OLT_58J,0,7OLT_58J_A_402,1,0,23,23,True,True,C18H16N2O3,C18H16N2O3,True,True,0,0,23,23,0.0,True,True,True
7OMJ_GCP,0,7OMJ_GCP_A_401,1,0,32,32,True,True,C11H18N5O13P3,C11H18N5O13P3,True,True,0,0,32,32,0.0,True,True,True
7OMX_CNA,0,7OMX_CNA_AAA_301,1,0,44,44,True,True,C22H30N7O13P2+,C22H30N7O13P2+,True,True,1,1,44,44,0.0,True,True,True
7OP9_06K,0,7OP9_06K_I_301,12,0,11,11,True,True,C5H2Cl2N4,C5H2Cl2N4,True,True,0,0,11,11,0.0,True,True,True
7OP9_06K,1,7OP9_06K_F_301,12,0,11,11,True,True,C5H2Cl2N4,C5H2Cl2N4,True,True,0,0,11,11,105.33529638361084,False,True,True
7OP9_06K,2,7OP9_06K_K_301,12,0,11,11,True,True,C5H2Cl2N4,C5H2Cl2N4,True,True,0,0,11,11,39.325531514536785,False,True,True
7OP9_06K,3,7OP9_06K_D_301,12,0,11,11,True,True,C5H2Cl2N4,C5H2Cl2N4,True,True,0,0,11,11,82.50402284832556,False,True,True
7OP9_06K,4,7OP9_06K_C_301,12,0,11,11,True,True,C5H2Cl2N4,C5H2Cl2N4,True,True,0,0,11,11,107.83525346047227,False,True,True
7OP9_06K,5,7OP9_06K_G_301,12,0,11,11,True,True,C5H2Cl2N4,C5H2Cl2N4,True,True,0,0,11,11,40.2882188667425,False,True,True
7OP9_06K,6,7OP9_06K_J_301,12,0,11,11,True,True,C5H2Cl2N4,C5H2Cl2N4,True,True,0,0,11,11,50.991947490844986,False,True,True
7OP9_06K,7,7OP9_06K_A_301,12,0,11,11,True,True,C5H2Cl2N4,C5H2Cl2N4,True,True,0,0,11,11,70.29050557431326,False,True,True
7OP9_06K,8,7OP9_06K_E_301,12,0,11,11,True,True,C5H2Cl2N4,C5H2Cl2N4,True,True,0,0,11,11,118.04286525521631,False,True,True
7OP9_06K,9,7OP9_06K_L_301,12,0,11,11,True,True,C5H2Cl2N4,C5H2Cl2N4,True,True,0,0,11,11,26.797958918667877,False,True,True
7OP9_06K,10,7OP9_06K_H_301,12,0,11,11,True,True,C5H2Cl2N4,C5H2Cl2N4,True,True,0,0,11,11,40.17799103184942,False,True,True
7OP9_06K,11,7OP9_06K_B_301,12,0,11,11,True,True,C5H2Cl2N4,C5H2Cl2N4,True,True,0,0,11,11,101.72578774824011,False,True,True
7OPG_06N,0,7OPG_06N_A_501,3,0,19,19,True,True,C13H14N4OS,C13H14N4OS,True,True,0,0,19,19,0.0,True,True,True
7OPG_06N,1,7OPG_06N_C_501,3,0,19,19,True,True,C13H14N4OS,C13H14N4OS,True,True,0,0,19,19,62.06083894622392,False,True,True
7OPG_06N,2,7OPG_06N_B_501,3,0,19,19,True,True,C13H14N4OS,C13H14N4OS,True,True,0,0,19,19,41.60570357654973,False,True,True
7ORW_7WA,0,7ORW_7WA_A_203,1,0,10,10,True,True,C7H7N3,C7H7N3,True,True,0,0,10,10,0.0,True,True,True
7OSO_0V1,0,7OSO_0V1_A_504,1,0,7,7,True,True,C4H10O3,C4H10O3,True,True,0,0,7,7,0.0,True,True,True
7OU8_1XI,0,7OU8_1XI_BBB_801,2,0,23,23,True,True,C16H21N3O3S,C16H21N3O3S,True,True,0,0,23,23,0.0,True,True,True
7OU8_1XI,1,7OU8_1XI_AAA_801,2,0,23,23,True,True,C16H21N3O3S,C16H21N3O3S,True,True,0,0,23,23,66.69623583414759,False,True,True
7OZ9_NGK,0,7OZ9_NGK_BBB_602,2,0,19,19,True,True,C8H15NO9S,C8H15NO9S,True,True,0,0,19,19,0.0,True,True,True
7OZ9_NGK,1,7OZ9_NGK_AAA_602,2,0,19,19,True,True,C8H15NO9S,C8H15NO9S,True,True,0,0,19,19,75.27434769036878,False,True,True
7OZC_G6S,0,7OZC_G6S_AAA_601,1,0,16,16,True,True,C6H12O9S,C6H12O9S,True,True,0,0,16,16,0.0,True,True,True
7P1F_KFN,0,7P1F_KFN_B_501,2,0,17,17,True,True,C9H14O8,C9H14O8,True,True,0,0,17,17,0.0,True,True,True
7P1F_KFN,1,7P1F_KFN_A_501,2,0,17,17,True,True,C9H14O8,C9H14O8,True,True,0,0,17,17,44.505821890032166,False,True,True
7P1M_4IU,0,7P1M_4IU_B_201,2,0,24,24,True,True,C16H18N2O6,C16H18N2O6,True,True,0,0,24,24,0.0,True,True,True
7P1M_4IU,1,7P1M_4IU_A_201,2,0,24,24,True,True,C16H18N2O6,C16H18N2O6,True,True,0,0,24,24,46.69695917666613,False,True,True
7P2I_MFU,0,7P2I_MFU_C_102,6,0,12,12,True,True,C7H14O5,C7H14O5,True,True,0,0,12,12,0.0,True,True,True
7P2I_MFU,1,7P2I_MFU_A_102,6,0,12,12,True,True,C7H14O5,C7H14O5,True,True,0,0,12,12,30.28481389404964,False,True,True
7P2I_MFU,2,7P2I_MFU_B_102,6,0,12,12,True,True,C7H14O5,C7H14O5,True,True,0,0,12,12,34.79020125346998,False,True,True
7P2I_MFU,3,7P2I_MFU_C_101,6,0,12,12,True,True,C7H14O5,C7H14O5,True,True,0,0,12,12,17.59404173667733,False,True,True
7P2I_MFU,4,7P2I_MFU_A_101,6,0,12,12,True,True,C7H14O5,C7H14O5,True,True,0,0,12,12,17.47498031571773,False,True,True
7P2I_MFU,5,7P2I_MFU_B_101,6,0,12,12,True,True,C7H14O5,C7H14O5,True,True,0,0,12,12,30.307091448986355,False,True,True
7P2W_4QR,0,7P2W_4QR_A_301,1,0,34,34,True,True,C22H15Cl2N3O6S,C22H15Cl2N3O6S,True,True,0,0,34,34,0.0,True,True,True
7P4C_5OV,0,7P4C_5OV_AAA_905,1,0,16,16,True,True,C7H13NO7S,C7H13NO7S,True,True,0,0,16,16,0.0,True,True,True
7P4J_5JK,0,7P4J_5JK_A_904,1,0,29,29,True,True,C27H46O2,C27H46O2,True,True,0,0,29,29,0.0,True,True,True
7P4V_DAT,0,7P4V_DAT_A_201,1,0,26,26,True,True,C10H15N5O9P2,C10H15N5O9P2,True,True,0,0,26,26,0.0,True,True,True
7P5T_5YG,0,7P5T_5YG_A_402,1,0,23,23,True,True,C20H20N2O,C20H20N2O,True,True,0,0,23,23,0.0,True,True,True
7P85_5ZG,0,7P85_5ZG_A_401,1,0,14,14,True,True,C10H15O3P,C10H15O3P,True,True,0,0,14,14,0.0,True,True,True
7PA4_C,0,7PA4_C_A_606,1,0,21,21,True,True,C9H14N3O8P,C9H14N3O8P,True,True,0,0,21,21,0.0,True,True,True
7PGX_FMN,0,7PGX_FMN_AAA_618,1,0,31,31,True,True,C17H21N4O9P,C17H21N4O9P,True,True,0,0,31,31,0.0,True,True,True
7PIH_7QW,0,7PIH_7QW_A_401,1,0,24,24,True,True,C20H21N3O,C20H21N3O,True,True,0,0,24,24,0.0,True,True,True
7PJQ_OWH,0,7PJQ_OWH_A_601,2,0,10,10,True,True,C7H8N2S,C7H8N2S,True,True,0,0,10,10,0.0,True,True,True
7PJQ_OWH,1,7PJQ_OWH_B_603,2,0,10,10,True,True,C7H8N2S,C7H8N2S,True,True,0,0,10,10,40.364934877688086,False,True,True
7PK0_BYC,0,7PK0_BYC_A_402,1,0,56,56,True,True,C28H40N7O17P3S,C28H40N7O17P3S,True,True,0,0,56,56,0.0,True,True,True
7PL1_SFG,0,7PL1_SFG_A_307,1,0,27,27,True,True,C15H23N7O5,C15H23N7O5,True,True,0,0,27,27,0.0,True,True,True
7POM_7VZ,0,7POM_7VZ_C_302,4,0,22,22,True,True,C14H18ClNO4S2,C14H18ClNO4S2,True,True,0,0,22,22,0.0,True,True,True
7POM_7VZ,1,7POM_7VZ_B_302,4,0,22,22,True,True,C14H18ClNO4S2,C14H18ClNO4S2,True,True,0,0,22,22,34.08527328839578,False,True,True
7POM_7VZ,2,7POM_7VZ_A_302,4,0,22,22,True,True,C14H18ClNO4S2,C14H18ClNO4S2,True,True,0,0,22,22,38.25980793616173,False,True,True
7POM_7VZ,3,7POM_7VZ_D_302,4,0,22,22,True,True,C14H18ClNO4S2,C14H18ClNO4S2,True,True,0,0,22,22,27.789328409600177,False,True,True
7PRI_7TI,0,7PRI_7TI_AAA_404,2,0,20,20,True,True,C8H8Cl3N3O4S2,C8H8Cl3N3O4S2,True,True,0,0,20,20,0.0,True,True,True
7PRI_7TI,1,7PRI_7TI_BBB_406,2,0,20,20,True,True,C8H8Cl3N3O4S2,C8H8Cl3N3O4S2,True,True,0,0,20,20,51.529995204371005,False,True,True
7PRM_81I,0,7PRM_81I_A_401,1,0,32,32,True,True,C25H24FN3O3,C25H24FN3O3,True,True,0,0,32,32,0.0,True,True,True
7PT3_3KK,0,7PT3_3KK_A_702,2,0,54,54,True,True,C25H42N7O18P3S,C25H42N7O18P3S,True,True,0,0,54,54,0.0,True,True,True
7PT3_3KK,1,7PT3_3KK_B_702,2,0,54,54,True,True,C25H42N7O18P3S,C25H42N7O18P3S,True,False,0,0,54,54,53.80046857242493,False,True,True
7PUV_84Z,0,7PUV_84Z_A_304,4,0,24,24,True,True,C14H12ClNO6S2,C14H12ClNO6S2,True,True,0,0,24,24,0.0,True,True,True
7PUV_84Z,1,7PUV_84Z_B_304,4,0,24,24,True,True,C14H12ClNO6S2,C14H12ClNO6S2,True,True,0,0,24,24,35.978089925477754,False,True,True
7PUV_84Z,2,7PUV_84Z_D_303,4,0,24,24,True,True,C14H12ClNO6S2,C14H12ClNO6S2,True,True,0,0,24,24,52.44080985048101,False,True,True
7PUV_84Z,3,7PUV_84Z_C_305,4,0,24,24,True,True,C14H12ClNO6S2,C14H12ClNO6S2,True,True,0,0,24,24,45.98779375895274,False,True,True
7Q19_DSM,0,7Q19_DSM_AAA_201,1,0,20,20,True,True,C18H22N2,C18H22N2,True,True,0,0,20,20,0.0,True,True,True
7Q25_8J9,0,7Q25_8J9_B_702,2,0,33,33,True,True,C25H32N2O6,C25H32N2O6,True,True,0,0,33,33,0.0,True,True,True
7Q25_8J9,1,7Q25_8J9_A_701,2,0,33,33,True,True,C25H32N2O6,C25H32N2O6,True,True,0,0,33,33,53.12392347626816,False,True,True
7Q27_8KC,0,7Q27_8KC_A_707,1,0,35,35,True,True,C27H33N3O5,C27H33N3O5,True,True,0,0,35,35,0.0,True,True,True
7Q2B_M6H,0,7Q2B_M6H_A_401,1,0,12,12,True,True,C10H14N2,C10H14N2,True,True,0,0,12,12,0.0,True,True,True
7Q5I_I0F,0,7Q5I_I0F_AAA_901,1,0,27,27,True,True,C18H23N3O6,C18H23N3O6,True,True,0,0,27,27,0.0,True,True,True
7QE4_NGA,0,7QE4_NGA_BBB_404,2,0,15,15,True,True,C8H15NO6,C8H15NO6,True,True,0,0,15,15,0.0,True,True,True
7QE4_NGA,1,7QE4_NGA_AAA_404,2,0,15,15,True,True,C8H15NO6,C8H15NO6,True,True,0,0,15,15,119.51526535237618,False,True,True
7QF4_RBF,0,7QF4_RBF_AAA_201,1,0,27,27,True,True,C17H20N4O6,C17H20N4O6,True,True,0,0,27,27,0.0,True,True,True
7QFM_AY3,0,7QFM_AY3_A_402,1,0,20,20,True,True,C16H11NO3,C16H11NO3,True,True,0,0,20,20,0.0,True,True,True
7QGP_DJ8,0,7QGP_DJ8_A_401,1,0,35,35,True,True,C25H25ClN6O3,C25H25ClN6O3,True,True,0,0,35,35,0.0,True,True,True
7QHG_T3B,0,7QHG_T3B_B_701,2,0,42,42,True,True,C30H31N5O5S2,C30H31N5O5S2,True,True,0,0,42,42,0.0,True,True,True
7QHG_T3B,1,7QHG_T3B_A_701,2,0,42,42,True,True,C30H31N5O5S2,C30H31N5O5S2,True,True,0,0,42,42,34.74422510773173,False,True,True
7QHL_D5P,0,7QHL_D5P_A_301,2,0,30,30,True,True,C21H24N8S,C21H24N8S,True,True,0,0,30,30,0.0,True,True,True
7QHL_D5P,1,7QHL_D5P_C_301,2,0,30,30,True,True,C21H24N8S,C21H24N8S,True,True,0,0,30,30,51.46566584603326,False,True,True
7QK0_EBL,0,7QK0_EBL_A_201,1,0,38,38,True,True,C26H29ClF2N6O3,C26H29ClF2N6O3,True,True,0,0,38,38,0.0,True,True,True
7QPP_VDX,0,7QPP_VDX_A_501,1,0,30,30,True,True,C27H44O3,C27H44O3,True,True,0,0,30,30,0.0,True,True,True
7QSW_CAP,0,7QSW_CAP_A_501,4,0,21,21,True,True,C6H14O13P2,C6H14O13P2,True,True,0,0,21,21,0.0,True,True,True
7QSW_CAP,1,7QSW_CAP_C_501,4,0,21,21,True,True,C6H14O13P2,C6H14O13P2,True,True,0,0,21,21,53.11076734425601,False,True,True
7QSW_CAP,2,7QSW_CAP_G_501,4,0,21,21,True,True,C6H14O13P2,C6H14O13P2,True,True,0,0,21,21,75.33990869764284,False,True,True
7QSW_CAP,3,7QSW_CAP_E_501,4,0,21,21,True,True,C6H14O13P2,C6H14O13P2,True,True,0,0,21,21,53.24333327128132,False,True,True
7QTA_URI,0,7QTA_URI_B_407,2,0,17,17,True,True,C9H12N2O6,C9H12N2O6,True,True,0,0,17,17,0.0,True,True,True
7QTA_URI,1,7QTA_URI_A_407,2,0,17,17,True,True,C9H12N2O6,C9H12N2O6,True,True,0,0,17,17,35.922403875537505,False,True,True
7R3D_APR,0,7R3D_APR_BBB_401,2,0,36,36,True,True,C15H23N5O14P2,C15H23N5O14P2,True,True,0,0,36,36,0.0,True,True,True
7R3D_APR,1,7R3D_APR_AAA_401,2,0,36,36,True,True,C15H23N5O14P2,C15H23N5O14P2,True,True,0,0,36,36,48.681470500793196,False,True,True
7R59_I5F,0,7R59_I5F_A_602,1,0,13,13,True,True,C8H5N3OS,C8H5N3OS,True,True,0,0,13,13,0.0,True,True,True
7R6J_2I7,0,7R6J_2I7_B_901,2,0,33,33,True,True,C25H30N4O4,C25H30N4O4,True,True,0,0,33,33,0.0,True,True,True
7R6J_2I7,1,7R6J_2I7_A_901,2,0,33,33,True,True,C25H30N4O4,C25H30N4O4,True,True,0,0,33,33,44.529121741371114,False,True,True
7R7R_AWJ,0,7R7R_AWJ_A_1501,1,0,33,33,True,True,C22H25FN6O3S,C22H25FN6O3S,True,True,0,0,33,33,0.0,True,True,True
7R9N_F97,0,7R9N_F97_B_301,2,0,31,31,True,True,C21H26F2N8,C21H26F2N8,True,True,0,0,31,31,0.0,True,True,True
7R9N_F97,1,7R9N_F97_A_301,2,0,31,31,True,True,C21H26F2N8,C21H26F2N8,True,True,0,0,31,31,58.2971234191978,False,True,True
7RC3_SAH,0,7RC3_SAH_A_405,1,0,26,26,True,True,C14H20N6O5S,C14H20N6O5S,True,True,0,0,26,26,0.0,True,True,True
7REE_4LY,0,7REE_4LY_A_1201,1,0,42,42,True,True,C28H29F2N9O2S,C28H29F2N9O2S,True,True,0,0,42,42,0.0,True,True,True
7RH3_59O,0,7RH3_59O_A_302,1,0,34,34,True,True,C22H22ClNO10,C22H22ClNO10,True,True,0,0,34,34,0.0,True,True,True
7RH8_UTP,0,7RH8_UTP_A_301,1,0,29,29,True,True,C9H15N2O15P3,C9H15N2O15P3,True,True,0,0,29,29,0.0,True,True,True
7RKW_5TV,0,7RKW_5TV_A_502,1,0,25,25,True,True,C18H13Cl2FN2O2,C18H13Cl2FN2O2,True,True,0,0,25,25,0.0,True,True,True
7RNI_60I,0,7RNI_60I_B_502,1,0,31,31,True,True,C24H34N6O,C24H34N6O,True,True,0,0,31,31,0.0,True,True,True
7ROR_69X,0,7ROR_69X_A_401,2,0,35,35,True,True,C19H23N6O9P,C19H23N6O9P,True,True,0,0,35,35,0.0,True,True,True
7ROR_69X,1,7ROR_69X_B_401,2,0,35,35,True,True,C19H23N6O9P,C19H23N6O9P,True,True,0,0,35,35,41.47474771758776,False,True,True
7ROU_66I,0,7ROU_66I_A_401,1,0,39,39,True,True,C20H23F2N7O9S,C20H23F2N7O9S,True,True,0,0,39,39,0.0,True,True,True
7RPZ_6IC,0,7RPZ_6IC_A_202,1,0,44,44,True,True,C33H31F3N6O2,C33H31F3N6O2,True,True,0,0,44,44,0.0,True,True,True
7RSV_7IQ,0,7RSV_7IQ_B_901,2,0,20,20,True,True,C14H20N4O2,C14H20N4O2,True,True,0,0,20,20,0.0,True,True,True
7RSV_7IQ,1,7RSV_7IQ_A_901,2,0,20,20,True,True,C14H20N4O2,C14H20N4O2,True,True,0,0,20,20,26.700241095447062,False,True,True
7RUI_7QZ,0,7RUI_7QZ_A_201,1,0,51,51,True,True,C35H29F4N7O4S,C35H29F4N7O4S,True,True,0,0,51,51,0.0,True,True,True
7RWO_7WN,0,7RWO_7WN_A_3001,1,0,20,20,True,True,C14H15ClN4O,C14H15ClN4O,True,True,0,0,20,20,0.0,True,True,True
7RWS_4UR,0,7RWS_4UR_A_401,1,0,45,45,True,True,C20H24N10O13P2,C20H24N10O13P2,True,True,0,0,45,45,0.0,True,True,True
7RZL_NPO,0,7RZL_NPO_A_301,2,0,10,10,True,True,C6H5NO3,C6H5NO3,True,True,0,0,10,10,0.0,True,True,True
7RZL_NPO,1,7RZL_NPO_B_302,2,0,10,10,True,True,C6H5NO3,C6H5NO3,True,True,0,0,10,10,33.05122264153022,False,True,True
7S45_ACO,0,7S45_ACO_A_202,1,0,51,51,True,True,C23H38N7O17P3S,C23H38N7O17P3S,True,True,0,0,51,51,0.0,True,True,True
7S9H_7PP,0,7S9H_7PP_A_301,1,0,29,29,True,True,C21H24ClN5O2,C21H24ClN5O2,True,True,0,0,29,29,0.0,True,True,True
7SCW_GSP,0,7SCW_GSP_A_202,1,0,32,32,True,True,C10H16N5O13P3S,C10H16N5O13P3S,True,True,0,0,32,32,0.0,True,True,True
7SDD_4IP,0,7SDD_4IP_A_500,1,0,28,28,True,True,C6H16O18P4,C6H16O18P4,True,True,0,0,28,28,0.0,True,True,True
7SED_8VD,0,7SED_8VD_A_401,1,0,17,17,True,True,C10H13F3N4,C10H13F3N4,True,True,0,0,17,17,0.0,True,True,True
7SFO_98L,0,7SFO_98L_A_601,2,0,25,25,True,True,C19H14ClN3OS,C19H14ClN3OS,True,True,0,0,25,25,0.0,True,True,True
7SFO_98L,1,7SFO_98L_B_601,2,0,25,25,True,True,C19H14ClN3OS,C19H14ClN3OS,True,True,0,0,25,25,29.02191524965918,False,True,True
7SGV_L30,0,7SGV_L30_A_501,1,0,19,19,True,True,C16H12N2O,C16H12N2O,True,True,0,0,19,19,0.0,True,True,True
7SIU_9ID,0,7SIU_9ID_B_301,2,0,31,31,True,True,C22H23N7O2,C22H23N7O2,True,True,0,0,31,31,0.0,True,True,True
7SIU_9ID,1,7SIU_9ID_A_901,2,0,31,31,True,True,C22H23N7O2,C22H23N7O2,True,True,0,0,31,31,46.21902973884243,False,True,True
7SNE_9XR,0,7SNE_9XR_C_201,4,0,45,45,True,True,C22H29N7O14P2,C22H29N7O14P2,True,True,0,0,45,45,0.0,True,True,True
7SNE_9XR,1,7SNE_9XR_A_201,4,0,45,45,True,True,C22H29N7O14P2,C22H29N7O14P2,True,True,0,0,45,45,39.141037961760155,False,True,True
7SNE_9XR,2,7SNE_9XR_D_201,4,0,45,45,True,True,C22H29N7O14P2,C22H29N7O14P2,True,True,0,0,45,45,58.20111161059671,False,True,True
7SNE_9XR,3,7SNE_9XR_B_201,4,0,45,45,True,True,C22H29N7O14P2,C22H29N7O14P2,True,True,0,0,45,45,47.79602571639168,False,True,True
7SSM_B7L,0,7SSM_B7L_A_4000,1,0,25,25,True,True,C17H12N4O4,C17H12N4O4,True,True,0,0,25,25,0.0,True,True,True
7SUC_COM,0,7SUC_COM_A_604,2,0,7,7,True,True,C2H6O3S2,C2H6O3S2,True,True,0,0,7,7,0.0,True,True,True
7SUC_COM,1,7SUC_COM_a_604,2,0,7,7,True,True,C2H6O3S2,C2H6O3S2,True,True,0,0,7,7,53.29448789202752,False,True,True
7SZA_DUI,0,7SZA_DUI_A_501,2,0,20,20,True,True,C13H11N3O4,C13H11N3O4,True,True,0,0,20,20,0.0,True,True,True
7SZA_DUI,1,7SZA_DUI_C_301,2,0,20,20,True,True,C13H11N3O4,C13H11N3O4,True,True,0,0,20,20,49.74051703988409,False,True,True
7T0D_FPP,0,7T0D_FPP_B_646,1,0,24,24,True,True,C15H28O7P2,C15H28O7P2,True,True,0,0,24,24,0.0,True,True,True
7T0U_E3I,0,7T0U_E3I_A_204,4,0,48,48,True,True,C30H29Cl2F3N8O5,C30H29Cl2F3N8O5,True,True,0,0,48,48,0.0,True,True,True
7T0U_E3I,1,7T0U_E3I_B_201,4,0,48,48,True,True,C30H29Cl2F3N8O5,C30H29Cl2F3N8O5,True,True,0,0,48,48,26.760608173880076,False,True,True
7T0U_E3I,2,7T0U_E3I_C_202,4,0,48,48,True,True,C30H29Cl2F3N8O5,C30H29Cl2F3N8O5,True,True,0,0,48,48,49.718822983958056,False,True,True
7T0U_E3I,3,7T0U_E3I_D_201,4,0,48,48,True,True,C30H29Cl2F3N8O5,C30H29Cl2F3N8O5,True,True,0,0,48,48,33.2925365798684,False,True,True
7T1D_E7K,0,7T1D_E7K_B_1010,2,0,34,34,True,True,C27H26N6S,C27H26N6S,True,True,0,0,34,34,0.0,True,True,True
7T1D_E7K,1,7T1D_E7K_A_1007,2,0,34,34,True,True,C27H26N6S,C27H26N6S,True,True,0,0,34,34,29.597910051139227,False,True,True
7T2I_E9F,0,7T2I_E9F_A_1705,1,0,29,29,True,True,C20H24N6O2S,C20H24N6O2S,True,True,0,0,29,29,0.0,True,True,True
7T3E_SLB,0,7T3E_SLB_A_301,2,0,21,21,True,True,C11H19NO9,C11H19NO9,True,True,0,0,21,21,0.0,True,True,True
7T3E_SLB,1,7T3E_SLB_B_301,2,0,21,21,True,True,C11H19NO9,C11H19NO9,True,True,0,0,21,21,35.51859490192787,False,True,True
7T3F_EM0,0,7T3F_EM0_A_201,1,0,24,24,True,True,C16H16FN3O3S,C16H16FN3O3S,True,True,0,0,24,24,0.0,True,True,True
7T9O_GEI,0,7T9O_GEI_A_304,1,0,41,41,True,True,C34H43FN2O4,C34H43FN2O4,True,True,0,0,41,41,0.0,True,True,True
7TB0_UD1,0,7TB0_UD1_A_501,4,0,39,39,True,True,C17H27N3O17P2,C17H27N3O17P2,True,True,0,0,39,39,0.0,True,True,True
7TB0_UD1,1,7TB0_UD1_C_501,4,0,39,39,True,True,C17H27N3O17P2,C17H27N3O17P2,True,True,0,0,39,39,55.62568566884244,False,True,True
7TB0_UD1,2,7TB0_UD1_D_501,4,0,39,39,True,True,C17H27N3O17P2,C17H27N3O17P2,True,True,0,0,39,39,77.49284411370955,False,True,True
7TB0_UD1,3,7TB0_UD1_B_501,4,0,39,39,True,True,C17H27N3O17P2,C17H27N3O17P2,True,True,0,0,39,39,24.843320364444892,False,True,True
7TBU_S3P,0,7TBU_S3P_A_902,2,0,16,16,True,True,C7H11O8P,C7H11O8P,True,True,0,0,16,16,0.0,True,True,True
7TBU_S3P,1,7TBU_S3P_B_902,2,0,16,16,True,True,C7H11O8P,C7H11O8P,True,True,0,0,16,16,42.99097949561266,False,True,True
7TE8_P0T,0,7TE8_P0T_D_201,2,0,23,23,True,True,C21H30O2,C21H30O2,True,True,0,0,23,23,0.0,True,True,True
7TE8_P0T,1,7TE8_P0T_C_201,2,0,23,23,True,True,C21H30O2,C21H30O2,True,True,0,0,23,23,33.21914158153379,False,True,True
7TH4_FFO,0,7TH4_FFO_B_303,2,0,34,34,True,True,C20H23N7O7,C20H23N7O7,True,True,0,0,34,34,0.0,True,True,True
7TH4_FFO,1,7TH4_FFO_A_501,2,0,34,34,True,True,C20H23N7O7,C20H23N7O7,True,True,0,0,34,34,50.785401878588345,False,True,True
7THI_PGA,0,7THI_PGA_B_301,2,0,9,9,True,True,C2H5O6P,C2H5O6P,True,True,0,0,9,9,0.0,True,True,True
7THI_PGA,1,7THI_PGA_A_301,2,0,9,9,True,True,C2H5O6P,C2H5O6P,True,True,0,0,9,9,48.02500907963232,False,True,True
7TM6_GPJ,0,7TM6_GPJ_A_502,2,0,10,10,True,True,C3H9NO5P+,C3H9NO5P+,True,True,1,1,10,10,0.0,True,True,True
7TM6_GPJ,1,7TM6_GPJ_B_502,2,0,10,10,True,True,C3H9NO5P+,C3H9NO5P+,True,True,1,1,10,10,54.519404027648726,False,True,True
7TOM_5AD,0,7TOM_5AD_A_605,1,0,18,18,True,True,C10H13N5O3,C10H13N5O3,True,True,0,0,18,18,0.0,True,True,True
7TS6_KMI,0,7TS6_KMI_B_803,4,0,17,17,True,True,C14H17N3,C14H17N3,True,True,0,0,17,17,0.0,True,True,True
7TS6_KMI,1,7TS6_KMI_A_803,4,0,17,17,True,True,C14H17N3,C14H17N3,True,True,0,0,17,17,35.23863191958528,False,True,True
7TS6_KMI,2,7TS6_KMI_C_803,4,0,17,17,True,True,C14H17N3,C14H17N3,True,True,0,0,17,17,97.17249417211517,False,True,True
7TS6_KMI,3,7TS6_KMI_D_804,4,0,17,17,True,True,C14H17N3,C14H17N3,True,True,0,0,17,17,75.09841034488495,False,True,True
7TSF_H4B,0,7TSF_H4B_A_802,2,0,17,17,True,True,C9H15N5O3,C9H15N5O3,True,True,0,0,17,17,0.0,True,True,True
7TSF_H4B,1,7TSF_H4B_B_802,2,0,17,17,True,True,C9H15N5O3,C9H15N5O3,True,True,0,0,17,17,16.48618172013588,False,True,True
7TUO_KL9,0,7TUO_KL9_A_801,2,0,30,30,True,True,C23H27N5OS,C23H27N5OS,True,True,0,0,30,30,0.0,True,True,True
7TUO_KL9,1,7TUO_KL9_A_802,2,0,30,30,True,True,C23H27N5OS,C23H27N5OS,True,True,0,0,30,30,26.418841628761015,False,True,True
7TWC_CXS,0,7TWC_CXS_A_501,1,0,14,14,True,True,C9H19NO3S,C9H19NO3S,True,True,0,0,14,14,0.0,True,True,True
7TXK_LW8,0,7TXK_LW8_A_601,2,0,15,15,True,True,C9H16N3O2S+,C9H16N3O2S+,True,True,1,1,15,15,0.0,True,True,True
7TXK_LW8,1,7TXK_LW8_B_601,2,0,15,15,True,True,C9H16N3O2S+,C9H16N3O2S+,True,True,1,1,15,15,35.86584065380937,False,True,True
7TXP_0FX,0,7TXP_0FX_A_301,1,0,35,35,True,True,C16H27N3O14P2,C16H27N3O14P2,True,True,0,0,35,35,0.0,True,True,True
7TYP_KUR,0,7TYP_KUR_B_501,2,0,37,37,True,True,C28H29FN6O2,C28H29FN6O2,True,True,0,0,37,37,0.0,True,True,True
7TYP_KUR,1,7TYP_KUR_A_602,2,0,37,37,True,True,C28H29FN6O2,C28H29FN6O2,True,True,0,0,37,37,22.349740358966617,False,True,True
7U0U_FK5,0,7U0U_FK5_B_201,1,0,57,57,True,True,C44H69NO12,C44H69NO12,True,True,0,0,57,57,0.0,True,True,True
7U3J_L6U,0,7U3J_L6U_A_402,1,0,38,38,True,True,C28H34N4O5S,C28H34N4O5S,True,True,0,0,38,38,0.0,True,True,True
7UAS_MBU,0,7UAS_MBU_B_401,2,0,40,40,True,True,C30H31F3N6O,C30H31F3N6O,True,True,0,0,40,40,0.0,True,True,True
7UAS_MBU,1,7UAS_MBU_A_401,2,0,40,40,True,True,C30H31F3N6O,C30H31F3N6O,True,True,0,0,40,40,56.261143029325744,False,True,True
7UAW_MF6,0,7UAW_MF6_B_201,2,0,35,35,True,True,C15H21N5O13P2,C15H21N5O13P2,True,True,0,0,35,35,0.0,True,True,True
7UAW_MF6,1,7UAW_MF6_A_201,2,0,35,35,True,True,C15H21N5O13P2,C15H21N5O13P2,True,True,0,0,35,35,32.626204260091676,False,True,True
7UEY_N0R,0,7UEY_N0R_A_403,1,0,27,27,True,True,C18H20ClN5O3,C18H20ClN5O3,True,True,0,0,27,27,0.0,True,True,True
7UF2_5SP,0,7UF2_5SP_A_301,1,0,14,14,True,True,C5H11O8P,C5H11O8P,True,True,0,0,14,14,0.0,True,True,True
7UJ4_OQ4,0,7UJ4_OQ4_A_601,2,0,44,44,True,True,C32H47FN6O4S,C32H47FN6O4S,True,True,0,0,44,44,0.0,True,True,True
7UJ4_OQ4,1,7UJ4_OQ4_B_601,2,0,44,44,True,True,C32H47FN6O4S,C32H47FN6O4S,True,True,0,0,44,44,33.66023789682981,False,True,True
7UJ5_DGL,0,7UJ5_DGL_B_301,4,0,10,10,True,True,C5H9NO4,C5H9NO4,True,True,0,0,10,10,0.0,True,True,True
7UJ5_DGL,1,7UJ5_DGL_D_301,4,0,10,10,True,True,C5H9NO4,C5H9NO4,True,True,0,0,10,10,43.53570449699878,False,True,True
7UJ5_DGL,2,7UJ5_DGL_C_301,4,0,10,10,True,True,C5H9NO4,C5H9NO4,True,True,0,0,10,10,40.9547395905529,False,True,True
7UJ5_DGL,3,7UJ5_DGL_A_301,4,0,10,10,True,True,C5H9NO4,C5H9NO4,True,True,0,0,10,10,19.39785120187285,False,True,True
7UJF_R3V,0,7UJF_R3V_C_601,4,0,32,32,True,True,C29H33NO2,C29H33NO2,True,True,0,0,32,32,0.0,True,True,True
7UJF_R3V,1,7UJF_R3V_A_601,4,0,32,32,True,True,C29H33NO2,C29H33NO2,True,True,0,0,32,32,51.379295586898216,False,True,True
7UJF_R3V,2,7UJF_R3V_B_601,4,0,32,32,True,True,C29H33NO2,C29H33NO2,True,True,0,0,32,32,55.859706782248935,False,True,True
7UJF_R3V,3,7UJF_R3V_D_601,4,0,32,32,True,True,C29H33NO2,C29H33NO2,True,True,0,0,32,32,30.45311933826589,False,True,True
7ULC_56B,0,7ULC_56B_A_401,2,0,33,33,True,True,C17H24N5O10P,C17H24N5O10P,True,True,0,0,33,33,0.0,True,True,True
7ULC_56B,1,7ULC_56B_B_402,2,0,33,33,True,True,C17H24N5O10P,C17H24N5O10P,True,True,0,0,33,33,50.002104128517985,False,True,True
7UMV_NUU,0,7UMV_NUU_A_501,1,0,22,22,True,True,C17H19N3OS,C17H19N3OS,True,True,0,0,22,22,0.0,True,True,True
7UMW_NAD,0,7UMW_NAD_B_301,2,0,44,44,True,True,C21H27N7O14P2,C21H27N7O14P2,True,True,0,0,44,44,0.0,True,True,True
7UMW_NAD,1,7UMW_NAD_A_301,2,0,44,44,True,True,C21H27N7O14P2,C21H27N7O14P2,True,True,0,0,44,44,34.09538418888405,False,True,True
7UP3_NZ0,0,7UP3_NZ0_A_305,2,0,23,23,True,True,C13H12N6O3S,C13H12N6O3S,True,True,0,0,23,23,0.0,True,True,True
7UP3_NZ0,1,7UP3_NZ0_B_305,2,0,23,23,True,True,C13H12N6O3S,C13H12N6O3S,True,True,0,0,23,23,31.877087390490146,False,True,True
7UQ3_O2U,0,7UQ3_O2U_A_502,1,0,12,12,True,True,C6H7NO5,C6H7NO5,True,True,0,0,12,12,0.0,True,True,True
7USH_82V,0,7USH_82V_A_501,1,0,26,26,True,True,C19H17NO5S,C19H17NO5S,True,True,0,0,26,26,0.0,True,True,True
7UTW_NAI,0,7UTW_NAI_B_403,2,0,44,44,True,True,C21H29N7O14P2,C21H29N7O14P2,True,True,0,0,44,44,0.0,True,True,True
7UTW_NAI,1,7UTW_NAI_A_403,2,0,44,44,True,True,C21H29N7O14P2,C21H29N7O14P2,True,True,0,0,44,44,38.910604246715636,False,True,True
7UXS_OJC,0,7UXS_OJC_A_501,2,0,35,35,True,True,C15H21N5O13P2,C15H21N5O13P2,True,True,0,0,35,35,0.0,True,True,True
7UXS_OJC,1,7UXS_OJC_B_501,2,0,35,35,True,True,C15H21N5O13P2,C15H21N5O13P2,True,True,0,0,35,35,17.026934126847383,False,True,True
7UY4_SMI,0,7UY4_SMI_A_302,2,0,24,24,True,True,C14H26N2O8,C14H26N2O8,True,True,0,0,24,24,0.0,True,True,True
7UY4_SMI,1,7UY4_SMI_B_302,2,0,24,24,True,True,C14H26N2O8,C14H26N2O8,True,True,0,0,24,24,40.43324712158473,False,True,True
7UYB_OK0,0,7UYB_OK0_A_303,1,0,31,31,True,True,C19H19F3N6O2S,C19H19F3N6O2S,True,True,0,0,31,31,0.0,True,True,True
7V14_ORU,0,7V14_ORU_A_702,1,0,35,35,True,True,C23H18ClFN8OS,C23H18ClFN8OS,True,True,0,0,35,35,0.0,True,True,True
7V3N_AKG,0,7V3N_AKG_A_1403,1,0,10,10,True,True,C5H6O5,C5H6O5,True,True,0,0,10,10,0.0,True,True,True
7V3S_5I9,0,7V3S_5I9_A_1401,1,0,38,38,True,True,C28H20F2N4O4,C28H20F2N4O4,True,True,0,0,38,38,0.0,True,True,True
7V43_C4O,0,7V43_C4O_A_501,1,0,8,8,True,True,C7H7Cl,C7H7Cl,True,True,0,0,8,8,0.0,True,True,True
7V8Z_5YH,0,7V8Z_5YH_A_601,1,0,25,25,True,True,C18H17F2N3O2,C18H17F2N3O2,True,True,0,0,25,25,0.0,True,True,True
7VB8_STL,0,7VB8_STL_B_401,2,0,17,17,True,True,C14H12O3,C14H12O3,True,True,0,0,17,17,0.0,True,True,True
7VB8_STL,1,7VB8_STL_A_401,2,0,17,17,True,True,C14H12O3,C14H12O3,True,True,0,0,17,17,31.350958055370807,False,True,True
7VBU_6I4,0,7VBU_6I4_A_507,1,0,17,17,True,True,C15H14N2,C15H14N2,True,True,0,0,17,17,0.0,True,True,True
7VC5_9SF,0,7VC5_9SF_A_902,1,0,22,22,True,True,C16H19N3O3,C16H19N3O3,True,True,0,0,22,22,0.0,True,True,True
7VJT_7IJ,0,7VJT_7IJ_B_1801,2,0,27,27,True,True,C21H19NO5,C21H19NO5,True,True,0,0,27,27,0.0,True,True,True
7VJT_7IJ,1,7VJT_7IJ_A_1801,2,0,27,27,True,True,C21H19NO5,C21H19NO5,True,True,0,0,27,27,21.153895882286754,False,True,True
7VKZ_NOJ,0,7VKZ_NOJ_A_801,2,0,11,11,True,True,C6H13NO4,C6H13NO4,True,True,0,0,11,11,0.0,True,True,True
7VKZ_NOJ,1,7VKZ_NOJ_A_802,2,0,11,11,True,True,C6H13NO4,C6H13NO4,True,True,0,0,11,11,6.038495039917425,False,True,True
7VQ9_ISY,0,7VQ9_ISY_B_301,2,0,14,14,True,True,C5H12O6P2S,C5H12O6P2S,True,True,0,0,14,14,0.0,True,True,True
7VQ9_ISY,1,7VQ9_ISY_A_301,2,0,14,14,True,True,C5H12O6P2S,C5H12O6P2S,True,True,0,0,14,14,26.607288191741134,False,True,True
7VWF_K55,0,7VWF_K55_A_502,2,0,33,33,True,True,C24H27F4NO4,C24H27F4NO4,True,True,0,0,33,33,0.0,True,True,True
7VWF_K55,1,7VWF_K55_B_502,2,0,33,33,True,True,C24H27F4NO4,C24H27F4NO4,True,True,0,0,33,33,50.39276549117428,False,True,True
7VYJ_CA0,0,7VYJ_CA0_A_702,2,0,26,26,True,True,C11H15N6O8P,C11H15N6O8P,True,True,0,0,26,26,0.0,True,True,True
7VYJ_CA0,1,7VYJ_CA0_B_702,2,0,26,26,True,True,C11H15N6O8P,C11H15N6O8P,True,True,0,0,26,26,36.04154499699909,False,True,True
7W05_GMP,0,7W05_GMP_A_201,1,0,20,20,True,True,C10H13N5O5,C10H13N5O5,True,True,0,0,20,20,0.0,True,True,True
7W06_ITN,0,7W06_ITN_A_301,1,0,9,9,True,True,C5H6O4,C5H6O4,True,True,0,0,9,9,0.0,True,True,True
7W6F_8I6,0,7W6F_8I6_A_201,2,0,20,20,True,True,C16H24O4,C16H24O4,True,True,0,0,20,20,0.0,True,True,True
7W6F_8I6,1,7W6F_8I6_B_402,2,0,20,20,True,True,C16H24O4,C16H24O4,True,True,0,0,20,20,24.863989328092547,False,True,True
7WCF_ACP,0,7WCF_ACP_A_401,1,0,31,31,True,True,C11H18N5O12P3,C11H18N5O12P3,True,True,0,0,31,31,0.0,True,True,True
7WDT_NGS,0,7WDT_NGS_A_901,1,0,19,19,True,True,C8H15NO9S,C8H15NO9S,True,True,0,0,19,19,0.0,True,True,True
7WJB_BGC,0,7WJB_BGC_A_802,1,0,12,12,True,True,C6H12O6,C6H12O6,True,True,0,0,12,12,0.0,True,True,True
7WKL_CAQ,0,7WKL_CAQ_B_401,4,0,8,8,True,True,C6H6O2,C6H6O2,True,True,0,0,8,8,0.0,True,True,True
7WKL_CAQ,1,7WKL_CAQ_C_401,4,0,8,8,True,True,C6H6O2,C6H6O2,True,True,0,0,8,8,55.220971001456945,False,True,True
7WKL_CAQ,2,7WKL_CAQ_A_401,4,0,8,8,True,True,C6H6O2,C6H6O2,True,True,0,0,8,8,33.47559411487345,False,True,True
7WKL_CAQ,3,7WKL_CAQ_D_401,4,0,8,8,True,True,C6H6O2,C6H6O2,True,True,0,0,8,8,48.14236585395056,False,True,True
7WL4_JFU,0,7WL4_JFU_A_202,4,0,34,34,True,True,C23H23F2N5O3S,C23H23F2N5O3S,True,True,0,0,34,34,0.0,True,True,True
7WL4_JFU,1,7WL4_JFU_A_201,4,0,34,34,True,True,C23H23F2N5O3S,C23H23F2N5O3S,True,True,0,0,34,34,11.18771483917356,False,True,True
7WL4_JFU,2,7WL4_JFU_D_201,4,0,34,34,True,True,C23H23F2N5O3S,C23H23F2N5O3S,True,True,0,0,34,34,29.645768468855668,False,True,True
7WL4_JFU,3,7WL4_JFU_C_201,4,0,34,34,True,True,C23H23F2N5O3S,C23H23F2N5O3S,True,True,0,0,34,34,32.338963882197106,False,True,True
7WN5_JGL,0,7WN5_JGL_B_501,2,0,37,37,True,True,C25H20F2N4O5S,C25H20F2N4O5S,True,True,0,0,37,37,0.0,True,True,True
7WN5_JGL,1,7WN5_JGL_A_501,2,0,37,37,True,True,C25H20F2N4O5S,C25H20F2N4O5S,True,True,0,0,37,37,38.20429326264681,False,True,True
7WPW_F15,0,7WPW_F15_A_200,1,0,17,17,True,True,C15H30O2,C15H30O2,True,True,0,0,17,17,0.0,True,True,True
7WQQ_5Z6,0,7WQQ_5Z6_A_501,1,0,27,27,True,True,C24H28O3,C24H28O3,True,True,0,0,27,27,0.0,True,True,True
7WUX_6OI,0,7WUX_6OI_D_401,2,0,17,17,True,True,C7H16N2O7S,C7H16N2O7S,True,True,0,0,17,17,0.0,True,True,True
7WUX_6OI,1,7WUX_6OI_C_402,2,0,17,17,True,True,C7H16N2O7S,C7H16N2O7S,True,True,0,0,17,17,63.93804198783971,False,True,True
7WUY_76N,0,7WUY_76N_A_529,1,0,30,30,True,True,C23H29NO6,C23H29NO6,True,True,0,0,30,30,0.0,True,True,True
7WY1_D0L,0,7WY1_D0L_B_502,2,0,26,26,True,True,C21H32N2O3,C21H32N2O3,True,True,0,0,26,26,0.0,True,True,True
7WY1_D0L,1,7WY1_D0L_A_502,2,0,26,26,True,True,C21H32N2O3,C21H32N2O3,True,True,0,0,26,26,65.34755885955012,False,True,True
7X5N_5M5,0,7X5N_5M5_B_501,2,0,30,30,True,True,C24H24N4O2,C24H24N4O2,True,True,0,0,30,30,0.0,True,True,True
7X5N_5M5,1,7X5N_5M5_A_501,2,0,30,30,True,True,C24H24N4O2,C24H24N4O2,True,True,0,0,30,30,37.188249938656725,False,True,True
7X9K_8OG,0,7X9K_8OG_A_202,1,0,24,24,True,True,C10H14N5O8P,C10H14N5O8P,True,True,0,0,24,24,0.0,True,True,True
7XBV_APC,0,7XBV_APC_A_601,1,0,31,31,True,True,C11H18N5O12P3,C11H18N5O12P3,True,True,0,0,31,31,0.0,True,True,True
7XEK_9YX,0,7XEK_9YX_A_501,1,0,22,22,True,True,C11H15N2O7PS,C11H15N2O7PS,True,True,0,0,22,22,0.0,True,True,True
7XFA_D9J,0,7XFA_D9J_A_301,1,0,41,41,True,True,C24H19Cl2F5N6O4,C24H19Cl2F5N6O4,True,True,0,0,41,41,0.0,True,True,True
7XG5_PLP,0,7XG5_PLP_B_401,2,0,16,16,True,True,C8H10NO6P,C8H10NO6P,True,True,0,0,16,16,0.0,True,True,True
7XG5_PLP,1,7XG5_PLP_A_401,2,0,16,16,True,True,C8H10NO6P,C8H10NO6P,True,True,0,0,16,16,31.492170590171604,False,True,True
7XI7_4RI,0,7XI7_4RI_A_201,1,0,20,20,True,True,C16H22N4,C16H22N4,True,True,0,0,20,20,0.0,True,True,True
7XIJ_EJ3,0,7XIJ_EJ3_A_1201,1,0,33,33,True,True,C23H19FN4O5,C23H19FN4O5,True,True,0,0,33,33,0.0,True,True,True
7XJN_NSD,0,7XJN_NSD_C_401,4,0,9,9,True,True,C6H17N3,C6H17N3,True,True,0,0,9,9,0.0,True,True,True
7XJN_NSD,1,7XJN_NSD_D_401,4,0,9,9,True,True,C6H17N3,C6H17N3,True,True,0,0,9,9,42.858258746451405,False,True,True
7XJN_NSD,2,7XJN_NSD_A_401,4,0,9,9,True,True,C6H17N3,C6H17N3,True,True,0,0,9,9,51.01192936745407,False,True,True
7XJN_NSD,3,7XJN_NSD_B_401,4,0,9,9,True,True,C6H17N3,C6H17N3,True,True,0,0,9,9,64.20006867203358,False,True,True
7XPO_UPG,0,7XPO_UPG_A_402,2,0,36,36,True,True,C15H24N2O17P2,C15H24N2O17P2,True,True,0,0,36,36,0.0,True,True,True
7XPO_UPG,1,7XPO_UPG_B_402,2,0,36,36,True,True,C15H24N2O17P2,C15H24N2O17P2,True,True,0,0,36,36,45.0650683400978,False,True,True
7XQZ_FPF,0,7XQZ_FPF_A_601,1,0,25,25,True,True,C15H27FO7P2,C15H27FO7P2,True,True,0,0,25,25,0.0,True,True,True
7XRL_FWK,0,7XRL_FWK_A_605,2,0,19,19,True,True,C11H15N5O3,C11H15N5O3,True,True,0,0,19,19,0.0,True,True,True
7XRL_FWK,1,7XRL_FWK_D_605,2,0,19,19,True,True,C11H15N5O3,C11H15N5O3,True,True,0,0,19,19,52.079044878874704,False,True,True
7YZU_DO7,0,7YZU_DO7_A_401,1,0,16,16,True,True,C7H14O8S,C7H14O8S,True,True,0,0,16,16,0.0,True,True,True
7Z1Q_NIO,0,7Z1Q_NIO_A_301,2,0,9,9,True,True,C6H5NO2,C6H5NO2,True,True,0,0,9,9,0.0,True,True,True
7Z1Q_NIO,1,7Z1Q_NIO_A_302,2,0,9,9,True,True,C6H5NO2,C6H5NO2,True,True,0,0,9,9,6.2221448149947,False,True,True
7Z2O_IAJ,0,7Z2O_IAJ_A_701,1,0,14,14,True,True,C9H7N3OS,C9H7N3OS,True,True,0,0,14,14,0.0,True,True,True
7Z7F_IF3,0,7Z7F_IF3_A_606,1,0,14,14,True,True,C8H12N6,C8H12N6,True,True,0,0,14,14,0.0,True,True,True
7ZCC_OGA,0,7ZCC_OGA_D_402,4,0,10,10,True,True,C4H5NO5,C4H5NO5,True,True,0,0,10,10,0.0,True,True,True
7ZCC_OGA,1,7ZCC_OGA_A_402,4,0,10,10,True,True,C4H5NO5,C4H5NO5,True,True,0,0,10,10,41.09062134100676,False,True,True
7ZCC_OGA,2,7ZCC_OGA_C_402,4,0,10,10,True,True,C4H5NO5,C4H5NO5,True,True,0,0,10,10,40.90525203907196,False,True,True
7ZCC_OGA,3,7ZCC_OGA_B_402,4,0,10,10,True,True,C4H5NO5,C4H5NO5,True,True,0,0,10,10,64.00629444640583,False,True,True
7ZDY_6MJ,0,7ZDY_6MJ_Y_903,2,0,11,11,True,True,C6H12O5,C6H12O5,True,True,0,0,11,11,0.0,True,True,True
7ZDY_6MJ,1,7ZDY_6MJ_W_903,2,0,11,11,True,True,C6H12O5,C6H12O5,True,True,0,0,11,11,47.343097603060286,False,True,True
7ZF0_DHR,0,7ZF0_DHR_A_508,1,0,11,11,True,True,C8H7NO2,C8H7NO2,True,True,0,0,11,11,0.0,True,True,True
7ZHP_IQY,0,7ZHP_IQY_A_408,1,0,27,27,True,True,C22H24N4O,C22H24N4O,True,True,0,0,27,27,0.0,True,True,True
7ZL5_IWE,0,7ZL5_IWE_AAA_303,2,0,23,23,True,True,C12H11ClN6O2S2,C12H11ClN6O2S2,True,True,0,0,23,23,0.0,True,True,True
7ZL5_IWE,1,7ZL5_IWE_BBB_302,2,0,23,23,True,True,C12H11ClN6O2S2,C12H11ClN6O2S2,True,True,0,0,23,23,48.82847846630687,False,True,True
7ZOC_T8E,0,7ZOC_T8E_A_803,1,0,15,15,True,True,C11H13NO2S,C11H13NO2S,True,True,0,0,15,15,0.0,True,True,True
7ZTL_BCN,0,7ZTL_BCN_A_506,1,0,11,11,True,True,C6H13NO4,C6H13NO4,True,True,0,0,11,11,0.0,True,True,True
7ZU2_DHT,0,7ZU2_DHT_A_1001,1,0,21,21,True,True,C19H30O2,C19H30O2,True,True,0,0,21,21,0.0,True,True,True
7ZXV_45D,0,7ZXV_45D_A_402,1,0,42,42,True,True,C40H52O2,C40H52O2,True,True,0,0,42,42,0.0,True,True,True
7ZXZ_K9R,0,7ZXZ_K9R_B_201,2,0,33,33,True,True,C23H29N3O4S3,C23H29N3O4S3,True,True,0,0,33,33,0.0,True,True,True
7ZXZ_K9R,1,7ZXZ_K9R_A_202,2,0,33,33,True,True,C23H29N3O4S3,C23H29N3O4S3,True,True,0,0,33,33,17.93683651337208,False,True,True
7ZYS_KNR,0,7ZYS_KNR_B_201,1,0,44,44,True,True,C30H49N9O5,C30H49N9O5,True,True,0,0,44,44,0.0,True,True,True
7ZZB_KGX,0,7ZZB_KGX_A_302,1,0,51,51,True,True,C28H36N14O9,C28H36N14O9,True,True,0,0,51,51,0.0,True,True,True
7ZZW_KKW,0,7ZZW_KKW_B_610,3,0,29,29,True,True,C22H23ClN4OS,C22H23ClN4OS,True,True,0,0,29,29,0.0,True,True,True
7ZZW_KKW,1,7ZZW_KKW_A_609,3,0,29,29,True,True,C22H23ClN4OS,C22H23ClN4OS,True,True,0,0,29,29,53.37316315713671,False,True,True
7ZZW_KKW,2,7ZZW_KKW_C_608,3,0,29,29,True,True,C22H23ClN4OS,C22H23ClN4OS,True,True,0,0,29,29,47.830663227150715,False,True,True
8A1H_DLZ,0,8A1H_DLZ_A_602,1,0,23,23,True,True,C13H18N4O6,C13H18N4O6,True,True,0,0,23,23,0.0,True,True,True
8A2D_KXY,0,8A2D_KXY_A_1103,1,0,49,49,True,True,C37H37F2N7O2S,C37H37F2N7O2S,True,True,0,0,49,49,0.0,True,True,True
8AAU_LH0,0,8AAU_LH0_L_702,1,0,27,27,True,True,C17H14Cl2F2N4OS,C17H14Cl2F2N4OS,True,True,0,0,27,27,0.0,True,True,True
8ACL_LQL,0,8ACL_LQL_A_401,1,0,31,31,True,True,C22H20Cl2N4O2S,C22H20Cl2N4O2S,True,True,0,0,31,31,0.0,True,True,True
8AEM_LVF,0,8AEM_LVF_A_407,1,0,13,13,True,True,C10H7ClN2,C10H7ClN2,True,True,0,0,13,13,0.0,True,True,True
8AEU_M0L,0,8AEU_M0L_A_302,1,0,41,41,True,True,C31H30Cl2N4O4,C31H30Cl2N4O4,True,True,0,0,41,41,0.0,True,True,True
8AIE_M7L,0,8AIE_M7L_B_301,1,0,23,23,True,True,C11H16N3O8P,C11H16N3O8P,True,True,0,0,23,23,0.0,True,True,True
8AIJ_M9I,0,8AIJ_M9I_BBB_203,4,0,19,19,True,True,C13H17NO5,C13H17NO5,True,True,0,0,19,19,0.0,True,True,True
8AIJ_M9I,1,8AIJ_M9I_AAA_203,4,0,19,19,True,True,C13H17NO5,C13H17NO5,True,True,0,0,19,19,43.74147147394988,False,True,True
8AIJ_M9I,2,8AIJ_M9I_DDD_203,4,0,19,19,True,True,C13H17NO5,C13H17NO5,True,True,0,0,19,19,39.40115494482553,False,True,True
8AIJ_M9I,3,8AIJ_M9I_CCC_203,4,0,19,19,True,True,C13H17NO5,C13H17NO5,True,True,0,0,19,19,48.04253285996803,False,True,True
8AJX_FUM,0,8AJX_FUM_A_302,1,0,8,8,True,True,C4H4O4,C4H4O4,True,True,0,0,8,8,0.0,True,True,True
8AP0_PRP,0,8AP0_PRP_AAA_401,1,0,22,22,True,True,C5H13O14P3,C5H13O14P3,True,True,0,0,22,22,0.0,True,True,True
8AQL_PLG,0,8AQL_PLG_B_601,4,0,20,20,True,True,C10H15N2O7P,C10H15N2O7P,True,True,0,0,20,20,0.0,True,True,True
8AQL_PLG,1,8AQL_PLG_A_601,4,0,20,20,True,True,C10H15N2O7P,C10H15N2O7P,True,True,0,0,20,20,25.98171424839016,False,True,True
8AQL_PLG,2,8AQL_PLG_D_602,4,0,20,20,True,True,C10H15N2O7P,C10H15N2O7P,True,True,0,0,20,20,48.542444400261715,False,True,True
8AQL_PLG,3,8AQL_PLG_C_601,4,0,20,20,True,True,C10H15N2O7P,C10H15N2O7P,True,True,0,0,20,20,54.74281951712937,False,True,True
8AUH_L9I,0,8AUH_L9I_B_403,2,0,11,11,True,True,C6H9NO4,C6H9NO4,True,True,0,0,11,11,0.0,True,True,True
8AUH_L9I,1,8AUH_L9I_A_402,2,0,11,11,True,True,C6H9NO4,C6H9NO4,True,True,0,0,11,11,45.01568410689291,False,True,True
8AY3_OE3,0,8AY3_OE3_A_501,1,0,25,25,True,True,C19H20N2O3S,C19H20N2O3S,True,True,0,0,25,25,0.0,True,True,True
8B8H_OJQ,0,8B8H_OJQ_A_401,1,0,22,22,True,True,C11H15N3O7P+,C11H15N3O7P+,True,True,1,1,22,22,0.0,True,True,True
8BN6_R53,0,8BN6_R53_A_303,1,0,29,29,True,True,C18H16Cl2N4O4S,C18H16Cl2N4O4S,True,True,0,0,29,29,0.0,True,True,True
8BOM_QU6,0,8BOM_QU6_A_1001,1,0,35,35,True,True,C26H23N7O2,C26H23N7O2,True,True,0,0,35,35,0.0,True,True,True
8BPL_CP,0,8BPL_CP_A_2401,1,0,8,8,True,True,CH4NO5P,CH4NO5P,True,True,0,0,8,8,0.0,True,True,True
8BRO_R7E,0,8BRO_R7E_A_201,1,0,26,26,True,True,C18H22N2O6,C18H22N2O6,True,True,0,0,26,26,0.0,True,True,True
8BTI_RFO,0,8BTI_RFO_A_510,1,0,15,15,True,True,C11H10ClNO2,C11H10ClNO2,True,True,0,0,15,15,0.0,True,True,True
8C3N_ADP,0,8C3N_ADP_A_401,1,0,27,27,True,True,C10H15N5O10P2,C10H15N5O10P2,True,True,0,0,27,27,0.0,True,True,True
8C5D_GTB,0,8C5D_GTB_B_302,2,0,30,30,True,True,C17H22N4O8S,C17H22N4O8S,True,True,0,0,30,30,0.0,True,True,True
8C5D_GTB,1,8C5D_GTB_A_502,2,0,30,30,True,True,C17H22N4O8S,C17H22N4O8S,True,True,0,0,30,30,25.432695321857736,False,True,True
8C5M_MTA,0,8C5M_MTA_A_7216,1,0,20,20,True,True,C11H15N5O3S,C11H15N5O3S,True,True,0,0,20,20,0.0,True,True,True
8C7Y_TXV,0,8C7Y_TXV_B_803,2,0,34,34,True,True,C25H17ClF2N4O2,C25H17ClF2N4O2,True,True,0,0,34,34,0.0,True,True,True
8C7Y_TXV,1,8C7Y_TXV_A_819,2,0,34,34,True,True,C25H17ClF2N4O2,C25H17ClF2N4O2,True,True,0,0,34,34,26.32966606659113,False,True,True
8CGC_LMR,0,8CGC_LMR_A_1001,1,0,9,9,True,True,C4H6O5,C4H6O5,True,True,0,0,9,9,0.0,True,True,True
8CI0_8EL,0,8CI0_8EL_CCC_1002,1,0,26,26,True,True,C12H20N4O7P2S,C12H20N4O7P2S,True,True,0,0,26,26,0.0,True,True,True
8CNH_V6U,0,8CNH_V6U_A_501,1,0,25,25,True,True,C17H16ClN5O2,C17H16ClN5O2,True,True,0,0,25,25,0.0,True,True,True
8CSD_C5P,0,8CSD_C5P_B_501,2,0,21,21,True,True,C9H14N3O8P,C9H14N3O8P,True,True,0,0,21,21,0.0,True,True,True
8CSD_C5P,1,8CSD_C5P_A_501,2,0,21,21,True,True,C9H14N3O8P,C9H14N3O8P,True,True,0,0,21,21,57.216265423807755,False,True,True
8D19_GSH,0,8D19_GSH_A_501,2,0,20,20,True,True,C10H17N3O6S,C10H17N3O6S,True,True,0,0,20,20,0.0,True,True,True
8D19_GSH,1,8D19_GSH_B_501,2,0,20,20,True,True,C10H17N3O6S,C10H17N3O6S,True,True,0,0,20,20,38.7319797731474,False,True,True
8D39_QDB,0,8D39_QDB_A_501,1,0,17,17,True,True,C14H10O3,C14H10O3,True,True,0,0,17,17,0.0,True,True,True
8D5D_5DK,0,8D5D_5DK_B_505,2,0,27,27,True,True,C14H22N5O7P,C14H22N5O7P,True,True,0,0,27,27,0.0,True,True,True
8D5D_5DK,1,8D5D_5DK_A_505,2,0,27,27,True,True,C14H22N5O7P,C14H22N5O7P,True,True,0,0,27,27,31.702793822829562,False,True,True
8DHG_T78,0,8DHG_T78_A_403,1,0,35,35,True,True,C20H19ClF4N6O4,C20H19ClF4N6O4,True,True,0,0,35,35,0.0,True,True,True
8DKO_TFB,0,8DKO_TFB_A_2002,2,0,8,8,True,True,C5H8O3,C5H8O3,True,True,0,0,8,8,0.0,True,True,True
8DKO_TFB,1,8DKO_TFB_B_2002,2,0,8,8,True,True,C5H8O3,C5H8O3,True,True,0,0,8,8,27.091223891753664,False,True,True
8DP2_UMA,0,8DP2_UMA_A_501,1,0,49,49,True,True,C23H36N4O20P2,C23H36N4O20P2,True,True,0,0,49,49,0.0,True,True,True
8DSC_NCA,0,8DSC_NCA_A_1001,2,0,9,9,True,True,C6H6N2O,C6H6N2O,True,True,0,0,9,9,0.0,True,True,True
8DSC_NCA,1,8DSC_NCA_B_1101,2,0,9,9,True,True,C6H6N2O,C6H6N2O,True,True,0,0,9,9,37.69193144067302,False,True,True
8DW5_FQ7,0,8DW5_FQ7_A_201,1,0,18,18,True,True,C13H9Cl2NO2,C13H9Cl2NO2,True,True,0,0,18,18,0.0,True,True,True
8DZT_G4P,0,8DZT_G4P_A_204,2,0,36,36,True,True,C10H17N5O17P4,C10H17N5O17P4,True,True,0,0,36,36,0.0,True,True,True
8DZT_G4P,1,8DZT_G4P_B_204,2,0,36,36,True,True,C10H17N5O17P4,C10H17N5O17P4,True,False,0,0,36,36,40.989332059449126,False,True,True
8E77_ULP,0,8E77_ULP_A_401,1,0,55,55,True,True,C25H34N5O22P3,C25H34N5O22P3,True,True,0,0,55,55,0.0,True,True,True
8EAB_VN2,0,8EAB_VN2_B_302,1,0,49,49,True,True,C34H21F9N4O2,C34H21F9N4O2,True,True,0,0,49,49,0.0,True,True,True
8EAD_UY0,0,8EAD_UY0_A_202,1,0,38,38,True,True,C27H35ClN6O3S,C27H35ClN6O3S,True,True,0,0,38,38,0.0,True,True,True
8ERS_WQO,0,8ERS_WQO_A_201,1,0,23,23,True,True,C17H15NO5,C17H15NO5,True,True,0,0,23,23,0.0,True,True,True
8EX2_Q2Q,0,8EX2_Q2Q_A_901,1,0,26,26,True,True,C19H12F3N3O,C19H12F3N3O,True,True,0,0,26,26,0.0,True,True,True
8EXL_799,0,8EXL_799_A_1101,1,0,34,34,True,True,C24H28N8O2,C24H28N8O2,True,True,0,0,34,34,0.0,True,True,True
8EYE_X4I,0,8EYE_X4I_A_1106,1,0,33,33,True,True,C22H16F5N3O3,C22H16F5N3O3,True,True,0,0,33,33,0.0,True,True,True
8F4J_PHO,0,8F4J_PHO_D_402,4,0,64,64,True,True,C55H74N4O5,C55H74N4O5,True,True,0,0,64,64,0.0,True,True,True
8F4J_PHO,1,8F4J_PHO_d_401,4,0,64,64,True,True,C55H74N4O5,C55H74N4O5,True,True,0,0,64,64,87.01921381583765,False,True,True
8F4J_PHO,2,8F4J_PHO_a_609,4,0,64,64,True,True,C55H74N4O5,C55H74N4O5,True,True,0,0,64,64,72.2772325445407,False,True,True
8F4J_PHO,3,8F4J_PHO_A_608,4,0,64,64,True,True,C55H74N4O5,C55H74N4O5,True,True,0,0,64,64,27.70068329350381,False,True,True
8F8E_XJI,0,8F8E_XJI_A_1401,2,0,29,29,True,True,C19H14Cl2F2N4O2,C19H14Cl2F2N4O2,True,True,0,0,29,29,0.0,True,True,True
8F8E_XJI,1,8F8E_XJI_B_1401,2,0,29,29,True,True,C19H14Cl2F2N4O2,C19H14Cl2F2N4O2,True,True,0,0,29,29,43.44680794014529,False,True,True
8FAV_4Y5,0,8FAV_4Y5_B_602,2,0,33,33,True,True,C22H10ClF5N2O3,C22H10ClF5N2O3,True,True,0,0,33,33,0.0,True,True,True
8FAV_4Y5,1,8FAV_4Y5_A_602,2,0,33,33,True,True,C22H10ClF5N2O3,C22H10ClF5N2O3,True,True,0,0,33,33,70.38297495659761,False,True,True
8FLN_Y7W,0,8FLN_Y7W_A_701,1,0,34,34,True,True,C22H21F4N5O3,C22H21F4N5O3,True,True,0,0,34,34,0.0,True,True,True
8FLV_ZB9,0,8FLV_ZB9_A_701,1,0,29,29,True,True,C20H22Cl2N6O,C20H22Cl2N6O,True,True,0,0,29,29,0.0,True,True,True
8FO5_Y4U,0,8FO5_Y4U_A_301,2,0,17,17,True,True,C12H11NO3S,C12H11NO3S,True,True,0,0,17,17,0.0,True,True,True
8FO5_Y4U,1,8FO5_Y4U_C_301,2,0,17,17,True,True,C12H11NO3S,C12H11NO3S,True,True,0,0,17,17,72.89238138148367,False,True,True
8FV9_80J,0,8FV9_80J_AAA_603,2,0,29,29,True,True,C9H15FN3O13P3,C9H15FN3O13P3,True,True,0,0,29,29,0.0,True,True,True
8FV9_80J,1,8FV9_80J_BBB_801,2,0,29,29,True,True,C9H15FN3O13P3,C9H15FN3O13P3,True,False,0,0,29,29,26.27222246765606,False,True,True
8G0V_YHT,0,8G0V_YHT_B_704,3,0,26,26,True,True,C13H16N5O7P,C13H16N5O7P,True,True,0,0,26,26,0.0,True,True,True
8G0V_YHT,1,8G0V_YHT_A_702,3,0,26,26,True,True,C13H16N5O7P,C13H16N5O7P,True,True,0,0,26,26,65.20031440525712,False,True,True
8G0V_YHT,2,8G0V_YHT_C_701,3,0,26,26,True,True,C13H16N5O7P,C13H16N5O7P,True,False,0,0,26,26,65.15793614273075,False,True,True
8G43_ZU6,0,8G43_ZU6_A_1304,1,0,21,21,True,True,C14H15N3O4,C14H15N3O4,True,True,0,0,21,21,0.0,True,True,True
8G6P_API,0,8G6P_API_A_809,1,0,13,13,True,True,C7H14N2O4,C7H14N2O4,True,True,0,0,13,13,0.0,True,True,True
8GFD_ZHR,0,8GFD_ZHR_A_601,1,0,26,26,True,True,C18H23NO7,C18H23NO7,True,True,0,0,26,26,0.0,True,True,True
8H0M_2EH,0,8H0M_2EH_A_405,1,0,9,9,True,True,C8H18O,C8H18O,True,True,0,0,9,9,0.0,True,True,True
8HFN_XGC,0,8HFN_XGC_A_502,1,0,24,24,True,True,C15H17N3O4S2,C15H17N3O4S2,True,True,0,0,24,24,0.0,True,True,True
8HO0_3ZI,0,8HO0_3ZI_A_402,1,0,22,22,True,True,C16H16FN3O2,C16H16FN3O2,True,True,0,0,22,22,0.0,True,True,True
8SLG_G5A,0,8SLG_G5A_B_504,2,0,27,27,True,True,C12H17N7O7S,C12H17N7O7S,True,True,0,0,27,27,0.0,True,True,True
8SLG_G5A,1,8SLG_G5A_A_501,2,0,27,27,True,True,C12H17N7O7S,C12H17N7O7S,True,True,0,0,27,27,30.129880747115315,False,True,True
